time,company,recipient,status,subject,body,business_summary,error
2026-04-01 11:10:41,BR Artificial Grass Installation Los Angeles,brartificialgrass@gmail.com,发送失败,,,"artificial grass, artificial grass installation, and landscaping solutions","(535, b'5.7.8 Error: authentication failed: (reason unavailable)')"
2026-04-01 11:11:19,Artificial Grass Wholesalers,info@artificialgrasswholesalers.com,发送失败,,,artificial grass,"(535, b'5.7.8 Error: authentication failed: (reason unavailable)')"
2026-04-01 11:35:36,BR Artificial Grass Installation Los Angeles,brartificialgrass@gmail.com,发送成功,"Quick note on your artificial grass, artificial grass installation, and landscaping solutions","Hi BR Artificial Grass Installation Los Angeles team,

I noticed that BR Artificial Grass Installation Los Angeles is focused on artificial grass, artificial grass installation, and landscaping solutions. For companies in this line of business, keeping the offer reliable and competitive is often an important part of winning more projects and repeat customers.

At Chinee Artificial Grass, we have been working on premium artificial grass for every space, combining natural aesthetics with long-lasting performance. With our own production and support for customized solutions, we try to make cooperation practical, stable, and suitable for different market needs.

Looking at your business, I felt some of our recent work might be relevant to what you are doing now.

If you would like, I can share a few related cases for reference, and you can see whether any of them are useful for your market.

Best regards,
Chinee Artificial Grass
https://www.china-artificial-grass.com/","artificial grass, artificial grass installation, and landscaping solutions",
2026-04-01 11:36:07,Artificial Grass Wholesalers,info@artificialgrasswholesalers.com,发送成功,Quick note on your artificial grass,"Hi Artificial Grass Wholesalers team,

I noticed that Artificial Grass Wholesalers is focused on artificial grass. For companies in this line of business, keeping the offer reliable and competitive is often an important part of winning more projects and repeat customers.

At Chinee Artificial Grass, we have been working on premium artificial grass for every space, combining natural aesthetics with long-lasting performance. With our own production and support for customized solutions, we try to make cooperation practical, stable, and suitable for different market needs.

Looking at your business, I felt some of our recent work might be relevant to what you are doing now.

If you would like, I can share a few related cases for reference, and you can see whether any of them are useful for your market.

Best regards,
Chinee Artificial Grass
https://www.china-artificial-grass.com/",artificial grass,
2026-04-01 11:36:37,US Family Turf - Artificial Grass Installation,info@usfamilyturf.com,发送成功,"Quick note on your artificial grass, artificial grass installation, and contract projects","Hi US Family Turf - Artificial Grass Installation team,

I noticed that US Family Turf - Artificial Grass Installation is focused on artificial grass, artificial grass installation, and contract projects. For companies in this line of business, keeping the offer reliable and competitive is often an important part of winning more projects and repeat customers.

At Chinee Artificial Grass, we have been working on premium artificial grass for every space, combining natural aesthetics with long-lasting performance. With our own production and support for customized solutions, we try to make cooperation practical, stable, and suitable for different market needs.

Looking at your business, I felt some of our recent work might be relevant to what you are doing now.

If you would like, I can share a few related cases for reference, and you can see whether any of them are useful for your market.

Best regards,
Chinee Artificial Grass
https://www.china-artificial-grass.com/","artificial grass, artificial grass installation, and contract projects",
2026-04-01 11:37:08,Synthetic Grass Warehouse,info@sgwcorp.com,发送成功,"Quick note on your artificial grass, artificial grass supply, and artificial grass wholesale","Hi Synthetic Grass Warehouse team,

I noticed that Synthetic Grass Warehouse is focused on artificial grass, artificial grass supply, and artificial grass wholesale. For companies in this line of business, keeping the offer reliable and competitive is often an important part of winning more projects and repeat customers.

At Chinee Artificial Grass, we have been working on premium artificial grass for every space, combining natural aesthetics with long-lasting performance. With our own production and support for customized solutions, we try to make cooperation practical, stable, and suitable for different market needs.

Looking at your business, I felt some of our recent work might be relevant to what you are doing now.

If you would like, I can share a few related cases for reference, and you can see whether any of them are useful for your market.

Best regards,
Chinee Artificial Grass
https://www.china-artificial-grass.com/","artificial grass, artificial grass supply, and artificial grass wholesale",
2026-04-01 11:48:09,BR Artificial Grass Installation Los Angeles,brartificialgrass@gmail.com,发送成功,"Quick note on your artificial grass, artificial grass installation, and landscaping solutions","Hi BR Artificial Grass Installation Los Angeles team,

I noticed that BR Artificial Grass Installation Los Angeles is focused on artificial grass, artificial grass installation, and landscaping solutions. For companies in this line of business, keeping the offer reliable and competitive is often an important part of winning more projects and repeat customers.

At Chinee Artificial Grass, we have been working on premium artificial grass for every space, combining natural aesthetics with long-lasting performance. With our own production and support for customized solutions, we try to make cooperation practical, stable, and suitable for different market needs.

Looking at your business, I felt some of our recent work might be relevant to what you are doing now.

If you would like, I can share a few related cases for reference, and you can see whether any of them are useful for your market.

Best regards,
Chinee Artificial Grass
https://www.china-artificial-grass.com/","artificial grass, artificial grass installation, and landscaping solutions",
2026-04-01 11:48:40,Artificial Grass Wholesaler,info@artificialgrasswholesalers.com,发送成功,Quick note on your artificial grass,"Hi Artificial Grass Wholesaler team,

I noticed that Artificial Grass Wholesaler is focused on artificial grass. For companies in this line of business, keeping the offer reliable and competitive is often an important part of winning more projects and repeat customers.

At Chinee Artificial Grass, we have been working on premium artificial grass for every space, combining natural aesthetics with long-lasting performance. With our own production and support for customized solutions, we try to make cooperation practical, stable, and suitable for different market needs.

Looking at your business, I felt some of our recent work might be relevant to what you are doing now.

If you would like, I can share a few related cases for reference, and you can see whether any of them are useful for your market.

Best regards,
Chinee Artificial Grass
https://www.china-artificial-grass.com/",artificial grass,
2026-04-01 11:49:10,US Family Turf,info@usfamilyturf.com,发送成功,"Quick note on your artificial grass, artificial grass installation, and contract projects","Hi US Family Turf team,

I noticed that US Family Turf is focused on artificial grass, artificial grass installation, and contract projects. For companies in this line of business, keeping the offer reliable and competitive is often an important part of winning more projects and repeat customers.

At Chinee Artificial Grass, we have been working on premium artificial grass for every space, combining natural aesthetics with long-lasting performance. With our own production and support for customized solutions, we try to make cooperation practical, stable, and suitable for different market needs.

Looking at your business, I felt some of our recent work might be relevant to what you are doing now.

If you would like, I can share a few related cases for reference, and you can see whether any of them are useful for your market.

Best regards,
Chinee Artificial Grass
https://www.china-artificial-grass.com/","artificial grass, artificial grass installation, and contract projects",
2026-04-01 11:49:41,Synthetic Grass Warehouse,info@sgwcorp.com,发送成功,"Quick note on your artificial grass, artificial grass supply, and artificial grass wholesale","Hi Synthetic Grass Warehouse team,

I noticed that Synthetic Grass Warehouse is focused on artificial grass, artificial grass supply, and artificial grass wholesale. For companies in this line of business, keeping the offer reliable and competitive is often an important part of winning more projects and repeat customers.

At Chinee Artificial Grass, we have been working on premium artificial grass for every space, combining natural aesthetics with long-lasting performance. With our own production and support for customized solutions, we try to make cooperation practical, stable, and suitable for different market needs.

Looking at your business, I felt some of our recent work might be relevant to what you are doing now.

If you would like, I can share a few related cases for reference, and you can see whether any of them are useful for your market.

Best regards,
Chinee Artificial Grass
https://www.china-artificial-grass.com/","artificial grass, artificial grass supply, and artificial grass wholesale",
2026-04-01 11:50:12,We are building a new siteBlade by Blade,info@desertturf.us,发送成功,"Quick note on your artificial grass, artificial grass supply, and artificial grass wholesale","Hi We are building a new siteBlade by Blade team,

I noticed that We are building a new siteBlade by Blade is focused on artificial grass, artificial grass supply, and artificial grass wholesale. For companies in this line of business, keeping the offer reliable and competitive is often an important part of winning more projects and repeat customers.

At Chinee Artificial Grass, we have been working on premium artificial grass for every space, combining natural aesthetics with long-lasting performance. With our own production and support for customized solutions, we try to make cooperation practical, stable, and suitable for different market needs.

Looking at your business, I felt some of our recent work might be relevant to what you are doing now.

If you would like, I can share a few related cases for reference, and you can see whether any of them are useful for your market.

Best regards,
Chinee Artificial Grass
https://www.china-artificial-grass.com/","artificial grass, artificial grass supply, and artificial grass wholesale",
2026-04-01 11:50:43,"Expert Artificial Turf Installation in Los Angeles, CA",info@turfcityla.com,发送成功,"Quick note on your artificial grass, artificial grass installation, and contract projects","Hi Expert Artificial Turf Installation in Los Angeles, CA team,

I noticed that Expert Artificial Turf Installation in Los Angeles, CA is focused on artificial grass, artificial grass installation, and contract projects. For companies in this line of business, keeping the offer reliable and competitive is often an important part of winning more projects and repeat customers.

At Chinee Artificial Grass, we have been working on premium artificial grass for every space, combining natural aesthetics with long-lasting performance. With our own production and support for customized solutions, we try to make cooperation practical, stable, and suitable for different market needs.

Looking at your business, I felt some of our recent work might be relevant to what you are doing now.

If you would like, I can share a few related cases for reference, and you can see whether any of them are useful for your market.

Best regards,
Chinee Artificial Grass
https://www.china-artificial-grass.com/","artificial grass, artificial grass installation, and contract projects",
2026-04-01 11:51:13,Global Syn,info@globalsynturf.com,发送成功,Quick note on your artificial grass,"Hi Global Syn team,

I noticed that Global Syn is focused on artificial grass. For companies in this line of business, keeping the offer reliable and competitive is often an important part of winning more projects and repeat customers.

At Chinee Artificial Grass, we have been working on premium artificial grass for every space, combining natural aesthetics with long-lasting performance. With our own production and support for customized solutions, we try to make cooperation practical, stable, and suitable for different market needs.

Looking at your business, I felt some of our recent work might be relevant to what you are doing now.

If you would like, I can share a few related cases for reference, and you can see whether any of them are useful for your market.

Best regards,
Chinee Artificial Grass
https://www.china-artificial-grass.com/",artificial grass,
2026-04-01 11:51:44,CocoTurf,info@cocoturf.com,发送成功,Quick note on your artificial grass and landscaping solutions,"Hi CocoTurf team,

I noticed that CocoTurf is focused on artificial grass and landscaping solutions. For companies in this line of business, keeping the offer reliable and competitive is often an important part of winning more projects and repeat customers.

At Chinee Artificial Grass, we have been working on premium artificial grass for every space, combining natural aesthetics with long-lasting performance. With our own production and support for customized solutions, we try to make cooperation practical, stable, and suitable for different market needs.

Looking at your business, I felt some of our recent work might be relevant to what you are doing now.

If you would like, I can share a few related cases for reference, and you can see whether any of them are useful for your market.

Best regards,
Chinee Artificial Grass
https://www.china-artificial-grass.com/",artificial grass and landscaping solutions,
2026-04-01 11:52:15,Artificial Turf Direct,info@atdturf.com,发送成功,Quick note on your artificial grass,"Hi Artificial Turf Direct team,

I noticed that Artificial Turf Direct is focused on artificial grass. For companies in this line of business, keeping the offer reliable and competitive is often an important part of winning more projects and repeat customers.

At Chinee Artificial Grass, we have been working on premium artificial grass for every space, combining natural aesthetics with long-lasting performance. With our own production and support for customized solutions, we try to make cooperation practical, stable, and suitable for different market needs.

Looking at your business, I felt some of our recent work might be relevant to what you are doing now.

If you would like, I can share a few related cases for reference, and you can see whether any of them are useful for your market.

Best regards,
Chinee Artificial Grass
https://www.china-artificial-grass.com/",artificial grass,
2026-04-01 11:52:46,turfland,info@turfland.co,发送成功,Quick note on your artificial grass,"Hi turfland team,

I noticed that turfland is focused on artificial grass. For companies in this line of business, keeping the offer reliable and competitive is often an important part of winning more projects and repeat customers.

At Chinee Artificial Grass, we have been working on premium artificial grass for every space, combining natural aesthetics with long-lasting performance. With our own production and support for customized solutions, we try to make cooperation practical, stable, and suitable for different market needs.

Looking at your business, I felt some of our recent work might be relevant to what you are doing now.

If you would like, I can share a few related cases for reference, and you can see whether any of them are useful for your market.

Best regards,
Chinee Artificial Grass
https://www.china-artificial-grass.com/",artificial grass,
2026-04-01 11:53:17,Artificial Turf and Grass Installation Los Angeles,4522info@ecograssus.com,发送成功,"Quick note on your artificial grass, artificial grass installation, and landscaping solutions","Hi Artificial Turf and Grass Installation Los Angeles team,

I noticed that Artificial Turf and Grass Installation Los Angeles is focused on artificial grass, artificial grass installation, and landscaping solutions. For companies in this line of business, keeping the offer reliable and competitive is often an important part of winning more projects and repeat customers.

At Chinee Artificial Grass, we have been working on premium artificial grass for every space, combining natural aesthetics with long-lasting performance. With our own production and support for customized solutions, we try to make cooperation practical, stable, and suitable for different market needs.

Looking at your business, I felt some of our recent work might be relevant to what you are doing now.

If you would like, I can share a few related cases for reference, and you can see whether any of them are useful for your market.

Best regards,
Chinee Artificial Grass
https://www.china-artificial-grass.com/","artificial grass, artificial grass installation, and landscaping solutions",
2026-04-01 11:53:47,#1 Artificial Grass Installers,contact@theturfbros.com,发送成功,"Quick note on your artificial grass, artificial grass installation, and landscaping solutions","Hi #1 Artificial Grass Installers team,

I noticed that #1 Artificial Grass Installers is focused on artificial grass, artificial grass installation, and landscaping solutions. For companies in this line of business, keeping the offer reliable and competitive is often an important part of winning more projects and repeat customers.

At Chinee Artificial Grass, we have been working on premium artificial grass for every space, combining natural aesthetics with long-lasting performance. With our own production and support for customized solutions, we try to make cooperation practical, stable, and suitable for different market needs.

Looking at your business, I felt some of our recent work might be relevant to what you are doing now.

If you would like, I can share a few related cases for reference, and you can see whether any of them are useful for your market.

Best regards,
Chinee Artificial Grass
https://www.china-artificial-grass.com/","artificial grass, artificial grass installation, and landscaping solutions",
2026-04-01 11:54:18,SYNLawn Los Angeles,synlawn-humane-society-of-st-lucie-county-synlawn-artificial-grass@-1024x421.jpg,发送失败,,,"artificial grass, artificial grass installation, and contract projects","{'synlawn-humane-society-of-st-lucie-county-synlawn-artificial-grass@-1024x421.jpg': (501, b'5.1.3 Bad recipient address syntax')}"
2026-04-01 11:54:49,Irrigation Express,yosef@irrigationexpress.com,发送成功,"Quick note on your artificial grass, artificial grass supply, and artificial grass wholesale","Hi Irrigation Express team,

I noticed that Irrigation Express is focused on artificial grass, artificial grass supply, and artificial grass wholesale. For companies in this line of business, keeping the offer reliable and competitive is often an important part of winning more projects and repeat customers.

At Chinee Artificial Grass, we have been working on premium artificial grass for every space, combining natural aesthetics with long-lasting performance. With our own production and support for customized solutions, we try to make cooperation practical, stable, and suitable for different market needs.

Looking at your business, I felt some of our recent work might be relevant to what you are doing now.

If you would like, I can share a few related cases for reference, and you can see whether any of them are useful for your market.

Best regards,
Chinee Artificial Grass
https://www.china-artificial-grass.com/","artificial grass, artificial grass supply, and artificial grass wholesale",
2026-04-01 11:55:20,The Synthetic Grass Store,ca@syntheticgrassstore.com,发送成功,"Quick note on your artificial grass, artificial grass supply, and artificial grass wholesale","Hi The Synthetic Grass Store team,

I noticed that The Synthetic Grass Store is focused on artificial grass, artificial grass supply, and artificial grass wholesale. For companies in this line of business, keeping the offer reliable and competitive is often an important part of winning more projects and repeat customers.

At Chinee Artificial Grass, we have been working on premium artificial grass for every space, combining natural aesthetics with long-lasting performance. With our own production and support for customized solutions, we try to make cooperation practical, stable, and suitable for different market needs.

Looking at your business, I felt some of our recent work might be relevant to what you are doing now.

If you would like, I can share a few related cases for reference, and you can see whether any of them are useful for your market.

Best regards,
Chinee Artificial Grass
https://www.china-artificial-grass.com/","artificial grass, artificial grass supply, and artificial grass wholesale",
2026-04-01 11:55:50,"Trusted Landscaping Service in Santa Clarita, CA",gusgonzalez@almagardening.com,发送成功,"Quick note on your artificial grass, artificial grass installation, and artificial grass supply","Hi Trusted Landscaping Service in Santa Clarita, CA team,

I noticed that Trusted Landscaping Service in Santa Clarita, CA is focused on artificial grass, artificial grass installation, and artificial grass supply. For companies in this line of business, keeping the offer reliable and competitive is often an important part of winning more projects and repeat customers.

At Chinee Artificial Grass, we have been working on premium artificial grass for every space, combining natural aesthetics with long-lasting performance. With our own production and support for customized solutions, we try to make cooperation practical, stable, and suitable for different market needs.

Looking at your business, I felt some of our recent work might be relevant to what you are doing now.

If you would like, I can share a few related cases for reference, and you can see whether any of them are useful for your market.

Best regards,
Chinee Artificial Grass
https://www.china-artificial-grass.com/","artificial grass, artificial grass installation, and artificial grass supply",
2026-04-01 11:56:21,SGS Synthetic Grass Superstore,info@sgsturf.com,发送成功,"Quick note on your artificial grass, artificial grass installation, and artificial grass supply","Hi SGS Synthetic Grass Superstore team,

I noticed that SGS Synthetic Grass Superstore is focused on artificial grass, artificial grass installation, and artificial grass supply. For companies in this line of business, keeping the offer reliable and competitive is often an important part of winning more projects and repeat customers.

At Chinee Artificial Grass, we have been working on premium artificial grass for every space, combining natural aesthetics with long-lasting performance. With our own production and support for customized solutions, we try to make cooperation practical, stable, and suitable for different market needs.

Looking at your business, I felt some of our recent work might be relevant to what you are doing now.

If you would like, I can share a few related cases for reference, and you can see whether any of them are useful for your market.

Best regards,
Chinee Artificial Grass
https://www.china-artificial-grass.com/","artificial grass, artificial grass installation, and artificial grass supply",
2026-04-01 11:56:52,Artificial Turf Supply,social@artificialturfsupply.com,发送成功,Quick note on your artificial grass and artificial grass supply,"Hi Artificial Turf Supply team,

I noticed that Artificial Turf Supply is focused on artificial grass and artificial grass supply. For companies in this line of business, keeping the offer reliable and competitive is often an important part of winning more projects and repeat customers.

At Chinee Artificial Grass, we have been working on premium artificial grass for every space, combining natural aesthetics with long-lasting performance. With our own production and support for customized solutions, we try to make cooperation practical, stable, and suitable for different market needs.

Looking at your business, I felt some of our recent work might be relevant to what you are doing now.

If you would like, I can share a few related cases for reference, and you can see whether any of them are useful for your market.

Best regards,
Chinee Artificial Grass
https://www.china-artificial-grass.com/",artificial grass and artificial grass supply,
2026-04-01 11:57:23,Grizzly Outdoor,info@grizzlyoutdoor.commain,发送成功,Quick note on your artificial grass,"Hi Grizzly Outdoor team,

I noticed that Grizzly Outdoor is focused on artificial grass. For companies in this line of business, keeping the offer reliable and competitive is often an important part of winning more projects and repeat customers.

At Chinee Artificial Grass, we have been working on premium artificial grass for every space, combining natural aesthetics with long-lasting performance. With our own production and support for customized solutions, we try to make cooperation practical, stable, and suitable for different market needs.

Looking at your business, I felt some of our recent work might be relevant to what you are doing now.

If you would like, I can share a few related cases for reference, and you can see whether any of them are useful for your market.

Best regards,
Chinee Artificial Grass
https://www.china-artificial-grass.com/",artificial grass,
2026-04-01 11:57:53,FLORA CLAY,info@floraclay.com,发送成功,"Quick note on your artificial grass, artificial grass installation, and artificial grass supply","Hi FLORA CLAY team,

I noticed that FLORA CLAY is focused on artificial grass, artificial grass installation, and artificial grass supply. For companies in this line of business, keeping the offer reliable and competitive is often an important part of winning more projects and repeat customers.

At Chinee Artificial Grass, we have been working on premium artificial grass for every space, combining natural aesthetics with long-lasting performance. With our own production and support for customized solutions, we try to make cooperation practical, stable, and suitable for different market needs.

Looking at your business, I felt some of our recent work might be relevant to what you are doing now.

If you would like, I can share a few related cases for reference, and you can see whether any of them are useful for your market.

Best regards,
Chinee Artificial Grass
https://www.china-artificial-grass.com/","artificial grass, artificial grass installation, and artificial grass supply",
2026-04-01 11:58:24,earthdesignca,info@earthdesignturf.com,发送成功,"Quick note on your artificial grass, artificial grass installation, and contract projects","Hi earthdesignca team,

I noticed that earthdesignca is focused on artificial grass, artificial grass installation, and contract projects. For companies in this line of business, keeping the offer reliable and competitive is often an important part of winning more projects and repeat customers.

At Chinee Artificial Grass, we have been working on premium artificial grass for every space, combining natural aesthetics with long-lasting performance. With our own production and support for customized solutions, we try to make cooperation practical, stable, and suitable for different market needs.

Looking at your business, I felt some of our recent work might be relevant to what you are doing now.

If you would like, I can share a few related cases for reference, and you can see whether any of them are useful for your market.

Best regards,
Chinee Artificial Grass
https://www.china-artificial-grass.com/","artificial grass, artificial grass installation, and contract projects",
2026-04-01 11:58:55,Buildcal.com,arin@buildcal.com,发送成功,"Quick note on your artificial grass, artificial grass installation, and artificial grass supply","Hi Buildcal.com team,

I noticed that Buildcal.com is focused on artificial grass, artificial grass installation, and artificial grass supply. For companies in this line of business, keeping the offer reliable and competitive is often an important part of winning more projects and repeat customers.

At Chinee Artificial Grass, we have been working on premium artificial grass for every space, combining natural aesthetics with long-lasting performance. With our own production and support for customized solutions, we try to make cooperation practical, stable, and suitable for different market needs.

Looking at your business, I felt some of our recent work might be relevant to what you are doing now.

If you would like, I can share a few related cases for reference, and you can see whether any of them are useful for your market.

Best regards,
Chinee Artificial Grass
https://www.china-artificial-grass.com/","artificial grass, artificial grass installation, and artificial grass supply",
2026-04-01 11:59:26,Rainforest LA,rainforestla@gmail.com,发送成功,"Quick note on your artificial grass, artificial grass installation, and artificial grass supply","Hi Rainforest LA team,

I noticed that Rainforest LA is focused on artificial grass, artificial grass installation, and artificial grass supply. For companies in this line of business, keeping the offer reliable and competitive is often an important part of winning more projects and repeat customers.

At Chinee Artificial Grass, we have been working on premium artificial grass for every space, combining natural aesthetics with long-lasting performance. With our own production and support for customized solutions, we try to make cooperation practical, stable, and suitable for different market needs.

Looking at your business, I felt some of our recent work might be relevant to what you are doing now.

If you would like, I can share a few related cases for reference, and you can see whether any of them are useful for your market.

Best regards,
Chinee Artificial Grass
https://www.china-artificial-grass.com/","artificial grass, artificial grass installation, and artificial grass supply",
2026-04-01 11:59:56,Flores Artscape,info@floresartscape.com,发送成功,Quick note on your artificial grass and landscaping solutions,"Hi Flores Artscape team,

I noticed that Flores Artscape is focused on artificial grass and landscaping solutions. For companies in this line of business, keeping the offer reliable and competitive is often an important part of winning more projects and repeat customers.

At Chinee Artificial Grass, we have been working on premium artificial grass for every space, combining natural aesthetics with long-lasting performance. With our own production and support for customized solutions, we try to make cooperation practical, stable, and suitable for different market needs.

Looking at your business, I felt some of our recent work might be relevant to what you are doing now.

If you would like, I can share a few related cases for reference, and you can see whether any of them are useful for your market.

Best regards,
Chinee Artificial Grass
https://www.china-artificial-grass.com/",artificial grass and landscaping solutions,
2026-04-01 12:00:27,Smart Grass USA,info@smartgrassusa.com,发送成功,"Quick note on your artificial grass, artificial grass installation, and contract projects","Hi Smart Grass USA team,

I noticed that Smart Grass USA is focused on artificial grass, artificial grass installation, and contract projects. For companies in this line of business, keeping the offer reliable and competitive is often an important part of winning more projects and repeat customers.

At Chinee Artificial Grass, we have been working on premium artificial grass for every space, combining natural aesthetics with long-lasting performance. With our own production and support for customized solutions, we try to make cooperation practical, stable, and suitable for different market needs.

Looking at your business, I felt some of our recent work might be relevant to what you are doing now.

If you would like, I can share a few related cases for reference, and you can see whether any of them are useful for your market.

Best regards,
Chinee Artificial Grass
https://www.china-artificial-grass.com/","artificial grass, artificial grass installation, and contract projects",
2026-04-01 17:06:02,BR Artificial Grass Installation Los Angeles,fuyuehong21@gmail.com,发送成功,"Quick note on your artificial grass, artificial grass installation, and landscaping solutions","Hi BR Artificial Grass Installation Los Angeles team,

I noticed that BR Artificial Grass Installation Los Angeles is involved in artificial grass, artificial grass installation, and landscaping solutions. It seems you have a clear focus on your business, and I wanted to reach out in a simple way.

I am writing from Chinee Artificial Grass. We work with international partners in a practical and consistent way, with attention to clear communication and long-term cooperation. If helpful, you can also take a quick look at our website here: https://www.china-artificial-grass.com/

I thought it could still make sense to introduce ourselves in case there is ever a reason to connect in the future.

Best regards,
Chinee Artificial Grass
https://www.china-artificial-grass.com/","artificial grass, artificial grass installation, and landscaping solutions",
2026-04-01 17:16:28,FYH Artificial Grass Installation Los Angeles,fuyuehong2024@163.com,发送成功,Quick note on your ：landscapingartificial grassinstallationservices and artificial grass,"Hi FYH Artificial Grass Installation Los Angeles team,

I noticed that FYH Artificial Grass Installation Los Angeles is involved in ：landscapingartificial grassinstallationservices and artificial grass. It seems you have a clear focus on your business, and I wanted to reach out in a simple way.

I am writing from Chinee Artificial Grass. We work with international partners in a practical and consistent way, with attention to clear communication and long-term cooperation. If helpful, you can also take a quick look at our website here: https://www.china-artificial-grass.com/

I thought it could still make sense to introduce ourselves in case there is ever a reason to connect in the future.

Best regards,
Chinee Artificial Grass
https://www.china-artificial-grass.com/",：landscapingartificial grassinstallationservices and artificial grass,
2026-04-01 17:24:13,傅月虹 <fuyuehong2024@163.com>,fuyuehong2024@163.com,自动回复成功,Re: Quick note on your ：landscapingartificial grassinstallationservices and artificial grass,"Dear 傅月虹,

Thank you for your message. I appreciate your interest in getting to know us better. Please feel free to share any specific questions or topics you would like to discuss.

Best regards,
Chinee Artificial Grass
https://www.china-artificial-grass.com/",auto reply,
2026-04-01 17:24:14,傅月虹 <fuyuehong2024@163.com>,fuyuehong2024@163.com,自动回复成功,Re: Quick note on your ：landscapingartificial grassinstallationservices and artificial grass,"Dear 傅月虹,

Thank you for your message. I appreciate your interest in getting to know us better. Please feel free to share any specific questions or topics you would like to discuss.

Best regards,
Chinee Artificial Grass
https://www.china-artificial-grass.com/",auto reply,
2026-04-01 17:24:14,傅月虹 <fuyuehong2024@163.com>,fuyuehong2024@163.com,自动回复成功,Re: Quick note on your ：landscapingartificial grassinstallationservices and artificial grass,"Dear 傅月虹,

Thank you for your message. I appreciate your interest in getting to know us better. Please feel free to share any specific questions or topics you would like to discuss.

Best regards,
Chinee Artificial Grass
https://www.china-artificial-grass.com/",auto reply,
2026-04-01 17:24:15,邮件中心 <MAILER-DAEMON@xinnet.com>,mailer-daemon@xinnet.com,自动回复成功,Re: 投递失败,"Hello,

Thank you for your message. It seems there was an issue with the email delivery to the intended recipient. Please verify the email address and try sending it again.

Best regards,

Chinee Artificial Grass
https://www.china-artificial-grass.com/",auto reply,
2026-04-01 17:24:17,邮件中心 <MAILER-DAEMON@xinnet.com>,mailer-daemon@xinnet.com,自动回复成功,Re: 投递失败,"Dear Customer,

Thank you for your message. It appears that there was an issue with the email address you provided. Please double-check the recipient's address for any errors and try resending your email.

If you need further assistance, feel free to reach out.

Best regards,

Chinee Artificial Grass  
https://www.china-artificial-grass.com/",auto reply,
2026-04-01 17:24:18,邮件中心 <MAILER-DAEMON@xinnet.com>,mailer-daemon@xinnet.com,自动回复成功,Re: 投递失败,"Dear Sir/Madam,

Thank you for your message. It appears that the email address you provided for Grizzly Outdoor may have a typo. Please double-check the address and try sending your email again.

If you need any further assistance, feel free to reach out.

Best regards,

Chinee Artificial Grass
https://www.china-artificial-grass.com/",auto reply,
2026-04-01 17:24:18,MAILER-DAEMON@hw107-110.mailset.cn,mailer-daemon@hw107-110.mailset.cn,自动回复成功,Re: failure notice,"Dear Chinee Artificial Grass Team,

Thank you for your email and for sharing your insights about artificial grass and landscaping solutions. We appreciate your offer to share relevant case studies, and we would be interested in reviewing them.

Best regards,

Artificial Turf and Grass Installation Los Angeles",auto reply,
2026-04-01 17:24:21,MAILER-DAEMON@hw107-110.mailset.cn,mailer-daemon@hw107-110.mailset.cn,自动回复成功,Re: failure notice,"Hello,

Thank you for your message. We appreciate your interest in our artificial grass solutions. If you have specific inquiries or would like to discuss potential collaboration, please let us know.

Best regards,
Chinee Artificial Grass
https://www.china-artificial-grass.com/",auto reply,
2026-04-01 17:24:21,MAILER-DAEMON@hw107-110.mailset.cn,mailer-daemon@hw107-110.mailset.cn,自动回复成功,Re: failure notice,"Dear Chinee Artificial Grass Team,

Thank you for reaching out and sharing your insights about artificial grass solutions. We appreciate your offer to share relevant cases, and we would be interested in reviewing them.

Best regards,
Artificial Turf and Grass Installation Los Angeles",auto reply,
2026-04-01 17:24:23,postmaster@tencategrass.onmicrosoft.com,postmaster@tencategrass.onmicrosoft.com,自动回复成功,"Re: Undeliverable: Quick note on your artificial grass, artificial grass supply, and artificial grass wholesale","Dear [Customer Name],

Thank you for your message. It seems there was an issue with the email delivery to the intended recipient. If you need assistance or have any questions regarding our artificial grass products, please feel free to reach out.

Best regards,

Chinee Artificial Grass  
https://www.china-artificial-grass.com/",auto reply,
2026-04-01 17:24:25,postmaster@tencategrass.onmicrosoft.com,postmaster@tencategrass.onmicrosoft.com,自动回复成功,"Re: Undeliverable: Quick note on your artificial grass, artificial grass supply, and artificial grass wholesale","Dear Sir/Madam,

Thank you for your message. It seems there was an issue with the delivery of your previous email. If you have any inquiries regarding our artificial grass products, please feel free to reach out.

Best regards,

Chinee Artificial Grass
https://www.china-artificial-grass.com/",auto reply,
2026-04-01 17:24:27,postmaster@tencategrass.onmicrosoft.com,postmaster@tencategrass.onmicrosoft.com,自动回复成功,"Re: Undeliverable: Quick note on your artificial grass, artificial grass supply, and artificial grass wholesale","Dear Sir/Madam,

Thank you for your email. It seems there was an issue with the delivery of your previous message. If you have any specific inquiries regarding our artificial grass products or services, please feel free to reach out.

Best regards,

Chinee Artificial Grass
https://www.china-artificial-grass.com/",auto reply,
2026-04-01 17:24:27,Zaid Abdulaziz COMEX INTL <no-reply@comex-internationals.com>,no-reply@comex-internationals.com,自动回复成功,Re: New market vendor for EMEA,"Dear Zaid Abdulaziz,

Thank you for reaching out to us regarding potential collaboration in the EMEA market. We look forward to discussing how we can work together.

Best regards,

Chinee Artificial Grass
https://www.china-artificial-grass.com/",auto reply,
2026-04-01 17:24:31,Zaid Abdulaziz COMEX INTL <no-reply@comex-internationals.com>,no-reply@comex-internationals.com,自动回复成功,Re: New market vendor for EMEA,"Dear Zaid Abdulaziz,

Thank you for reaching out. We would be happy to discuss potential collaboration opportunities in the EMEA market. Please let us know how we can assist you further.

Best regards,

Chinee Artificial Grass
https://www.china-artificial-grass.com/",auto reply,
2026-04-01 17:24:31,Zaid Abdulaziz COMEX INTL <no-reply@comex-internationals.com>,no-reply@comex-internationals.com,自动回复成功,Re: New market vendor for EMEA,"Dear Mr. Abdulaziz,

Thank you for reaching out. We would be happy to discuss potential collaboration opportunities in the EMEA market. Please let us know how we can assist you further.

Best regards,

Chinee Artificial Grass
https://www.china-artificial-grass.com/",auto reply,
2026-04-01 17:24:34,Mayank Bhura <mayankbhura49@gmail.com>,mayankbhura49@gmail.com,自动回复成功,Re: Request for Quotation for Artificial Grass,"Dear Mr. Bhura,

Thank you for your inquiry regarding our artificial grass products. We appreciate your interest in establishing a long-term business relationship with us.

Please find attached our quotation, which includes the specifications, roll sizes, pricing per square meter, minimum order quantity, and quality options available.

Should you have any further questions or need additional information, feel free to reach out.

Best regards,

Chinee Artificial Grass
https://www.china-artificial-grass.com/",auto reply,
2026-04-01 17:24:35,Mayank Bhura <mayankbhura49@gmail.com>,mayankbhura49@gmail.com,自动回复成功,Re: Request for Quotation for Artificial Grass,"Dear Mr. Bhura,

Thank you for your inquiry regarding our artificial grass products. We appreciate your interest in establishing a long-term business relationship with us.

Please find attached our quotation, which includes the specifications, roll sizes, pricing per square meter, minimum order quantity, and available quality options.

Should you have any further questions or require additional information, please feel free to reach out.

Best regards,

Chinee Artificial Grass
https://www.china-artificial-grass.com/",auto reply,
2026-04-01 17:24:36,Mayank Bhura <mayankbhura49@gmail.com>,mayankbhura49@gmail.com,自动回复成功,Re: Request for Quotation for Artificial Grass,"Dear Mr. Bhura,

Thank you for your inquiry regarding our artificial grass products. We appreciate your interest in establishing a long-term business relationship.

Please find attached our quotation, which includes the specifications, roll sizes, pricing per square meter, minimum order quantity, and available quality options.

If you have any further questions or need additional information, feel free to reach out.

Best regards,

Chinee Artificial Grass
https://www.china-artificial-grass.com/",auto reply,
2026-04-01 17:24:37,Edna Garrett <EdnaGarrett618@hotmail.com>,ednagarrett618@hotmail.com,自动回复成功,Re: Transform Your Website Affordably !!,"Hi Edna,

Thank you for reaching out. We appreciate your interest in discussing our website. However, we are currently focused on our core business of artificial grass products. If you have any specific inquiries related to our offerings, please let me know.

Best regards,

Chinee Artificial Grass
https://www.china-artificial-grass.com/",auto reply,
2026-04-01 17:24:38,Edna Garrett <EdnaGarrett618@hotmail.com>,ednagarrett618@hotmail.com,自动回复成功,Re: Transform Your Website Affordably !!,"Hi Edna,

Thank you for reaching out. We appreciate your insights on website redesign. At this moment, we are focused on our current projects and do not have plans for a redesign. However, we will keep your information on file for future reference.

Best regards,

Chinee Artificial Grass
https://www.china-artificial-grass.com/",auto reply,
2026-04-01 17:24:39,Edna Garrett <EdnaGarrett618@hotmail.com>,ednagarrett618@hotmail.com,自动回复成功,Re: Transform Your Website Affordably !!,"Hi Edna,

Thank you for reaching out. We appreciate your offer regarding website redesign. At this time, we are focusing on our core business activities. However, we will keep your information on file for future reference.

Best regards,

Chinee Artificial Grass  
https://www.china-artificial-grass.com/",auto reply,
2026-04-01 17:24:39,Google <no-reply@accounts.google.com>,no-reply@accounts.google.com,自动回复成功,Re: Sign in to your Google Account,"Hello,

Thank you for your message. If you have any inquiries regarding our products or services, please feel free to reach out.

Best regards,

Chinee Artificial Grass
https://www.china-artificial-grass.com/",auto reply,
2026-04-01 17:24:41,Google <no-reply@accounts.google.com>,no-reply@accounts.google.com,自动回复成功,Re: Sign in to your Google Account,"Hello,

Thank you for your message. If you have any inquiries or need assistance, please feel free to reach out.

Best regards,

Chinee Artificial Grass
https://www.china-artificial-grass.com/",auto reply,
2026-04-01 17:24:42,Google <no-reply@accounts.google.com>,no-reply@accounts.google.com,自动回复成功,Re: Sign in to your Google Account,"Thank you for your message. If you have any inquiries regarding our products or services, please feel free to reach out.

Best regards,
Chinee Artificial Grass
https://www.china-artificial-grass.com/",auto reply,
2026-04-01 17:24:43,Verônica Escobar | LATAM Ventas <brasatrade.comercial.usa@outlook.com>,brasatrade.comercial.usa@outlook.com,自动回复成功,"Re: Consulta sobre produtos, preços e termos de exportação – Brasa Trade.","Dear Verônica Escobar,

Thank you for your inquiry regarding our products, pricing, and export terms. I have attached the price quote for your review. Additionally, if you need more detailed information about our product range, please let me know, and I can send you our catalog as well.

Best regards,

[Your Name]  
Chinee Artificial Grass  
https://www.china-artificial-grass.com/",auto reply,
2026-04-01 17:24:45,Verônica Escobar | LATAM Ventas <brasatrade.comercial.usa@outlook.com>,brasatrade.comercial.usa@outlook.com,自动回复成功,"Re: Consulta sobre produtos, preços e termos de exportação – Brasa Trade.","Dear Verônica,

Thank you for reaching out to us regarding our products, pricing, and export terms. I have attached the quote for your review.

If you need further details or have any specific questions, please feel free to ask.

Best regards,

Chinee Artificial Grass
https://www.china-artificial-grass.com/",auto reply,
2026-04-01 17:24:45,Verônica Escobar | LATAM Ventas <brasatrade.comercial.usa@outlook.com>,brasatrade.comercial.usa@outlook.com,自动回复成功,"Re: Consulta sobre produtos, preços e termos de exportação – Brasa Trade.","Dear Verônica Escobar,

Thank you for your inquiry regarding our products, pricing, and export terms. I have attached a quote for your review. Additionally, if you need further details or a catalog, please let me know.

Best regards,

Chinee Artificial Grass  
https://www.china-artificial-grass.com/",auto reply,
2026-04-01 17:24:46,Action for Sustainability <info@jcom.home.ne.jp>,info@jcom.home.ne.jp,自动回复成功,Re: Join Us in London: 2025 UN Global Conference on Sustainable Summit!!  222,"Dear Action for Sustainability,

Thank you for reaching out. We appreciate your interest in sustainable initiatives. If you have any specific inquiries or require information about our products, please let us know.

Best regards,

Chinee Artificial Grass  
https://www.china-artificial-grass.com/",auto reply,
2026-04-01 17:24:48,Action for Sustainability <info@jcom.home.ne.jp>,info@jcom.home.ne.jp,自动回复成功,Re: Join Us in London: 2025 UN Global Conference on Sustainable Summit!!  222,"Dear Action for Sustainability,

Thank you for reaching out. We appreciate your interest in the 2025 UN Global Conference on Sustainable Summit. If you have any specific inquiries or topics you would like to discuss, please feel free to let us know.

Best regards,

Chinee Artificial Grass
https://www.china-artificial-grass.com/",auto reply,
2026-04-01 17:24:48,Action for Sustainability <info@jcom.home.ne.jp>,info@jcom.home.ne.jp,自动回复成功,Re: Join Us in London: 2025 UN Global Conference on Sustainable Summit!!  222,"Dear Action for Sustainability,

Thank you for reaching out. We appreciate your interest and look forward to potential collaboration opportunities.

Best regards,

Chinee Artificial Grass  
https://www.china-artificial-grass.com/",auto reply,
2026-04-01 17:24:49,St Mer <s.merilyn_kze@hugemount.cc>,s.merilyn_kze@hugemount.cc,自动回复成功,Re: QUALCOMM SNAPDRAGON Requesthoxg New Productemti,"Dear St Mer,

Thank you for reaching out. Could you please provide more details about your request regarding the Qualcomm Snapdragon product? This will help us assist you better.

Best regards,

Chinee Artificial Grass
https://www.china-artificial-grass.com/",auto reply,
2026-04-01 17:24:50,St Mer <s.merilyn_kze@hugemount.cc>,s.merilyn_kze@hugemount.cc,自动回复成功,Re: QUALCOMM SNAPDRAGON Requesthoxg New Productemti,"Dear St Mer,

Thank you for reaching out. How can I assist you today regarding the Qualcomm Snapdragon or any new products?

Best regards,

Chinee Artificial Grass
https://www.china-artificial-grass.com/",auto reply,
2026-04-01 17:24:50,St Mer <s.merilyn_kze@hugemount.cc>,s.merilyn_kze@hugemount.cc,自动回复成功,Re: QUALCOMM SNAPDRAGON Requesthoxg New Productemti,"Dear St Mer,

Thank you for reaching out. Could you please provide more details about your specific request regarding the Qualcomm Snapdragon? This will help us assist you better.

Best regards,

Chinee Artificial Grass  
https://www.china-artificial-grass.com/",auto reply,
2026-04-01 17:24:53,anushka pal <anushkapalseoservice8081@outlook.com>,anushkapalseoservice8081@outlook.com,自动回复成功,Re: SEO Audit Report |||,"Hello Anushka,

Thank you for reaching out. We appreciate your interest in supporting our growth. Please feel free to send over your proposal.

Best regards,

Chinee Artificial Grass
https://www.china-artificial-grass.com/",auto reply,
2026-04-01 17:24:53,anushka pal <anushkapalseoservice8081@outlook.com>,anushkapalseoservice8081@outlook.com,自动回复成功,Re: SEO Audit Report |||,"Hello Anushka,

Thank you for reaching out. We appreciate your interest in supporting our growth. Please feel free to send over your proposal.

Best regards,

Chinee Artificial Grass
https://www.china-artificial-grass.com/",auto reply,
2026-04-01 17:24:54,anushka pal <anushkapalseoservice8081@outlook.com>,anushkapalseoservice8081@outlook.com,自动回复成功,Re: SEO Audit Report |||,"Dear Anushka,

Thank you for reaching out. We appreciate your interest in supporting our growth. Please feel free to send over your proposal.

Best regards,

Chinee Artificial Grass
https://www.china-artificial-grass.com/",auto reply,
2026-04-01 17:24:55,Doona Lee <doonalee022@gmail.com>,doonalee022@gmail.com,自动回复成功,Re: `,"Dear Doona,

Thank you for reaching out. We appreciate your interest in our company. If you have any specific questions or need assistance regarding our products, please let us know.

Best regards,

Chinee Artificial Grass  
https://www.china-artificial-grass.com/",auto reply,
2026-04-01 17:24:57,Doona Lee <doonalee022@gmail.com>,doonalee022@gmail.com,自动回复成功,Re: `,"Dear Doona,

Thank you for reaching out. We appreciate your insights regarding AI platforms. If you have any specific inquiries about our products or services, please feel free to ask.

Best regards,

Chinee Artificial Grass  
https://www.china-artificial-grass.com/",auto reply,
2026-04-01 17:25:01,Michele Wang <jsc@crrctausa.com>,jsc@crrctausa.com,自动回复成功,Re: Item Inquiry,"Dear Mrs. Wang,

Thank you for your interest in our products. I have attached our catalog along with the price list for your review.

Please feel free to reach out if you have any further questions.

Best regards,

Chinee Artificial Grass  
https://www.china-artificial-grass.com/",auto reply,
2026-04-01 17:25:03,Doona Lee <doonalee022@gmail.com>,doonalee022@gmail.com,自动回复成功,Re: `,"Dear Doona,

Thank you for reaching out. We appreciate your message. If you have any specific inquiries regarding our products or services, please let us know.

Best regards,

Chinee Artificial Grass  
https://www.china-artificial-grass.com/",auto reply,
2026-04-01 17:25:04,Michele Wang <jsc@crrctausa.com>,jsc@crrctausa.com,自动回复成功,Re: Item Inquiry,"Dear Mrs. Wang,

Thank you for your interest in our products. I have attached our catalog along with the price list for your review.

Please feel free to reach out if you have any further questions.

Best regards,

Chinee Artificial Grass
https://www.china-artificial-grass.com/",auto reply,
2026-04-01 17:25:04,Ellena Lee <fst@crrctausa.com>,fst@crrctausa.com,自动回复成功,Re: 关于2024年8-9月订单的预计离港/到港时间（ETD/ETA）确认,"Dear Ellena,

Thank you for your email and for sharing the purchase orders. We will review the details and provide you with the estimated departure (ETD) and arrival (ETA) times for the shipments to the Port of Los Angeles shortly.

Best regards,

Chinee Artificial Grass  
[https://www.china-artificial-grass.com/](https://www.china-artificial-grass.com/)",auto reply,
2026-04-01 17:25:06,Ellena Lee <fst@crrctausa.com>,fst@crrctausa.com,自动回复成功,Re: 关于2024年8-9月订单的预计离港/到港时间（ETD/ETA）确认,"Dear Ellena,

Thank you for your email and for sharing the purchase orders. We will review the details and provide you with the estimated departure (ETD) and arrival (ETA) times for the shipments to the Port of Los Angeles shortly.

Best regards,

Chinee Artificial Grass  
https://www.china-artificial-grass.com/",auto reply,
2026-04-01 17:25:07,Ellena Lee <fst@crrctausa.com>,fst@crrctausa.com,自动回复成功,Re: 关于2024年8-9月订单的预计离港/到港时间（ETD/ETA）确认,"Dear Ellena,

Thank you for your email and for sharing the purchase orders. We will review the details and provide you with the estimated departure (ETD) and arrival (ETA) times for the shipments to the Port of Los Angeles shortly.

Best regards,

Chinee Artificial Grass
https://www.china-artificial-grass.com/",auto reply,
2026-04-01 17:25:08,Andres Manuel <purchase@saritori-berger.de>,purchase@saritori-berger.de,自动回复成功,Re: June Order from Bolivia,"Dear Andres Manuel,

Thank you for your inquiry. Yes, we do sell to Bolivia and would be happy to assist you with your export needs. Please let us know if you have specific products in mind or if you would like a catalog for reference.

Best regards,

Chinee Artificial Grass
https://www.china-artificial-grass.com/",auto reply,
2026-04-01 17:25:10,Andres Manuel <purchase@saritori-berger.de>,purchase@saritori-berger.de,自动回复成功,Re: June Order from Bolivia,"Dear Mr. Manuel,

Thank you for reaching out. Yes, we do sell our products to Bolivia and would be happy to assist you with your export needs. Please let us know if you have specific products in mind or if you would like more information.

Best regards,

Chinee Artificial Grass  
https://www.china-artificial-grass.com/",auto reply,
2026-04-01 17:25:10,Andres Manuel <purchase.ebaraturbine@alunaimi-group.com>,purchase.ebaraturbine@alunaimi-group.com,自动回复成功,Re: May Order from Bolivia,"Dear Mr. Manuel,

Thank you for your inquiry. Yes, we do sell to Bolivia and would be happy to assist you with your order. Please let us know if you need any specific product details or pricing information.

Best regards,

Chinee Artificial Grass
https://www.china-artificial-grass.com/",auto reply,
2026-04-01 17:25:11,Andres Manuel <purchase@saritori-berger.de>,purchase@saritori-berger.de,自动回复成功,Re: June Order from Bolivia,"Dear Andres Manuel,

Thank you for your inquiry. Yes, we do sell to Bolivia and would be happy to assist you with your export needs. Please let us know if you have specific products in mind or if you would like to receive our product catalog.

Best regards,

Chinee Artificial Grass
https://www.china-artificial-grass.com/",auto reply,
2026-04-01 17:25:13,Andres Manuel <purchase.ebaraturbine@alunaimi-group.com>,purchase.ebaraturbine@alunaimi-group.com,自动回复成功,Re: May Order from Bolivia,"Dear Mr. Manuel,

Thank you for your inquiry. Yes, we do sell to Bolivia and would be happy to assist you with your order. Please let us know if you need specific product details or pricing information.

Best regards,

Chinee Artificial Grass
https://www.china-artificial-grass.com/",auto reply,
2026-04-01 17:25:13,Andres Manuel <purchase.ebaraturbine@alunaimi-group.com>,purchase.ebaraturbine@alunaimi-group.com,自动回复成功,Re: May Order from Bolivia,"Dear Andres Manuel,

Thank you for your inquiry. Yes, we do sell to Bolivia and would be happy to assist you with your export needs. Please let us know if you have specific products in mind or if you would like more information.

Best regards,

Chinee Artificial Grass
https://www.china-artificial-grass.com/",auto reply,
2026-04-01 17:25:14,Andres Manuel <purchase.ebaraturbine@alunaimi-group.com>,purchase.ebaraturbine@alunaimi-group.com,自动回复成功,Re: May Order from Bolivia,"Dear Mr. Manuel,

Thank you for your inquiry. Yes, we do sell to Bolivia and would be happy to assist you with your order. Please let us know if you need any specific product details or pricing information.

Best regards,

Chinee Artificial Grass
https://www.china-artificial-grass.com/",auto reply,
2026-04-01 17:25:18,vivian Nan <vivian.nan@globalchemicalintl.com>,vivian.nan@globalchemicalintl.com,自动回复成功,Re: Importation Of Product Inquiry,"Dear Mrs. Nan,

Thank you for your inquiry regarding our products. Please find attached the requested quote, which includes our best FOB prices along with clear photos of the items. 

Regarding your other questions:
1. Lead time for production samples is typically 7-10 days.
2. Lead time for mass production is generally 4-6 weeks, depending on the order size.
3. Our minimum order quantity is 500 square meters.
4. Delivery can be arranged via sea or air, and payment terms are usually 30% deposit with the balance before shipment.

If you have any further questions or need additional information, feel free to reach out.

Best regards,

[Your Name]  
Chinee Artificial Grass  
https://www.china-artificial-grass.com/",auto reply,
2026-04-01 17:25:19,Andres Manuel <purchase.ebaraturbine@alunaimi-group.com>,purchase.ebaraturbine@alunaimi-group.com,自动回复成功,Re: May Order from Bolivia,"Dear Mr. Manuel,

Thank you for your inquiry. Yes, we do sell to Bolivia and would be happy to assist you with your export needs. Please let us know if you have specific products in mind or if you would like to receive our catalog.

Best regards,

Chinee Artificial Grass
https://www.china-artificial-grass.com/",auto reply,
2026-04-01 17:25:20,vivian Nan <vivian.nan@globalchemicalintl.com>,vivian.nan@globalchemicalintl.com,自动回复成功,Re: Importation Of Product Inquiry,"Dear Mrs. Vivian Nan,

Thank you for your interest in our products. Please find attached our detailed quotation including FOB prices and clear photos of our items. 

Regarding your inquiries:
1) Lead-time for production samples is typically 7-10 days.
2) Lead-time for mass production is usually 15-20 days depending on order quantity.
3) Our minimum order quantity, delivery period/mode, and payment terms are included in the attached quotation.
4) Should you need further information or have specific requirements, please feel free to contact us.

We look forward to your response and the opportunity to work together.

Best regards,
Chinee Artificial Grass
https://www.china-artificial-grass.com/",auto reply,
2026-04-01 17:25:21,vivian Nan <vivian.nan@globalchemicalintl.com>,vivian.nan@globalchemicalintl.com,自动回复成功,Re: Product Import Inquiry,"Dear Vivian,

Thank you for your inquiry. I have attached our product catalog for your review. Additionally, I will provide a quote based on the quantities you are interested in. Please let me know if you have specific requirements or if you need further assistance.

Best regards,

Chinee Artificial Grass
https://www.china-artificial-grass.com/",auto reply,
2026-04-01 17:25:22,vivian Nan <vivian.nan@globalchemicalintl.com>,vivian.nan@globalchemicalintl.com,自动回复成功,Re: Product Import Inquiry,"Dear Vivian,

Thank you for your inquiry regarding our products. I have attached our catalog for your review. Additionally, I will provide a quote based on the quantities you are interested in, which is also attached.

Please let me know if you need any further information or assistance.

Best regards,

Chinee Artificial Grass  
https://www.china-artificial-grass.com/",auto reply,
2026-04-01 17:25:24,Lacey Huang <oficina.xmyasida@aux-hcme.com>,oficina.xmyasida@aux-hcme.com,自动回复成功,Re: RE: SO: XMNESAN2523_04JEA / 05,"Good morning Lacey,

Thank you for your email. I will check on the status of your last order and confirm with you as soon as possible.

Best regards,

Chinee Artificial Grass
https://www.china-artificial-grass.com/",auto reply,
2026-04-01 17:25:25,Lacey Huang <oficina.xmyasida@aux-hcme.com>,oficina.xmyasida@aux-hcme.com,自动回复成功,Re: RE: SO: XMNESAN2523_04JEA / 05,"Good morning Lacey,

Thank you for your email. I will check the status of your last order and get back to you shortly with an update.

Best regards,

Chinee Artificial Grass
https://www.china-artificial-grass.com/",auto reply,
2026-04-01 17:25:27,Hena Lee <henalee002@gmail.com>,henalee002@gmail.com,自动回复成功,Re: RE- quotes (引号)...........????,"Dear Hena,

Thank you for reaching out. We appreciate your offer regarding the SEO service and would be interested in reviewing your package and price list.

Additionally, if you have a report on the issues you noticed on our website, we would be grateful to receive it.

Best regards,

Chinee Artificial Grass
https://www.china-artificial-grass.com/",auto reply,
2026-04-01 17:25:28,Hena Lee <henalee002@gmail.com>,henalee002@gmail.com,自动回复成功,Re: RE- quotes (引号)...........????,"Dear Hena,

Thank you for reaching out. We appreciate your offer regarding the SEO service and the report on our website issues. However, we are currently focused on our core products and services related to artificial grass. 

If you have any specific inquiries about our products or need further assistance, please let us know.

Best regards,

Chinee Artificial Grass
https://www.china-artificial-grass.com/",auto reply,
2026-04-01 17:25:30,Global Chem Int <globalchemint@gmail.com>,globalchemint@gmail.com,自动回复成功,Re: Negotiation for Import Product,"Dear Mrs. Nan,

Thank you for your inquiry. I have attached our latest catalog for your review. 

Please feel free to reach out if you have any questions or need further information.

Best regards,

Chinee Artificial Grass
https://www.china-artificial-grass.com/",auto reply,
2026-04-01 17:25:31,Global Chem Int <globalchemint@gmail.com>,globalchemint@gmail.com,自动回复成功,Re: Negotiation for Import Product,"Dear Mrs. Nan,

Thank you for your interest in our products. I have attached our latest catalog for your review. 

You can reach us at +86-123-4567890 for any further inquiries.

Looking forward to your import product list.

Best regards,

Chinee Artificial Grass
https://www.china-artificial-grass.com/",auto reply,
2026-04-01 17:25:32,vivian Nan <vivian.nan@globalchemicalintl.com>,vivian.nan@globalchemicalintl.com,自动回复成功,Re: Product Import Inquiry,"Dear Vivian,

Thank you for your inquiry regarding our products. I have attached our catalog for your review. Additionally, I will provide a quote including prices, terms of payment, and delivery time shortly.

If you have any further questions, please feel free to reach out.

Best regards,

Chinee Artificial Grass
https://www.china-artificial-grass.com/",auto reply,
2026-04-01 17:25:33,Ritu Singh <ritusinghels01@gmail.com>,ritusinghels01@gmail.com,自动回复成功,Re: re- Ritu Singh from ESL Technologies !!,"Dear Ritu,

Thank you for your message. We appreciate your offer to share the report regarding our website issues. Please feel free to send it over, and we will review it accordingly.

Best regards,

Chinee Artificial Grass  
https://www.china-artificial-grass.com/",auto reply,
2026-04-01 17:25:35,Ritu Singh <ritusinghels01@gmail.com>,ritusinghels01@gmail.com,自动回复成功,Re: re- Ritu Singh from ESL Technologies !!,"Dear Ritu,

Thank you for your message. We appreciate your offer to share a report regarding our website issues. Please feel free to send over the details for our review.

Best regards,

Chinee Artificial Grass
https://www.china-artificial-grass.com/",auto reply,
2026-04-01 17:25:36,Ankush Sahu <ankushsahuseoservice798@outlook.com>,ankushsahuseoservice798@outlook.com,自动回复成功,"Re: Hi, {Increase sales }","Dear Ankush,

Thank you for following up. We appreciate your offer for the analysis report. However, at this time, we are not looking for additional services. 

Best regards,

Chinee Artificial Grass  
https://www.china-artificial-grass.com/",auto reply,
2026-04-01 17:25:37,Ritu Singh <ritusinghels01@gmail.com>,ritusinghels01@gmail.com,自动回复成功,Re: re- Ritu Singh from ESL Technologies !!,"Dear Ritu,

Thank you for your follow-up. We appreciate your offer to share a report regarding our website issues. Please feel free to send over the details at your convenience.

Best regards,

Chinee Artificial Grass
https://www.china-artificial-grass.com/",auto reply,
2026-04-01 17:25:38,Ankush Sahu <ankushsahuseoservice798@outlook.com>,ankushsahuseoservice798@outlook.com,自动回复成功,"Re: Hi, {Increase sales }","Dear Ankush,

Thank you for following up. We appreciate your offer for the analysis report. However, at this time, we are not looking to engage in additional services. 

Best regards,

Chinee Artificial Grass  
https://www.china-artificial-grass.com/",auto reply,
2026-04-01 17:25:39,Ankush Sahu <ankushsahuseoservice798@outlook.com>,ankushsahuseoservice798@outlook.com,自动回复成功,"Re: Hi, {Increase sales }","Dear Ankush,

Thank you for reaching out. We appreciate your offer, but at this time, we are not looking for additional website audits or analyses.

Best regards,

Chinee Artificial Grass  
https://www.china-artificial-grass.com/",auto reply,
2026-04-01 17:25:40,Ankush Sahu <ankushsahuseoservice798@outlook.com>,ankushsahuseoservice798@outlook.com,自动回复成功,"Re: Hi, {Increase sales }","Dear Ankush,

Thank you for reaching out. We appreciate your offer, but we are currently not looking for additional services. 

Best regards,

Chinee Artificial Grass
https://www.china-artificial-grass.com/",auto reply,
2026-04-01 17:25:41,Ankush Sahu <ankushsahuseoservice798@outlook.com>,ankushsahuseoservice798@outlook.com,自动回复成功,"Re: Hi, {Increase sales }","Dear Ankush,

Thank you for reaching out. We appreciate your offer, but we are currently not looking for additional services at this time.

Best regards,

Chinee Artificial Grass  
https://www.china-artificial-grass.com/",auto reply,
2026-04-01 17:25:42,Sneha Verma <sneha@webandappdevelopments.com>,sneha@webandappdevelopments.com,自动回复成功,Re: Build / Rebuild - Website + Under very Reasonable Cost !!,"Hello Sneha,

Thank you for your feedback regarding our website. We appreciate your insights and would be interested in learning more about your services. Please feel free to share your information and price list.

Best regards,

Chinee Artificial Grass
https://www.china-artificial-grass.com/",auto reply,
2026-04-01 17:25:43,Sneha Verma <sneha@webandappdevelopments.com>,sneha@webandappdevelopments.com,自动回复成功,Re: Build / Rebuild - Website + Under very Reasonable Cost !!,"Dear Sneha,

Thank you for your feedback regarding our website. We appreciate your insights and would be interested in learning more about your services. Please feel free to share your information and price list.

Best regards,

Chinee Artificial Grass
https://www.china-artificial-grass.com/",auto reply,
2026-04-01 17:25:44,Sneha Verma <sneha@webandappdevelopments.com>,sneha@webandappdevelopments.com,自动回复成功,Re: Build / Rebuild - Website + Under very Reasonable Cost !!,"Dear Sneha,

Thank you for your feedback regarding our website. We appreciate your insights and would be interested in learning more about your services. Please feel free to share your information and price list.

Best regards,

Chinee Artificial Grass
https://www.china-artificial-grass.com/",auto reply,
2026-04-01 17:25:45,Anshu Kumar <anshukumarseoservice345@outlook.com>,anshukumarseoservice345@outlook.com,自动回复成功,Re: Truly impressive!,"Dear Anshu,

Thank you for reaching out. We appreciate your offer, but we are currently not looking for additional services at this time.

Best regards,

Chinee Artificial Grass  
https://www.china-artificial-grass.com/",auto reply,
2026-04-01 17:25:46,Anshu Kumar <anshukumarseoservice345@outlook.com>,anshukumarseoservice345@outlook.com,自动回复成功,Re: Truly impressive!,"Dear Anshu,

Thank you for reaching out. We appreciate your offer, but at this time, we are not looking for additional audits or services. 

Best regards,

Chinee Artificial Grass
https://www.china-artificial-grass.com/",auto reply,
2026-04-01 17:25:47,Anshu Kumar <anshukumarseoservice345@outlook.com>,anshukumarseoservice345@outlook.com,自动回复成功,Re: Truly impressive!,"Dear Anshu,

Thank you for reaching out. We appreciate your offer, but we are currently not looking for additional website audits or analyses. 

Best regards,

Chinee Artificial Grass
https://www.china-artificial-grass.com/",auto reply,
2026-04-01 17:25:48,Franklin Lawrence <franklin.lawrence2285@gmail.com>,franklin.lawrence2285@gmail.com,自动回复成功,Re: How to Increase Organic Traffic for Your Website,"Hello Franklin,

Thank you for your email. I appreciate your follow-up. Please provide more details about your services and pricing packages, and we can discuss this further through our corporate email.

Looking forward to your response.

Best regards,

Chinee Artificial Grass
https://www.china-artificial-grass.com/",auto reply,
2026-04-01 17:25:49,Franklin Lawrence <franklin.lawrence2285@gmail.com>,franklin.lawrence2285@gmail.com,自动回复成功,Re: How to Increase Organic Traffic for Your Website,"Hello Franklin,

Thank you for your email. I appreciate your follow-up. Please share your corporate email ID, and we can discuss the details and pricing packages further.

Looking forward to your response.

Best regards,

Chinee Artificial Grass
https://www.china-artificial-grass.com/",auto reply,
2026-04-01 17:25:50,Franklin Lawrence <franklin.lawrence2285@gmail.com>,franklin.lawrence2285@gmail.com,自动回复成功,Re: How to Increase Organic Traffic for Your Website,"Dear Franklin,

Thank you for your email. I appreciate your follow-up. I will review your previous message and get back to you shortly with more details and our pricing package.

Best regards,

Chinee Artificial Grass
https://www.china-artificial-grass.com/",auto reply,
2026-04-01 17:25:51,Eva wang <eva127@ygy.asia>,eva127@ygy.asia,自动回复成功,Re: Personalized Bulk Customized Premium Umbrellas,"Good morning Eva,

Thank you for your email and for the update on your products and certifications. We appreciate your continued partnership.

If you could provide more details on the specific umbrella styles and customization options you are interested in, we would be happy to send you a quote.

Looking forward to your response.

Best regards,

Chinee Artificial Grass
https://www.china-artificial-grass.com/",auto reply,
2026-04-01 17:25:52,Eva wang <eva127@ygy.asia>,eva127@ygy.asia,自动回复成功,Re: Personalized Bulk Customized Premium Umbrellas,"Good morning Eva,

Thank you for your email and the update on your products and certifications. We appreciate your continued partnership.

If you could provide more details about the specific umbrella styles and quantities you are interested in, I would be happy to send you a quote.

Best regards,

Chinee Artificial Grass
https://www.china-artificial-grass.com/",auto reply,
2026-04-01 17:25:55,Eva wang <eva127@ygy.asia>,eva127@ygy.asia,自动回复成功,Re: Personalized Bulk Customized Premium Umbrellas,"Good morning Eva,

Thank you for your email and the update on your products. We appreciate your continued partnership and are interested in exploring your umbrella offerings further. 

Could you please provide us with a quote for the personalized bulk customized premium umbrellas? Additionally, if you have a catalog available, we would love to review it for more details on your product range.

Looking forward to your response.

Best regards,

[Your Name]  
Chinee Artificial Grass  
https://www.china-artificial-grass.com/",auto reply,
2026-04-01 17:27:15,傅月虹 <fuyuehong2024@163.com>,fuyuehong2024@163.com,自动回复成功,Re: 回复：Quick note on your ：landscapingartificial grassinstallationservices and artificial grass,"Dear 傅月虹,

Thank you for your inquiry. I have attached our company catalog for your review. If you have any further questions or need additional information, please let me know.

Best regards,
Chinee Artificial Grass
https://www.china-artificial-grass.com/",auto reply,
2026-04-01 17:27:23,邮件中心 <MAILER-DAEMON@xinnet.com>,mailer-daemon@xinnet.com,自动回复成功,Re: 投递失败,"Dear Customer,

Thank you for your message. It appears that the email you attempted to send could not be delivered due to an issue with the recipient's email address. Please verify the address and try again.

If you need further assistance, feel free to reach out.

Best regards,

Chinee Artificial Grass
https://www.china-artificial-grass.com/",auto reply,
2026-04-01 17:27:27,邮件中心 <MAILER-DAEMON@xinnet.com>,mailer-daemon@xinnet.com,自动回复成功,Re: 投递失败,"Dear Customer,

Thank you for your message. It seems that there was an issue with the email delivery to the recipient. Please verify the email address and try resending your message.

If you need further assistance, feel free to reach out.

Best regards,

Chinee Artificial Grass
https://www.china-artificial-grass.com/",auto reply,
2026-04-01 17:27:31,邮件中心 <MAILER-DAEMON@xinnet.com>,mailer-daemon@xinnet.com,自动回复成功,Re: 投递失败,"Dear Customer,

Thank you for your message. It appears that there was an issue with the email delivery to the recipient. Please verify the email address and try resending your message.

If you need further assistance, feel free to reach out.

Best regards,

Chinee Artificial Grass  
https://www.china-artificial-grass.com/",auto reply,
2026-04-01 17:27:34,MAILER-DAEMON@hw78-251.mailset.cn,mailer-daemon@hw78-251.mailset.cn,自动回复成功,Re: failure notice,"Dear Sneha,

Thank you for your interest in our services. I have attached our price list for your review. If you have any further questions or need additional information, please don't hesitate to ask.

Best regards,

Chinee Artificial Grass
https://www.china-artificial-grass.com/",auto reply,
2026-04-01 17:27:37,MAILER-DAEMON@hw117-168.mailset.cn,mailer-daemon@hw117-168.mailset.cn,自动回复成功,Re: failure notice,"Dear Sneha,

Thank you for your interest in our services. I have attached our price list for your review. If you have any further questions or need additional information, please feel free to reach out.

Best regards,

Chinee Artificial Grass
https://www.china-artificial-grass.com/",auto reply,
2026-04-01 17:27:40,MAILER-DAEMON@hw131-147.mailset.cn,mailer-daemon@hw131-147.mailset.cn,自动回复成功,Re: failure notice,"Dear Sneha,

Thank you for your interest in our services. I have attached our price list for your review. If you have any further questions or need additional information, please feel free to reach out.

Best regards,

Chinee Artificial Grass
https://www.china-artificial-grass.com/",auto reply,
2026-04-01 17:27:43,邮件中心 <MAILER-DAEMON@xinnet.com>,mailer-daemon@xinnet.com,自动回复成功,Re: 投递失败,"Dear Customer,

Thank you for your message. It seems that there was an issue with the email delivery to the intended recipient. Please verify the email address and try resending your message.

If you need further assistance, feel free to reach out.

Best regards,

Chinee Artificial Grass  
https://www.china-artificial-grass.com/",auto reply,
2026-04-01 17:27:52,MAILER-DAEMON@hw131-117.mailset.cn,mailer-daemon@hw131-117.mailset.cn,自动回复成功,Re: failure notice,"Dear Sneha,

Thank you for your email. I appreciate your interest in our services. I have attached our price list for your review. If you have any further questions or need additional information, please don't hesitate to ask.

Best regards,

Chinee Artificial Grass
https://www.china-artificial-grass.com/",auto reply,
2026-04-01 17:27:55,邮件中心 <MAILER-DAEMON@xinnet.com>,mailer-daemon@xinnet.com,自动回复成功,Re: 投递失败,"Dear Sir/Madam,

Thank you for your message. It seems that the email to the intended recipient could not be delivered. Please verify the email address and try again. If you need any assistance, feel free to reach out.

Best regards,

Chinee Artificial Grass
https://www.china-artificial-grass.com/",auto reply,
2026-04-01 17:27:55,MAILER-DAEMON@global-mail.cn,mailer-daemon@global-mail.cn,自动回复成功,Re: Undelivered Mail Returned to Sender,"Thank you for your message. It seems there was an issue with the email delivery. Please verify the recipient's email address for accuracy. If you need further assistance, feel free to reach out.

Best regards,
Chinee Artificial Grass
https://www.china-artificial-grass.com/",auto reply,
2026-04-01 17:27:58,邮件中心 <MAILER-DAEMON@xinnet.com>,mailer-daemon@xinnet.com,自动回复成功,Re: 投递失败,"Dear Sir/Madam,

Thank you for your message. It appears that there was an issue with the email delivery to the intended recipient. Please verify the email address and try resending your message. If you need further assistance, feel free to reach out.

Best regards,

Chinee Artificial Grass
https://www.china-artificial-grass.com/",auto reply,
2026-04-01 17:27:59,MAILER-DAEMON@global-mail.cn,mailer-daemon@global-mail.cn,自动回复成功,Re: Undelivered Mail Returned to Sender,"Dear Sir/Madam,

Thank you for your message. It appears that the email you attempted to send could not be delivered due to an incorrect recipient address. Please verify the email address and try again.

If you need further assistance, feel free to reach out.

Best regards,

Chinee Artificial Grass  
https://www.china-artificial-grass.com/",auto reply,
2026-04-01 17:28:02,MAILER-DAEMON@global-mail.cn,mailer-daemon@global-mail.cn,自动回复成功,Re: Undelivered Mail Returned to Sender,"Dear Customer,

Thank you for your message. It appears that the email you attempted to send could not be delivered due to an incorrect recipient address. Please verify the email address and try again.

If you need further assistance, feel free to reach out.

Best regards,

Chinee Artificial Grass
https://www.china-artificial-grass.com/",auto reply,
2026-04-01 17:28:06,邮件中心 <MAILER-DAEMON@xinnet.com>,mailer-daemon@xinnet.com,自动回复成功,Re: 投递失败,"Dear Sir/Madam,

Thank you for your message. It appears that there was an issue with the email delivery to the specified address. Please verify the recipient's email address and try resending your message.

If you need any assistance or have further inquiries, feel free to reach out.

Best regards,

Chinee Artificial Grass  
https://www.china-artificial-grass.com/",auto reply,
2026-04-01 17:28:10,邮件中心 <MAILER-DAEMON@xinnet.com>,mailer-daemon@xinnet.com,自动回复成功,Re: 投递失败,"Dear Sir/Madam,

Thank you for your message. It appears that there was an issue with the email delivery to the intended recipient. Please verify the email address for accuracy and ensure that the recipient's domain is correctly configured.

If you need further assistance, feel free to reach out.

Best regards,

Chinee Artificial Grass  
https://www.china-artificial-grass.com/",auto reply,
2026-04-01 17:28:11,邮件中心 <MAILER-DAEMON@xinnet.com>,mailer-daemon@xinnet.com,自动回复成功,Re: 投递失败,"Dear Sir/Madam,

Thank you for your message. It seems that there was an issue with the email delivery to the recipient. Please verify the email address and try resending your message.

If you need any assistance from our side, feel free to reach out.

Best regards,

Chinee Artificial Grass
https://www.china-artificial-grass.com/",auto reply,
2026-04-01 17:28:15,邮件中心 <MAILER-DAEMON@xinnet.com>,mailer-daemon@xinnet.com,自动回复成功,Re: 投递失败,"Dear Sir/Madam,

Thank you for your message. It seems that there was an issue with the email delivery to the specified address. Please verify the recipient's email address and try sending your message again.

If you need assistance or have any questions, feel free to reach out.

Best regards,

Chinee Artificial Grass
https://www.china-artificial-grass.com/",auto reply,
2026-04-01 17:28:19,邮件中心 <MAILER-DAEMON@xinnet.com>,mailer-daemon@xinnet.com,自动回复成功,Re: 投递失败,"Dear Sir/Madam,

Thank you for your message. It seems there was an issue with the email delivery to the recipient. Please verify the email address and try resending your message.

If you need further assistance, feel free to reach out.

Best regards,

Chinee Artificial Grass
https://www.china-artificial-grass.com/",auto reply,
2026-04-01 17:28:20,邮件中心 <MAILER-DAEMON@xinnet.com>,mailer-daemon@xinnet.com,自动回复成功,Re: 投递失败,"Thank you for your message. It seems there was an issue with the email delivery. Please verify the recipient's email address and try again. If you need further assistance, feel free to reach out.

Best regards,
Chinee Artificial Grass
https://www.china-artificial-grass.com/",auto reply,
2026-04-01 17:28:23,邮件中心 <MAILER-DAEMON@xinnet.com>,mailer-daemon@xinnet.com,自动回复成功,Re: 投递失败,"Dear Sir/Madam,

Thank you for your message. It seems that there was an issue with the email delivery to the specified address. Please verify the recipient's email address and try resending your message.

If you need further assistance, feel free to reach out.

Best regards,

Chinee Artificial Grass
https://www.china-artificial-grass.com/",auto reply,
2026-04-01 17:28:23,邮件中心 <MAILER-DAEMON@xinnet.com>,mailer-daemon@xinnet.com,自动回复成功,Re: 投递失败,"Dear Customer,

Thank you for your message. It seems there was an issue with the email delivery to the recipient. Please verify the email address and try sending your message again. If you need further assistance, feel free to reach out.

Best regards,

Chinee Artificial Grass
https://www.china-artificial-grass.com/",auto reply,
2026-04-01 17:28:26,邮件中心 <MAILER-DAEMON@xinnet.com>,mailer-daemon@xinnet.com,自动回复成功,Re: 投递失败,"Dear Customer,

Thank you for your message. It seems there was an issue with the email delivery to the intended recipient. Please verify the email address and try sending your message again.

If you need further assistance, feel free to reach out.

Best regards,

Chinee Artificial Grass
https://www.china-artificial-grass.com/",auto reply,
2026-04-01 17:28:26,邮件中心 <MAILER-DAEMON@xinnet.com>,mailer-daemon@xinnet.com,自动回复成功,Re: 投递失败,"Dear Customer,

Thank you for your message. It seems that the email address you provided may be incorrect or the recipient's domain is currently unreachable. Please verify the email address and try resending your message.

If you need any further assistance, feel free to reach out.

Best regards,

Chinee Artificial Grass  
https://www.china-artificial-grass.com/",auto reply,
2026-04-01 17:28:30,邮件中心 <MAILER-DAEMON@xinnet.com>,mailer-daemon@xinnet.com,自动回复成功,Re: 投递失败,"Dear Customer,

Thank you for your message. It seems that your email to the intended recipient could not be delivered due to a routing issue. Please verify the email address and try resending your message.

If you need any assistance or further information, feel free to reach out.

Best regards,

Chinee Artificial Grass  
https://www.china-artificial-grass.com/",auto reply,
2026-04-01 17:28:30,邮件中心 <MAILER-DAEMON@xinnet.com>,mailer-daemon@xinnet.com,自动回复成功,Re: 投递失败,"Dear Customer,

Thank you for your message. It appears that there was an issue with the email delivery to the intended recipient. Please double-check the email address for any errors. If the issue persists, you may want to reach out through alternative contact methods.

Best regards,

Chinee Artificial Grass
https://www.china-artificial-grass.com/",auto reply,
2026-04-01 17:28:33,邮件中心 <MAILER-DAEMON@xinnet.com>,mailer-daemon@xinnet.com,自动回复成功,Re: 投递失败,"Hello,

Thank you for your message. It seems that there was an issue with the email delivery to the recipient. Please double-check the email address and try resending your message.

Best regards,

Chinee Artificial Grass
https://www.china-artificial-grass.com/",auto reply,
2026-04-01 17:28:36,MAILER-DAEMON@hw32-119.mailset.cn,mailer-daemon@hw32-119.mailset.cn,自动回复成功,Re: failure notice,"Dear Action for Sustainability,

Thank you for your response. We appreciate your invitation and are open to discussing any specific topics related to sustainability. Please let us know how we can contribute.

Best regards,

Chinee Artificial Grass
https://www.china-artificial-grass.com/",auto reply,
2026-04-01 17:28:40,邮件中心 <MAILER-DAEMON@xinnet.com>,mailer-daemon@xinnet.com,自动回复成功,Re: 投递失败,"Dear Sir/Madam,

Thank you for your message. It appears that there was an issue with the email delivery to the intended recipient. Please verify the email address and try resending your message.

If you need any assistance, feel free to reach out.

Best regards,

Chinee Artificial Grass
https://www.china-artificial-grass.com/",auto reply,
2026-04-01 17:28:49,MAILER-DAEMON@hw11-74.mailset.cn,mailer-daemon@hw11-74.mailset.cn,自动回复成功,Re: failure notice,"Dear Chinee Artificial Grass,

Thank you for your response. We appreciate your interest in collaboration as well. Please let us know if you have any specific inquiries or if there is anything we can assist you with.

Best regards,

Chinee Artificial Grass  
https://www.china-artificial-grass.com/",auto reply,
2026-04-01 17:28:51,MAILER-DAEMON@hw36-193.mailset.cn,mailer-daemon@hw36-193.mailset.cn,自动回复成功,Re: failure notice,"Dear Chinee Artificial Grass,

Thank you for your response. We appreciate your commitment to sustainability. If you have any specific inquiries or need further information about our products, please feel free to ask.

Best regards,

The Team at Chinee Artificial Grass
https://www.china-artificial-grass.com/",auto reply,
2026-04-01 17:28:55,MAILER-DAEMON@hw9-91.mailset.cn,mailer-daemon@hw9-91.mailset.cn,自动回复成功,Re: failure notice,"Hello,

Thank you for your response. If you have any specific inquiries or topics you would like to discuss regarding our artificial grass solutions, please feel free to share.

Best regards,
Chinee Artificial Grass
https://www.china-artificial-grass.com/",auto reply,
2026-04-01 17:28:57,MAILER-DAEMON@hw209-148.mailset.cn,mailer-daemon@hw209-148.mailset.cn,自动回复成功,Re: failure notice,"Dear Artificial Turf and Grass Installation Los Angeles,

Thank you for your response. We are glad to hear of your interest in our artificial grass solutions. I will prepare the relevant case studies for your review and send them shortly.

Best regards,

Chinee Artificial Grass  
https://www.china-artificial-grass.com/",auto reply,
2026-04-02 10:47:38,MAILER-DAEMON@hw73-200.mailset.cn,mailer-daemon@hw73-200.mailset.cn,自动回复成功,Re: failure notice,"Thank you for your message. It appears this may have been sent in error, as our company specializes in artificial grass products. If you have any inquiries related to artificial grass, please let us know.

Best regards,
Chinee Artificial Grass
https://www.china-artificial-grass.com/",auto reply,
2026-04-02 10:47:42,MAILER-DAEMON@hw73-200.mailset.cn,mailer-daemon@hw73-200.mailset.cn,自动回复成功,Re: failure notice,"Dear Customer,

Thank you for your message. It appears there may have been a delivery issue with your previous email. If you intended to inquire about our artificial grass products, please let us know how we can assist.

Best regards,
Chinee Artificial Grass
https://www.china-artificial-grass.com/",auto reply,
2026-04-02 10:47:42,MAILER-DAEMON@hw73-200.mailset.cn,mailer-daemon@hw73-200.mailset.cn,自动回复成功,Re: failure notice,"Dear Customer,

Thank you for your message. It appears there may have been a delivery issue with our previous email. We specialize in artificial grass products and would be happy to assist if you have any related inquiries.

Best regards,
Chinee Artificial Grass
https://www.china-artificial-grass.com/",auto reply,
2026-04-02 10:47:42,MAILER-DAEMON@hw73-200.mailset.cn,mailer-daemon@hw73-200.mailset.cn,自动回复成功,Re: failure notice,"Dear Customer,

Thank you for your message. It appears there may have been a delivery issue with your previous email. If you intended to inquire about our artificial grass products, please let us know how we can assist.

Best regards,
Chinee Artificial Grass
https://www.china-artificial-grass.com/",auto reply,
2026-04-02 10:47:42,MAILER-DAEMON@hw9-91.mailset.cn,mailer-daemon@hw9-91.mailset.cn,自动回复成功,Re: failure notice,"Dear Customer,

Thank you for your message. It appears there may have been a delivery issue or miscommunication, as our company specializes in artificial grass products, not Qualcomm Snapdragon components.

If you have any inquiries related to artificial turf, please let us know how we can assist.

Best regards,

Chinee Artificial Grass
https://www.china-artificial-grass.com/",auto reply,
2026-04-02 10:47:46,MAILER-DAEMON@hw9-91.mailset.cn,mailer-daemon@hw9-91.mailset.cn,自动回复成功,Re: failure notice,"Dear Customer,

Thank you for your message. It appears there may have been a delivery issue or misunderstanding, as our company, Chinee Artificial Grass, specializes in artificial turf products, not Qualcomm Snapdragon components.

If you are interested in artificial grass, please let us know your requirements, and we'll be happy to assist.

Best regards,

Chinee Artificial Grass
https://www.china-artificial-grass.com/",auto reply,
2026-04-02 10:47:46,MAILER-DAEMON@hw9-91.mailset.cn,mailer-daemon@hw9-91.mailset.cn,自动回复成功,Re: failure notice,"Dear Customer,

Thank you for your message. It appears there may have been a delivery issue or miscommunication, as our company specializes in artificial grass products, not Qualcomm Snapdragon components.

If you are interested in artificial turf for landscaping, sports, or decorative use, please let us know your requirements, and we'll be glad to assist.

Best regards,

Chinee Artificial Grass
https://www.china-artificial-grass.com/",auto reply,
2026-04-02 10:47:47,MAILER-DAEMON@hw9-91.mailset.cn,mailer-daemon@hw9-91.mailset.cn,自动回复成功,Re: failure notice,"Dear Customer,

Thank you for your message. It appears there may have been a delivery issue or misunderstanding, as our company specializes in artificial grass products, not Qualcomm Snapdragon components.

If you are interested in artificial grass, please let us know your requirements, and we will be happy to assist.

Best regards,

Chinee Artificial Grass
https://www.china-artificial-grass.com/",auto reply,
2026-04-02 10:47:47,MAILER-DAEMON@hw0-197.mailset.cn,mailer-daemon@hw0-197.mailset.cn,自动回复成功,Re: failure notice,"Dear Customer,

Thank you for your message. It appears there may have been a misunderstanding, as our company, Chinee Artificial Grass, specializes in artificial grass products and does not handle Qualcomm Snapdragon items. If you have any inquiries related to artificial turf, please let us know.

Best regards,
Chinee Artificial Grass
https://www.china-artificial-grass.com/",auto reply,
2026-04-02 10:47:51,MAILER-DAEMON@hw0-197.mailset.cn,mailer-daemon@hw0-197.mailset.cn,自动回复成功,Re: failure notice,"Dear Customer,

Thank you for your message. It appears there may have been a misunderstanding, as our company, Chinee Artificial Grass, specializes in artificial grass products and does not handle Qualcomm Snapdragon items. If you have any inquiries related to artificial turf, please let us know.

Best regards,
Chinee Artificial Grass
https://www.china-artificial-grass.com/",auto reply,
2026-04-02 10:47:51,MAILER-DAEMON@hw0-197.mailset.cn,mailer-daemon@hw0-197.mailset.cn,自动回复成功,Re: failure notice,"Dear Customer,

Thank you for your message. It appears there may have been a misunderstanding, as our company, Chinee Artificial Grass, specializes in artificial grass products and does not handle Qualcomm Snapdragon items. If you have any inquiries related to artificial turf, please let us know.

Best regards,

Chinee Artificial Grass
https://www.china-artificial-grass.com/",auto reply,
2026-04-02 10:47:51,MAILER-DAEMON@hw0-197.mailset.cn,mailer-daemon@hw0-197.mailset.cn,自动回复成功,Re: failure notice,"Dear Customer,

Thank you for your message. It appears there may have been a misunderstanding, as our company, Chinee Artificial Grass, specializes in artificial grass products and does not handle Qualcomm Snapdragon items. If you have any inquiries related to artificial turf, please let us know.

Best regards,

Chinee Artificial Grass
https://www.china-artificial-grass.com/",auto reply,
2026-04-02 10:47:51,MAILER-DAEMON@hw105-89.mailset.cn,mailer-daemon@hw105-89.mailset.cn,自动回复成功,Re: failure notice,"Thank you for letting us know. We will check our email system and resend if needed. Please feel free to contact us if you require any product information.

Best regards,
Chinee Artificial Grass
https://www.china-artificial-grass.com/",auto reply,
2026-04-02 10:47:56,MAILER-DAEMON@hw105-89.mailset.cn,mailer-daemon@hw105-89.mailset.cn,自动回复成功,Re: failure notice,"Thank you for your note. We will resend our previous email. Please let us know if you do not receive it or have any questions about our artificial grass products.

Best regards,
Chinee Artificial Grass
https://www.china-artificial-grass.com/",auto reply,
2026-04-02 10:47:56,MAILER-DAEMON@hw105-89.mailset.cn,mailer-daemon@hw105-89.mailset.cn,自动回复成功,Re: failure notice,"Thank you for your note. We will resend our previous email. Please let us know if you do not receive it or have any questions about our artificial grass products.

Best regards,
Chinee Artificial Grass
https://www.china-artificial-grass.com/",auto reply,
2026-04-02 10:47:56,MAILER-DAEMON@hw105-89.mailset.cn,mailer-daemon@hw105-89.mailset.cn,自动回复成功,Re: failure notice,"Thank you for your message. We appreciate your notification and will ensure our communications are properly sent. Please let us know if you have any specific questions about our artificial grass products.

Best regards,
Chinee Artificial Grass
https://www.china-artificial-grass.com/",auto reply,
2026-04-02 10:47:56,MAILER-DAEMON@hw105-89.mailset.cn,mailer-daemon@hw105-89.mailset.cn,自动回复成功,Re: failure notice,"Thank you for your note. We will resend our previous email. Please let us know if you do not receive it or have any questions about our artificial grass products.

Best regards,
Chinee Artificial Grass
https://www.china-artificial-grass.com/",auto reply,
2026-04-02 10:48:00,MAILER-DAEMON@hw105-89.mailset.cn,mailer-daemon@hw105-89.mailset.cn,自动回复成功,Re: failure notice,"Thank you for your message. We apologize for any inconvenience with the previous email. Please let us know if you have any specific questions about our artificial grass products or require assistance.

Best regards,
Chinee Artificial Grass
https://www.china-artificial-grass.com/",auto reply,
2026-04-02 10:48:00,MAILER-DAEMON@hw105-89.mailset.cn,mailer-daemon@hw105-89.mailset.cn,自动回复成功,Re: failure notice,"Thank you for your note. We apologize for any inconvenience caused by the email delivery issue. If you have any questions about our artificial grass products, please let us know.

Best regards,
Chinee Artificial Grass
https://www.china-artificial-grass.com/",auto reply,
2026-04-02 10:48:01,MAILER-DAEMON@hw105-89.mailset.cn,mailer-daemon@hw105-89.mailset.cn,自动回复成功,Re: failure notice,"Thank you for your note. We apologize for any inconvenience caused by the delivery issue. Please let us know if you have any questions about our artificial grass products, and we'll be happy to assist.

Best regards,
Chinee Artificial Grass
https://www.china-artificial-grass.com/",auto reply,
2026-04-02 10:48:02,MAILER-DAEMON@hw105-89.mailset.cn,mailer-daemon@hw105-89.mailset.cn,自动回复成功,Re: failure notice,"Dear Sir/Madam,

Thank you for your note. We will ensure our future communications are sent correctly.

Please let us know if you have any questions about our artificial grass products.

Best regards,

Chinee Artificial Grass
https://www.china-artificial-grass.com/",auto reply,
2026-04-02 10:48:05,MAILER-DAEMON@hw1-243.mailset.cn,mailer-daemon@hw1-243.mailset.cn,自动回复成功,Re: failure notice,"Thank you for your message. It appears this may have been sent in error, as it references a previous communication we did not initiate. If you intended to contact Chinee Artificial Grass regarding our products, please let us know how we can assist.

Best regards,
Chinee Artificial Grass
https://www.china-artificial-grass.com/",auto reply,
2026-04-02 10:48:05,MAILER-DAEMON@hw1-243.mailset.cn,mailer-daemon@hw1-243.mailset.cn,自动回复成功,Re: failure notice,"Thank you for your message. It appears there may have been a delivery issue with our previous email. Please let us know if you did not receive the case studies or if you have any further questions.

Best regards,
Chinee Artificial Grass
https://www.china-artificial-grass.com/",auto reply,
2026-04-02 10:48:06,MAILER-DAEMON@hw105-89.mailset.cn,mailer-daemon@hw105-89.mailset.cn,自动回复成功,Re: failure notice,"Thank you for the notification. We will check our email settings and try again. If you have any questions about our artificial grass products, please let us know.

Best regards,
Chinee Artificial Grass
https://www.china-artificial-grass.com/",auto reply,
2026-04-02 10:48:06,MAILER-DAEMON@hw1-243.mailset.cn,mailer-daemon@hw1-243.mailset.cn,自动回复成功,Re: failure notice,"Thank you for your message. It appears there may have been a delivery issue with our previous email. Please let us know if you did not receive the case studies or if you have any further questions.

Best regards,
Chinee Artificial Grass
https://www.china-artificial-grass.com/",auto reply,
2026-04-02 10:48:09,MAILER-DAEMON@hw73-200.mailset.cn,mailer-daemon@hw73-200.mailset.cn,自动回复成功,Re: failure notice,"Thank you for your message. We are here to assist with any questions or requirements you may have regarding our artificial grass products. Please feel free to reach out.

Best regards,
Chinee Artificial Grass
https://www.china-artificial-grass.com/",auto reply,
2026-04-02 10:48:09,MAILER-DAEMON@hw73-200.mailset.cn,mailer-daemon@hw73-200.mailset.cn,自动回复成功,Re: failure notice,"Thank you for your message. We will reach out if we have any specific inquiries or require assistance. Best regards, Chinee Artificial Grass - https://www.china-artificial-grass.com/",auto reply,
2026-04-02 10:48:10,MAILER-DAEMON@hw73-200.mailset.cn,mailer-daemon@hw73-200.mailset.cn,自动回复成功,Re: failure notice,"Thank you for your message. We will reach out if we have any specific inquiries or require assistance. Best regards, Chinee Artificial Grass Team
https://www.china-artificial-grass.com/",auto reply,
2026-04-02 10:48:12,MAILER-DAEMON@hw73-200.mailset.cn,mailer-daemon@hw73-200.mailset.cn,自动回复成功,Re: failure notice,"Thank you for your email. This appears to be a delivery failure notification for a previous message. Please let us know if you did not receive our earlier reply or if you have any specific questions about our artificial grass products.

Best regards,
Chinee Artificial Grass
https://www.china-artificial-grass.com/",auto reply,
2026-04-02 10:48:12,MAILER-DAEMON@hw138-13.mailset.cn,mailer-daemon@hw138-13.mailset.cn,自动回复成功,Re: failure notice,"Thank you for your message. We are here to assist with any specific inquiries or product details you may need. Please let us know how we can help.

Best regards,
Chinee Artificial Grass
https://www.china-artificial-grass.com/",auto reply,
2026-04-02 10:48:13,MAILER-DAEMON@hw138-13.mailset.cn,mailer-daemon@hw138-13.mailset.cn,自动回复成功,Re: failure notice,"Thank you for your message. We are here to assist with any specific inquiries or product information you may need. Please let us know how we can help.

Best regards,
Chinee Artificial Grass
https://www.china-artificial-grass.com/",auto reply,
2026-04-02 10:48:14,MAILER-DAEMON@hw138-13.mailset.cn,mailer-daemon@hw138-13.mailset.cn,自动回复成功,Re: failure notice,"Thank you for your message. We are here to assist with any specific product inquiries or information you may need. Please let us know how we can help.

Best regards,
Chinee Artificial Grass
https://www.china-artificial-grass.com/",auto reply,
2026-04-02 10:48:16,MAILER-DAEMON@hw138-13.mailset.cn,mailer-daemon@hw138-13.mailset.cn,自动回复成功,Re: failure notice,"Thank you for your message. We are here to assist with any specific inquiries or product details you may need. Please let us know how we can help.

Best regards,
Chinee Artificial Grass
https://www.china-artificial-grass.com/",auto reply,
2026-04-02 11:41:49,傅月虹 <fuyuehong2024@163.com>,fuyuehong2024@163.com,自动回复成功,Re: 回复：Quick note on your ：landscapingartificial grassinstallationservices and artificial grass,"Dear Ms. Fu,

Thank you for your email. Please find our latest product catalog attached for your review. It contains detailed information on our artificial grass specifications and applications.

Should you have any specific questions or require further details, please feel free to ask.

Best regards,
Chinee Artificial Grass
https://www.china-artificial-grass.com/",auto reply,
2026-04-02 11:47:12,傅月虹 <fuyuehong2024@163.com>,fuyuehong2024@163.com,自动回复成功,Re: 回复：Quick note on your ：landscapingartificial grassinstallationservices and artificial grass,"Dear Ms. Fu,

Thank you for your interest. I have attached our latest product catalog for your reference.

Please let me know if you have any specific questions.

Best regards,
Chinee Artificial Grass
https://www.china-artificial-grass.com/",auto reply,
2026-04-02 11:54:44,傅月虹 <fuyuehong2024@163.com>,fuyuehong2024@163.com,自动回复成功,Re: 回复：Quick note on your ：landscapingartificial grassinstallationservices and artificial grass,"watering or pesticides, saves water and labor, stays green year-round, and stands heavy use. Natural grass needs constant care and is easily damaged.",auto reply,
2026-04-02 11:58:05,傅月虹 <fuyuehong2024@163.com>,fuyuehong2024@163.com,自动回复成功,Re: 回复：Quick note on your ：landscapingartificial grassinstallationservices and artificial grass,"watering or pesticides, saves water and labor, stays green year-round, and stands heavy use. Natural grass needs constant care and is easily damaged.",auto reply,
2026-04-02 13:51:55,傅月虹 <fuyuehong2024@163.com>,fuyuehong2024@163.com,自动回复成功,Re: 回复：Quick note on your ：landscapingartificial grassinstallationservices and artificial grass,"watering or pesticides, saves water and labor, stays green year-round, and stands heavy use. Natural grass needs constant care and is easily damaged.",auto reply,
2026-04-02 13:53:51,傅月虹 <fuyuehong2024@163.com>,fuyuehong2024@163.com,自动回复成功,Re: 回复：Quick note on your ：landscapingartificial grassinstallationservices and artificial grass,"watering or pesticides, saves water and labor, stays green year-round, and stands heavy use. Natural grass needs constant care and is easily damaged.",auto reply,
2026-04-02 14:08:40,傅月虹 <fuyuehong2024@163.com>,fuyuehong2024@163.com,自动回复成功,Re: 回复：Quick note on your ：landscapingartificial grassinstallationservices and artificial grass,"Dear 傅月虹,

Thank you for your request. We have attached our product catalog for your reference.
Please let us know if you have any specific requirements or questions.

Best regards,
Chinee Artificial Grass
https://www.china-artificial-grass.com/",auto reply,
2026-04-02 14:12:06,傅月虹 <fuyuehong2024@163.com>,fuyuehong2024@163.com,自动回复成功,Re: 回复：Quick note on your ：landscapingartificial grassinstallationservices and artificial grass,"Dear 傅月虹,

Our artificial grass is UV-stabilized to minimize fading from sun exposure. The exact fade resistance depends on the product grade and usage conditions. We can provide more specific technical details if you share your project requirements.

Best regards,
Chinee Artificial Grass
https://www.china-artificial-grass.com/",auto reply,
2026-04-02 14:27:25,rymarGRASS,info@rymarusa.com,发送成功,"Quick note on your artificial grass, artificial grass installation, and artificial grass supply","Hi rymarGRASS team,

I noticed that rymarGRASS is involved in artificial grass, artificial grass installation, and artificial grass supply. It seems you have a clear focus on your business, and I wanted to reach out in a simple way.

I am writing from Chinee Artificial Grass. We work with international partners in a practical and consistent way, with attention to clear communication and long-term cooperation. If helpful, you can also take a quick look at our website here: https://www.china-artificial-grass.com/

I thought it could still make sense to introduce ourselves in case there is ever a reason to connect in the future.

Best regards,
Chinee Artificial Grass
https://www.china-artificial-grass.com/","artificial grass, artificial grass installation, and artificial grass supply",
2026-04-02 14:27:56,Southern Turf Co.,info@southernturfco.com,发送成功,"Quick note on your artificial grass, artificial grass installation, and contract projects","Hi Southern Turf Co. team,

I noticed that Southern Turf Co. is involved in artificial grass, artificial grass installation, and contract projects. It seems you have a clear focus on your business, and I wanted to reach out in a simple way.

I am writing from Chinee Artificial Grass. We work with international partners in a practical and consistent way, with attention to clear communication and long-term cooperation. If helpful, you can also take a quick look at our website here: https://www.china-artificial-grass.com/

I thought it could still make sense to introduce ourselves in case there is ever a reason to connect in the future.

Best regards,
Chinee Artificial Grass
https://www.china-artificial-grass.com/","artificial grass, artificial grass installation, and contract projects",
2026-04-02 14:28:27,Memorial Green Turf,info@memorialgreenturf.com,发送成功,Quick note on your artificial grass,"Hi Memorial Green Turf team,

I noticed that Memorial Green Turf is involved in artificial grass. It seems you have a clear focus on your business, and I wanted to reach out in a simple way.

I am writing from Chinee Artificial Grass. We work with international partners in a practical and consistent way, with attention to clear communication and long-term cooperation. If helpful, you can also take a quick look at our website here: https://www.china-artificial-grass.com/

I thought it could still make sense to introduce ourselves in case there is ever a reason to connect in the future.

Best regards,
Chinee Artificial Grass
https://www.china-artificial-grass.com/",artificial grass,
2026-04-02 14:28:57,Houston Fake Grass – demo,sales@houstonfakegrass.com,发送成功,"Quick note on your artificial grass, artificial grass installation, and sports landscaping","Hi Houston Fake Grass – demo team,

I noticed that Houston Fake Grass – demo is involved in artificial grass, artificial grass installation, and sports landscaping. It seems you have a clear focus on your business, and I wanted to reach out in a simple way.

I am writing from Chinee Artificial Grass. We work with international partners in a practical and consistent way, with attention to clear communication and long-term cooperation. If helpful, you can also take a quick look at our website here: https://www.china-artificial-grass.com/

I thought it could still make sense to introduce ourselves in case there is ever a reason to connect in the future.

Best regards,
Chinee Artificial Grass
https://www.china-artificial-grass.com/","artificial grass, artificial grass installation, and sports landscaping",
2026-04-02 14:29:28,SYNLawn Houston,dev@rankitupmarketing.com,发送成功,Quick note on your artificial grass,"Hi SYNLawn Houston team,

I noticed that SYNLawn Houston is involved in artificial grass. It seems you have a clear focus on your business, and I wanted to reach out in a simple way.

I am writing from Chinee Artificial Grass. We work with international partners in a practical and consistent way, with attention to clear communication and long-term cooperation. If helpful, you can also take a quick look at our website here: https://www.china-artificial-grass.com/

I thought it could still make sense to introduce ourselves in case there is ever a reason to connect in the future.

Best regards,
Chinee Artificial Grass
https://www.china-artificial-grass.com/",artificial grass,
2026-04-02 14:29:59,Realturf Houston,office@realturfusa.com,发送成功,Quick note on your artificial grass,"Hi Realturf Houston team,

I noticed that Realturf Houston is involved in artificial grass. It seems you have a clear focus on your business, and I wanted to reach out in a simple way.

I am writing from Chinee Artificial Grass. We work with international partners in a practical and consistent way, with attention to clear communication and long-term cooperation. If helpful, you can also take a quick look at our website here: https://www.china-artificial-grass.com/

I thought it could still make sense to introduce ourselves in case there is ever a reason to connect in the future.

Best regards,
Chinee Artificial Grass
https://www.china-artificial-grass.com/",artificial grass,
2026-04-02 14:30:30,Go,office@go-turf.com,发送成功,"Quick note on your artificial grass, artificial grass installation, and landscaping solutions","Hi Go team,

I noticed that Go is involved in artificial grass, artificial grass installation, and landscaping solutions. It seems you have a clear focus on your business, and I wanted to reach out in a simple way.

I am writing from Chinee Artificial Grass. We work with international partners in a practical and consistent way, with attention to clear communication and long-term cooperation. If helpful, you can also take a quick look at our website here: https://www.china-artificial-grass.com/

I thought it could still make sense to introduce ourselves in case there is ever a reason to connect in the future.

Best regards,
Chinee Artificial Grass
https://www.china-artificial-grass.com/","artificial grass, artificial grass installation, and landscaping solutions",
2026-04-02 14:31:00,Artificial Grass TX,info@artificialgrasstx.com,发送成功,"Quick note on your artificial grass, artificial grass installation, and artificial grass supply","Hi Artificial Grass TX team,

I noticed that Artificial Grass TX is involved in artificial grass, artificial grass installation, and artificial grass supply. It seems you have a clear focus on your business, and I wanted to reach out in a simple way.

I am writing from Chinee Artificial Grass. We work with international partners in a practical and consistent way, with attention to clear communication and long-term cooperation. If helpful, you can also take a quick look at our website here: https://www.china-artificial-grass.com/

I thought it could still make sense to introduce ourselves in case there is ever a reason to connect in the future.

Best regards,
Chinee Artificial Grass
https://www.china-artificial-grass.com/","artificial grass, artificial grass installation, and artificial grass supply",
2026-04-02 14:31:31,Green Yard Texas,sales@greenyardtexas.com,发送成功,"Quick note on your artificial grass, artificial grass installation, and landscaping solutions","Hi Green Yard Texas team,

I noticed that Green Yard Texas is involved in artificial grass, artificial grass installation, and landscaping solutions. It seems you have a clear focus on your business, and I wanted to reach out in a simple way.

I am writing from Chinee Artificial Grass. We work with international partners in a practical and consistent way, with attention to clear communication and long-term cooperation. If helpful, you can also take a quick look at our website here: https://www.china-artificial-grass.com/

I thought it could still make sense to introduce ourselves in case there is ever a reason to connect in the future.

Best regards,
Chinee Artificial Grass
https://www.china-artificial-grass.com/","artificial grass, artificial grass installation, and landscaping solutions",
2026-04-02 14:32:02,National Greens,office@nationalgreens.com,发送成功,Quick note on your artificial grass and landscaping solutions,"Hi National Greens team,

I noticed that National Greens is involved in artificial grass and landscaping solutions. It seems you have a clear focus on your business, and I wanted to reach out in a simple way.

I am writing from Chinee Artificial Grass. We work with international partners in a practical and consistent way, with attention to clear communication and long-term cooperation. If helpful, you can also take a quick look at our website here: https://www.china-artificial-grass.com/

I thought it could still make sense to introduce ourselves in case there is ever a reason to connect in the future.

Best regards,
Chinee Artificial Grass
https://www.china-artificial-grass.com/",artificial grass and landscaping solutions,
2026-04-02 14:32:33,Westgreen Houston Turf,katysales@westgreenhoustonturf.com,发送成功,Quick note on your artificial grass,"Hi Westgreen Houston Turf team,

I noticed that Westgreen Houston Turf is involved in artificial grass. It seems you have a clear focus on your business, and I wanted to reach out in a simple way.

I am writing from Chinee Artificial Grass. We work with international partners in a practical and consistent way, with attention to clear communication and long-term cooperation. If helpful, you can also take a quick look at our website here: https://www.china-artificial-grass.com/

I thought it could still make sense to introduce ourselves in case there is ever a reason to connect in the future.

Best regards,
Chinee Artificial Grass
https://www.china-artificial-grass.com/",artificial grass,
2026-04-02 14:33:03,STI of Houston,mramirez@stihouston.com,发送成功,Quick note on your artificial grass and landscaping solutions,"Hi STI of Houston team,

I noticed that STI of Houston is involved in artificial grass and landscaping solutions. It seems you have a clear focus on your business, and I wanted to reach out in a simple way.

I am writing from Chinee Artificial Grass. We work with international partners in a practical and consistent way, with attention to clear communication and long-term cooperation. If helpful, you can also take a quick look at our website here: https://www.china-artificial-grass.com/

I thought it could still make sense to introduce ourselves in case there is ever a reason to connect in the future.

Best regards,
Chinee Artificial Grass
https://www.china-artificial-grass.com/",artificial grass and landscaping solutions,
2026-04-02 14:33:34,Ideal Turf,info@ideal-turf.com,发送成功,Quick note on your artificial grass and landscaping solutions,"Hi Ideal Turf team,

I noticed that Ideal Turf is involved in artificial grass and landscaping solutions. It seems you have a clear focus on your business, and I wanted to reach out in a simple way.

I am writing from Chinee Artificial Grass. We work with international partners in a practical and consistent way, with attention to clear communication and long-term cooperation. If helpful, you can also take a quick look at our website here: https://www.china-artificial-grass.com/

I thought it could still make sense to introduce ourselves in case there is ever a reason to connect in the future.

Best regards,
Chinee Artificial Grass
https://www.china-artificial-grass.com/",artificial grass and landscaping solutions,
2026-04-02 14:34:05,Achieve the Lawn of your Dreams,satisfaction713.896.4744mtsales@mataturf.com,发送成功,Quick note on your artificial grass and landscaping solutions,"Hi Achieve the Lawn of your Dreams team,

I noticed that Achieve the Lawn of your Dreams is involved in artificial grass and landscaping solutions. It seems you have a clear focus on your business, and I wanted to reach out in a simple way.

I am writing from Chinee Artificial Grass. We work with international partners in a practical and consistent way, with attention to clear communication and long-term cooperation. If helpful, you can also take a quick look at our website here: https://www.china-artificial-grass.com/

I thought it could still make sense to introduce ourselves in case there is ever a reason to connect in the future.

Best regards,
Chinee Artificial Grass
https://www.china-artificial-grass.com/",artificial grass and landscaping solutions,
2026-04-02 14:34:36,JS Green Star Synthetic Turf,info@jsgsturf.com,发送成功,Quick note on your artificial grass,"Hi JS Green Star Synthetic Turf team,

I noticed that JS Green Star Synthetic Turf is involved in artificial grass. It seems you have a clear focus on your business, and I wanted to reach out in a simple way.

I am writing from Chinee Artificial Grass. We work with international partners in a practical and consistent way, with attention to clear communication and long-term cooperation. If helpful, you can also take a quick look at our website here: https://www.china-artificial-grass.com/

I thought it could still make sense to introduce ourselves in case there is ever a reason to connect in the future.

Best regards,
Chinee Artificial Grass
https://www.china-artificial-grass.com/",artificial grass,
2026-04-02 14:35:06,TexArtTurf,jamesdlouden@gmail.comareas,发送成功,"Quick note on your artificial grass, artificial grass installation, and landscaping solutions","Hi TexArtTurf team,

I noticed that TexArtTurf is involved in artificial grass, artificial grass installation, and landscaping solutions. It seems you have a clear focus on your business, and I wanted to reach out in a simple way.

I am writing from Chinee Artificial Grass. We work with international partners in a practical and consistent way, with attention to clear communication and long-term cooperation. If helpful, you can also take a quick look at our website here: https://www.china-artificial-grass.com/

I thought it could still make sense to introduce ourselves in case there is ever a reason to connect in the future.

Best regards,
Chinee Artificial Grass
https://www.china-artificial-grass.com/","artificial grass, artificial grass installation, and landscaping solutions",
2026-04-02 14:35:37,Horizon Turf and Greens,jonathan@horizonturfco.com,发送成功,"Quick note on your artificial grass, artificial grass installation, and landscaping solutions","Hi Horizon Turf and Greens team,

I noticed that Horizon Turf and Greens is involved in artificial grass, artificial grass installation, and landscaping solutions. It seems you have a clear focus on your business, and I wanted to reach out in a simple way.

I am writing from Chinee Artificial Grass. We work with international partners in a practical and consistent way, with attention to clear communication and long-term cooperation. If helpful, you can also take a quick look at our website here: https://www.china-artificial-grass.com/

I thought it could still make sense to introduce ourselves in case there is ever a reason to connect in the future.

Best regards,
Chinee Artificial Grass
https://www.china-artificial-grass.com/","artificial grass, artificial grass installation, and landscaping solutions",
2026-04-02 14:36:08,King Ranch Turfgrass,green@2x.png,发送成功,Quick note on your artificial grass,"Hi King Ranch Turfgrass team,

I noticed that King Ranch Turfgrass is involved in artificial grass. It seems you have a clear focus on your business, and I wanted to reach out in a simple way.

I am writing from Chinee Artificial Grass. We work with international partners in a practical and consistent way, with attention to clear communication and long-term cooperation. If helpful, you can also take a quick look at our website here: https://www.china-artificial-grass.com/

I thought it could still make sense to introduce ourselves in case there is ever a reason to connect in the future.

Best regards,
Chinee Artificial Grass
https://www.china-artificial-grass.com/",artificial grass,
2026-04-02 14:36:38,Texas Garden Materials,sales@texasgardenmaterials.com,发送成功,"Quick note on your artificial grass, artificial grass installation, and artificial grass supply","Hi Texas Garden Materials team,

I noticed that Texas Garden Materials is involved in artificial grass, artificial grass installation, and artificial grass supply. It seems you have a clear focus on your business, and I wanted to reach out in a simple way.

I am writing from Chinee Artificial Grass. We work with international partners in a practical and consistent way, with attention to clear communication and long-term cooperation. If helpful, you can also take a quick look at our website here: https://www.china-artificial-grass.com/

I thought it could still make sense to introduce ourselves in case there is ever a reason to connect in the future.

Best regards,
Chinee Artificial Grass
https://www.china-artificial-grass.com/","artificial grass, artificial grass installation, and artificial grass supply",
2026-04-02 14:37:09,"Landscaping Project in Houston, TX",brokersgrasshouston2@yahoo.com,发送成功,"Quick note on your artificial grass, artificial grass installation, and artificial grass supply","Hi Landscaping Project in Houston, TX team,

I noticed that Landscaping Project in Houston, TX is involved in artificial grass, artificial grass installation, and artificial grass supply. It seems you have a clear focus on your business, and I wanted to reach out in a simple way.

I am writing from Chinee Artificial Grass. We work with international partners in a practical and consistent way, with attention to clear communication and long-term cooperation. If helpful, you can also take a quick look at our website here: https://www.china-artificial-grass.com/

I thought it could still make sense to introduce ourselves in case there is ever a reason to connect in the future.

Best regards,
Chinee Artificial Grass
https://www.china-artificial-grass.com/","artificial grass, artificial grass installation, and artificial grass supply",
2026-04-02 15:13:25,傅月虹 <fuyuehong2024@163.com>,fuyuehong2024@163.com,自动回复成功,Re: 回复：Quick note on your ：landscapingartificial grassinstallationservices and artificial grass,"Dear 傅月虹,

Installation time depends on the project size and complexity. For a standard residential lawn, it typically takes 1–3 days. Larger or more complex projects may require additional time. If you have specific project details, we can provide a more accurate estimate.

Best regards,
Chinee Artificial Grass
https://www.china-artificial-grass.com/",auto reply,
2026-04-02 15:27:37,傅月虹 <fuyuehong2024@163.com>,fuyuehong2024@163.com,自动回复成功,Re: 回复：Quick note on your ：landscapingartificial grassinstallationservices and artificial grass,"Dear 傅月虹,

For a typical residential garden (about 50–100 ㎡), installation takes 1–3 working days. Larger commercial or sports fields take 7–30 days depending on size and site conditions.

Best regards,
Chinee Artificial Grass
https://www.china-artificial-grass.com/",auto reply,
2026-04-02 15:29:15,傅月虹 <fuyuehong2024@163.com>,fuyuehong2024@163.com,自动回复成功,Re: 回复：Quick note on your ：landscapingartificial grassinstallationservices and artificial grass,"Dear 傅月虹,

Sure! You can download our full product catalogue directly from our official website here: https://www.china-artificial-grass.com/Catalogue Please feel free to reach out if you have any questions about the products listed.

Best regards,
Chinee Artificial Grass
https://www.china-artificial-grass.com/",auto reply,
2026-04-02 15:36:48,傅月虹 <fuyuehong2024@163.com>,fuyuehong2024@163.com,自动回复成功,Re: 回复：Quick note on your ：landscapingartificial grassinstallationservices and artificial grass,"Dear 傅月虹,

Sure! You can download our full product catalogue directly from our official website here: https://www.china-artificial-grass.com/Catalogue Please feel free to reach out if you have any questions about the products listed.

Best regards,
Chinee Artificial Grass
https://www.china-artificial-grass.com/",auto reply,
2026-04-02 15:45:52,傅月虹 <fuyuehong2024@163.com>,fuyuehong2024@163.com,自动回复成功,Re: 回复：Quick note on your ：landscapingartificial grassinstallationservices and artificial grass,"Dear 傅月虹,

Sure! You can download our full product catalogue directly from our official website here: https://www.china-artificial-grass.com/Catalogue Please feel free to reach out if you have any questions about the products listed.

Best regards,
Chinee Artificial Grass
https://www.china-artificial-grass.com/",auto reply,
2026-04-02 15:51:42,傅月虹 <fuyuehong2024@163.com>,fuyuehong2024@163.com,自动回复成功,Re: 回复：Quick note on your ：landscapingartificial grassinstallationservices and artificial grass,"Dear 傅月虹,

Thank you for your question. Our artificial turf is UV-resistant and designed to minimize fading from sun exposure. The exact durability depends on the product grade and usage conditions. For detailed specifications, please refer to our catalog or let us know if you need specific product information.

Best regards,
Chinee Artificial Grass
https://www.china-artificial-grass.com/",auto reply,
2026-04-02 15:55:17,傅月虹 <fuyuehong2024@163.com>,fuyuehong2024@163.com,自动回复成功,Re: 回复：Quick note on your ：landscapingartificial grassinstallationservices and artificial grass,"Dear 傅月虹,

Our artificial grass is designed with a permeable backing and small drainage holes to allow water to pass through easily. This helps prevent pooling and ensures efficient drainage during rain. If you'd like more technical details or product specifications, please let me know.

Best regards,
Chinee Artificial Grass
https://www.china-artificial-grass.com/",auto reply,
2026-04-02 15:58:43,傅月虹 <fuyuehong2024@163.com>,fuyuehong2024@163.com,自动回复成功,Re: 回复：Quick note on your ：landscapingartificial grassinstallationservices and artificial grass,"Dear 傅月虹,

Thank you for your interest. We'd be happy to share more about our products and services.
Please let us know if you have any specific questions or requirements.

Best regards,
Chinee Artificial Grass
https://www.china-artificial-grass.com/",auto reply,
2026-04-02 16:02:36,傅月虹 <fuyuehong2024@163.com>,fuyuehong2024@163.com,自动回复成功,Re: 回复：Quick note on your ：landscapingartificial grassinstallationservices and artificial grass,"Dear 傅月虹,

Sure! You can download our full product catalogue directly from our official website here: https://www.china-artificial-grass.com/Catalogue Please feel free to reach out if you have any questions about the products listed.

Best regards,
Chinee Artificial Grass
https://www.china-artificial-grass.com/",auto reply,
2026-04-03 13:46:31,All Season Services LLC,sales@allseasonservicesllc.com,发送成功,Quick note on your artificial grass,"Hi All Season Services LLC team,

I noticed that All Season Services LLC is involved in artificial grass. It seems you have a clear focus on your business, and I wanted to reach out in a simple way.

I am writing from Chinee Artificial Grass. We work with international partners in a practical and consistent way, with attention to clear communication and long-term cooperation. If helpful, you can also take a quick look at our website here: https://www.china-artificial-grass.com/

I thought it could still make sense to introduce ourselves in case there is ever a reason to connect in the future.

Best regards,
Chinee Artificial Grass
https://www.china-artificial-grass.com/",artificial grass,
2026-04-03 13:47:02,Grass365,pags@grass365.com,发送成功,Quick note on your artificial grass,"Hi Grass365 team,

I noticed that Grass365 is involved in artificial grass. It seems you have a clear focus on your business, and I wanted to reach out in a simple way.

I am writing from Chinee Artificial Grass. We work with international partners in a practical and consistent way, with attention to clear communication and long-term cooperation. If helpful, you can also take a quick look at our website here: https://www.china-artificial-grass.com/

I thought it could still make sense to introduce ourselves in case there is ever a reason to connect in the future.

Best regards,
Chinee Artificial Grass
https://www.china-artificial-grass.com/",artificial grass,
2026-04-03 13:47:33,Touchdown Turf,touchdownturf@gmail.com,发送成功,Quick note on your artificial grass,"Hi Touchdown Turf team,

I noticed that Touchdown Turf is involved in artificial grass. It seems you have a clear focus on your business, and I wanted to reach out in a simple way.

I am writing from Chinee Artificial Grass. We work with international partners in a practical and consistent way, with attention to clear communication and long-term cooperation. If helpful, you can also take a quick look at our website here: https://www.china-artificial-grass.com/

I thought it could still make sense to introduce ourselves in case there is ever a reason to connect in the future.

Best regards,
Chinee Artificial Grass
https://www.china-artificial-grass.com/",artificial grass,
2026-04-03 13:48:04,ForeverLawn,860-3568northstarleasing.comlucy@northstarleasing.com,发送成功,Quick note on your artificial grass and sports landscaping,"Hi ForeverLawn team,

I noticed that ForeverLawn is involved in artificial grass and sports landscaping. It seems you have a clear focus on your business, and I wanted to reach out in a simple way.

I am writing from Chinee Artificial Grass. We work with international partners in a practical and consistent way, with attention to clear communication and long-term cooperation. If helpful, you can also take a quick look at our website here: https://www.china-artificial-grass.com/

I thought it could still make sense to introduce ourselves in case there is ever a reason to connect in the future.

Best regards,
Chinee Artificial Grass
https://www.china-artificial-grass.com/",artificial grass and sports landscaping,
2026-04-03 13:48:34,SYNLawn Los Angeles,synlawn-humane-society-of-st-lucie-county-synlawn-artificial-grass@-1024x421.jpg,发送失败,,,"artificial grass, artificial grass installation, and contract projects","{'synlawn-humane-society-of-st-lucie-county-synlawn-artificial-grass@-1024x421.jpg': (501, b'5.1.3 Bad recipient address syntax')}"
2026-04-03 16:08:46,SYNLawn Los Angeles,synlawn-humane-society-of-st-lucie-county-synlawn-artificial-grass@-1024x421.jpg,发送失败,,,"artificial grass, artificial grass installation, and contract projects","{'synlawn-humane-society-of-st-lucie-county-synlawn-artificial-grass@-1024x421.jpg': (501, b'5.1.3 Bad recipient address syntax')}"
2026-04-03 16:09:47,Topper's Turf,topper@toppersturf.com,发送成功,Quick note on your artificial grass and landscaping solutions,"Hi Topper's Turf team,

I noticed that Topper's Turf is involved in artificial grass and landscaping solutions. It seems you have a clear focus on your business, and I wanted to reach out in a simple way.

I am writing from Chinee Artificial Grass. We work with international partners in a practical and consistent way, with attention to clear communication and long-term cooperation. If helpful, you can also take a quick look at our website here: https://www.china-artificial-grass.com/

I thought it could still make sense to introduce ourselves in case there is ever a reason to connect in the future.

Best regards,
Chinee Artificial Grass
https://www.china-artificial-grass.com/",artificial grass and landscaping solutions,
2026-04-03 16:10:48,"Beautiful, Low",info@waterlessturf.com,发送成功,"Quick note on your artificial grass, artificial grass installation, and landscaping solutions","Hi Beautiful, Low team,

I noticed that Beautiful, Low is involved in artificial grass, artificial grass installation, and landscaping solutions. It seems you have a clear focus on your business, and I wanted to reach out in a simple way.

I am writing from Chinee Artificial Grass. We work with international partners in a practical and consistent way, with attention to clear communication and long-term cooperation. If helpful, you can also take a quick look at our website here: https://www.china-artificial-grass.com/

I thought it could still make sense to introduce ourselves in case there is ever a reason to connect in the future.

Best regards,
Chinee Artificial Grass
https://www.china-artificial-grass.com/","artificial grass, artificial grass installation, and landscaping solutions",
2026-04-03 16:11:49,Artificial Turf and Grass Installation Los Angeles,2603info@ecograssus.com,发送成功,"Quick note on your artificial grass, artificial grass installation, and landscaping solutions","Hi Artificial Turf and Grass Installation Los Angeles team,

I noticed that Artificial Turf and Grass Installation Los Angeles is involved in artificial grass, artificial grass installation, and landscaping solutions. It seems you have a clear focus on your business, and I wanted to reach out in a simple way.

I am writing from Chinee Artificial Grass. We work with international partners in a practical and consistent way, with attention to clear communication and long-term cooperation. If helpful, you can also take a quick look at our website here: https://www.china-artificial-grass.com/

I thought it could still make sense to introduce ourselves in case there is ever a reason to connect in the future.

Best regards,
Chinee Artificial Grass
https://www.china-artificial-grass.com/","artificial grass, artificial grass installation, and landscaping solutions",
2026-04-03 16:12:49,Artificial Privacy Fence and Grass Fence Panels - Los Angeles Grasstik,info@grasstik.com,发送成功,Quick note on your artificial grass,"Hi Artificial Privacy Fence and Grass Fence Panels - Los Angeles Grasstik team,

I noticed that Artificial Privacy Fence and Grass Fence Panels - Los Angeles Grasstik is involved in artificial grass. It seems you have a clear focus on your business, and I wanted to reach out in a simple way.

I am writing from Chinee Artificial Grass. We work with international partners in a practical and consistent way, with attention to clear communication and long-term cooperation. If helpful, you can also take a quick look at our website here: https://www.china-artificial-grass.com/

I thought it could still make sense to introduce ourselves in case there is ever a reason to connect in the future.

Best regards,
Chinee Artificial Grass
https://www.china-artificial-grass.com/",artificial grass,
2026-04-03 16:13:50,Future Grass,contact@thefuturegrass.com,发送成功,"Quick note on your artificial grass, artificial grass installation, and landscaping solutions","Hi Future Grass team,

I noticed that Future Grass is involved in artificial grass, artificial grass installation, and landscaping solutions. It seems you have a clear focus on your business, and I wanted to reach out in a simple way.

I am writing from Chinee Artificial Grass. We work with international partners in a practical and consistent way, with attention to clear communication and long-term cooperation. If helpful, you can also take a quick look at our website here: https://www.china-artificial-grass.com/

I thought it could still make sense to introduce ourselves in case there is ever a reason to connect in the future.

Best regards,
Chinee Artificial Grass
https://www.china-artificial-grass.com/","artificial grass, artificial grass installation, and landscaping solutions",
2026-04-03 16:14:51,L.A. Turf Company,laturfcompany@gmail.comphone,发送成功,"Quick note on your artificial grass, artificial grass installation, and contract projects","Hi L.A. Turf Company team,

I noticed that L.A. Turf Company is involved in artificial grass, artificial grass installation, and contract projects. It seems you have a clear focus on your business, and I wanted to reach out in a simple way.

I am writing from Chinee Artificial Grass. We work with international partners in a practical and consistent way, with attention to clear communication and long-term cooperation. If helpful, you can also take a quick look at our website here: https://www.china-artificial-grass.com/

I thought it could still make sense to introduce ourselves in case there is ever a reason to connect in the future.

Best regards,
Chinee Artificial Grass
https://www.china-artificial-grass.com/","artificial grass, artificial grass installation, and contract projects",
2026-04-03 16:15:52,Artificial Grass Los Angeles CA,location213-431-0832info@artificialgrasslosangelesca.commonday,发送成功,"Quick note on your artificial grass, artificial grass installation, and artificial grass supply","Hi Artificial Grass Los Angeles CA team,

I noticed that Artificial Grass Los Angeles CA is involved in artificial grass, artificial grass installation, and artificial grass supply. It seems you have a clear focus on your business, and I wanted to reach out in a simple way.

I am writing from Chinee Artificial Grass. We work with international partners in a practical and consistent way, with attention to clear communication and long-term cooperation. If helpful, you can also take a quick look at our website here: https://www.china-artificial-grass.com/

I thought it could still make sense to introduce ourselves in case there is ever a reason to connect in the future.

Best regards,
Chinee Artificial Grass
https://www.china-artificial-grass.com/","artificial grass, artificial grass installation, and artificial grass supply",
2026-04-03 16:16:52,Turf Now!,info@turfnow.com,发送成功,"Quick note on your artificial grass, artificial grass installation, and landscaping solutions","Hi Turf Now! team,

I noticed that Turf Now! is involved in artificial grass, artificial grass installation, and landscaping solutions. It seems you have a clear focus on your business, and I wanted to reach out in a simple way.

I am writing from Chinee Artificial Grass. We work with international partners in a practical and consistent way, with attention to clear communication and long-term cooperation. If helpful, you can also take a quick look at our website here: https://www.china-artificial-grass.com/

I thought it could still make sense to introduce ourselves in case there is ever a reason to connect in the future.

Best regards,
Chinee Artificial Grass
https://www.china-artificial-grass.com/","artificial grass, artificial grass installation, and landscaping solutions",
2026-04-03 16:17:53,Lakeview,info@chiturf.com,发送成功,"Quick note on your artificial grass, artificial grass supply, and artificial grass wholesale","Hi Lakeview team,

I noticed that Lakeview is involved in artificial grass, artificial grass supply, and artificial grass wholesale. It seems you have a clear focus on your business, and I wanted to reach out in a simple way.

I am writing from Chinee Artificial Grass. We work with international partners in a practical and consistent way, with attention to clear communication and long-term cooperation. If helpful, you can also take a quick look at our website here: https://www.china-artificial-grass.com/

I thought it could still make sense to introduce ourselves in case there is ever a reason to connect in the future.

Best regards,
Chinee Artificial Grass
https://www.china-artificial-grass.com/","artificial grass, artificial grass supply, and artificial grass wholesale",
2026-04-03 16:18:54,Synthetic Turf of Illinois,larry@synturfil.com,发送成功,Quick note on your artificial grass,"Hi Synthetic Turf of Illinois team,

I noticed that Synthetic Turf of Illinois is involved in artificial grass. It seems you have a clear focus on your business, and I wanted to reach out in a simple way.

I am writing from Chinee Artificial Grass. We work with international partners in a practical and consistent way, with attention to clear communication and long-term cooperation. If helpful, you can also take a quick look at our website here: https://www.china-artificial-grass.com/

I thought it could still make sense to introduce ourselves in case there is ever a reason to connect in the future.

Best regards,
Chinee Artificial Grass
https://www.china-artificial-grass.com/",artificial grass,
2026-04-03 16:19:55,RLG Landscaping,rick@rlglandscaping.com,发送成功,"Quick note on your artificial grass, artificial grass installation, and artificial grass supply","Hi RLG Landscaping team,

I noticed that RLG Landscaping is involved in artificial grass, artificial grass installation, and artificial grass supply. It seems you have a clear focus on your business, and I wanted to reach out in a simple way.

I am writing from Chinee Artificial Grass. We work with international partners in a practical and consistent way, with attention to clear communication and long-term cooperation. If helpful, you can also take a quick look at our website here: https://www.china-artificial-grass.com/

I thought it could still make sense to introduce ourselves in case there is ever a reason to connect in the future.

Best regards,
Chinee Artificial Grass
https://www.china-artificial-grass.com/","artificial grass, artificial grass installation, and artificial grass supply",
2026-04-03 16:20:55,Northwest Lawn & Power Equip,605a7baede844d278b89dc95ae0a9123@sentry-next.wixpress.com,发送成功,Quick note on your artificial grass and sports landscaping,"Hi Northwest Lawn & Power Equip team,

I noticed that Northwest Lawn & Power Equip is involved in artificial grass and sports landscaping. It seems you have a clear focus on your business, and I wanted to reach out in a simple way.

I am writing from Chinee Artificial Grass. We work with international partners in a practical and consistent way, with attention to clear communication and long-term cooperation. If helpful, you can also take a quick look at our website here: https://www.china-artificial-grass.com/

I thought it could still make sense to introduce ourselves in case there is ever a reason to connect in the future.

Best regards,
Chinee Artificial Grass
https://www.china-artificial-grass.com/",artificial grass and sports landscaping,
2026-04-03 16:21:56,Chicagoland Materials,info@chicagolandmaterials.com,发送成功,"Quick note on your artificial grass, artificial grass installation, and artificial grass supply","Hi Chicagoland Materials team,

I noticed that Chicagoland Materials is involved in artificial grass, artificial grass installation, and artificial grass supply. It seems you have a clear focus on your business, and I wanted to reach out in a simple way.

I am writing from Chinee Artificial Grass. We work with international partners in a practical and consistent way, with attention to clear communication and long-term cooperation. If helpful, you can also take a quick look at our website here: https://www.china-artificial-grass.com/

I thought it could still make sense to introduce ourselves in case there is ever a reason to connect in the future.

Best regards,
Chinee Artificial Grass
https://www.china-artificial-grass.com/","artificial grass, artificial grass installation, and artificial grass supply",
2026-04-03 16:22:57,Central Pro Supply,info@centralpros.com,发送成功,"Quick note on your artificial grass, artificial grass supply, and artificial grass wholesale","Hi Central Pro Supply team,

I noticed that Central Pro Supply is involved in artificial grass, artificial grass supply, and artificial grass wholesale. It seems you have a clear focus on your business, and I wanted to reach out in a simple way.

I am writing from Chinee Artificial Grass. We work with international partners in a practical and consistent way, with attention to clear communication and long-term cooperation. If helpful, you can also take a quick look at our website here: https://www.china-artificial-grass.com/

I thought it could still make sense to introduce ourselves in case there is ever a reason to connect in the future.

Best regards,
Chinee Artificial Grass
https://www.china-artificial-grass.com/","artificial grass, artificial grass supply, and artificial grass wholesale",
2026-04-03 16:23:58,US Artificial Grass of Chicago,play@chicagoparkdistrict.com,发送成功,"Quick note on your artificial grass, artificial grass installation, and artificial grass supply","Hi US Artificial Grass of Chicago team,

I noticed that US Artificial Grass of Chicago is involved in artificial grass, artificial grass installation, and artificial grass supply. It seems you have a clear focus on your business, and I wanted to reach out in a simple way.

I am writing from Chinee Artificial Grass. We work with international partners in a practical and consistent way, with attention to clear communication and long-term cooperation. If helpful, you can also take a quick look at our website here: https://www.china-artificial-grass.com/

I thought it could still make sense to introduce ourselves in case there is ever a reason to connect in the future.

Best regards,
Chinee Artificial Grass
https://www.china-artificial-grass.com/","artificial grass, artificial grass installation, and artificial grass supply",
2026-04-03 16:24:58,Camargo Landscaping,camargolandscaping@gmail.comhoursmon,发送成功,"Quick note on your artificial grass, artificial grass installation, and artificial grass supply","Hi Camargo Landscaping team,

I noticed that Camargo Landscaping is involved in artificial grass, artificial grass installation, and artificial grass supply. It seems you have a clear focus on your business, and I wanted to reach out in a simple way.

I am writing from Chinee Artificial Grass. We work with international partners in a practical and consistent way, with attention to clear communication and long-term cooperation. If helpful, you can also take a quick look at our website here: https://www.china-artificial-grass.com/

I thought it could still make sense to introduce ourselves in case there is ever a reason to connect in the future.

Best regards,
Chinee Artificial Grass
https://www.china-artificial-grass.com/","artificial grass, artificial grass installation, and artificial grass supply",
2026-04-03 16:25:59,medinalawncare,carlos@medinalawncare.com,发送成功,"Quick note on your artificial grass, artificial grass installation, and artificial grass supply","Hi medinalawncare team,

I noticed that medinalawncare is involved in artificial grass, artificial grass installation, and artificial grass supply. It seems you have a clear focus on your business, and I wanted to reach out in a simple way.

I am writing from Chinee Artificial Grass. We work with international partners in a practical and consistent way, with attention to clear communication and long-term cooperation. If helpful, you can also take a quick look at our website here: https://www.china-artificial-grass.com/

I thought it could still make sense to introduce ourselves in case there is ever a reason to connect in the future.

Best regards,
Chinee Artificial Grass
https://www.china-artificial-grass.com/","artificial grass, artificial grass installation, and artificial grass supply",
2026-04-03 16:27:00,Russo Power Equipment,russo@russopower.com,发送成功,"Quick note on your artificial grass, artificial grass installation, and artificial grass supply","Hi Russo Power Equipment team,

I noticed that Russo Power Equipment is involved in artificial grass, artificial grass installation, and artificial grass supply. It seems you have a clear focus on your business, and I wanted to reach out in a simple way.

I am writing from Chinee Artificial Grass. We work with international partners in a practical and consistent way, with attention to clear communication and long-term cooperation. If helpful, you can also take a quick look at our website here: https://www.china-artificial-grass.com/

I thought it could still make sense to introduce ourselves in case there is ever a reason to connect in the future.

Best regards,
Chinee Artificial Grass
https://www.china-artificial-grass.com/","artificial grass, artificial grass installation, and artificial grass supply",
2026-04-03 16:28:01,lisascape,lisacreativelandscape@gmail.com,发送成功,"Quick note on your artificial grass, artificial grass installation, and artificial grass supply","Hi lisascape team,

I noticed that lisascape is involved in artificial grass, artificial grass installation, and artificial grass supply. It seems you have a clear focus on your business, and I wanted to reach out in a simple way.

I am writing from Chinee Artificial Grass. We work with international partners in a practical and consistent way, with attention to clear communication and long-term cooperation. If helpful, you can also take a quick look at our website here: https://www.china-artificial-grass.com/

I thought it could still make sense to introduce ourselves in case there is ever a reason to connect in the future.

Best regards,
Chinee Artificial Grass
https://www.china-artificial-grass.com/","artificial grass, artificial grass installation, and artificial grass supply",
2026-04-03 16:29:01,SuperGreen Hardscapes →,info@supergreenhardscapes.com,发送成功,"Quick note on your artificial grass, artificial grass supply, and artificial grass wholesale","Hi SuperGreen Hardscapes → team,

I noticed that SuperGreen Hardscapes → is involved in artificial grass, artificial grass supply, and artificial grass wholesale. It seems you have a clear focus on your business, and I wanted to reach out in a simple way.

I am writing from Chinee Artificial Grass. We work with international partners in a practical and consistent way, with attention to clear communication and long-term cooperation. If helpful, you can also take a quick look at our website here: https://www.china-artificial-grass.com/

I thought it could still make sense to introduce ourselves in case there is ever a reason to connect in the future.

Best regards,
Chinee Artificial Grass
https://www.china-artificial-grass.com/","artificial grass, artificial grass supply, and artificial grass wholesale",
2026-04-03 16:30:06,Superior Lawn Care & Snow Removal LLC,superiorlawncare40@gmail.com,发送成功,"Quick note on your artificial grass, artificial grass installation, and artificial grass supply","Hi Superior Lawn Care & Snow Removal LLC team,

I noticed that Superior Lawn Care & Snow Removal LLC is involved in artificial grass, artificial grass installation, and artificial grass supply. It seems you have a clear focus on your business, and I wanted to reach out in a simple way.

I am writing from Chinee Artificial Grass. We work with international partners in a practical and consistent way, with attention to clear communication and long-term cooperation. If helpful, you can also take a quick look at our website here: https://www.china-artificial-grass.com/

I thought it could still make sense to introduce ourselves in case there is ever a reason to connect in the future.

Best regards,
Chinee Artificial Grass
https://www.china-artificial-grass.com/","artificial grass, artificial grass installation, and artificial grass supply",
2026-04-03 16:31:07,ChicagoTurfCleaning,contact@chicagoturfcleaning.com,发送成功,Quick note on your artificial grass,"Hi ChicagoTurfCleaning team,

I noticed that ChicagoTurfCleaning is involved in artificial grass. It seems you have a clear focus on your business, and I wanted to reach out in a simple way.

I am writing from Chinee Artificial Grass. We work with international partners in a practical and consistent way, with attention to clear communication and long-term cooperation. If helpful, you can also take a quick look at our website here: https://www.china-artificial-grass.com/

I thought it could still make sense to introduce ourselves in case there is ever a reason to connect in the future.

Best regards,
Chinee Artificial Grass
https://www.china-artificial-grass.com/",artificial grass,
2026-04-03 16:32:08,R.A.M Landscape and Patio Design LLC,magdaleno.rm@gmail.com,发送成功,"Quick note on your artificial grass, artificial grass installation, and artificial grass supply","Hi R.A.M Landscape and Patio Design LLC team,

I noticed that R.A.M Landscape and Patio Design LLC is involved in artificial grass, artificial grass installation, and artificial grass supply. It seems you have a clear focus on your business, and I wanted to reach out in a simple way.

I am writing from Chinee Artificial Grass. We work with international partners in a practical and consistent way, with attention to clear communication and long-term cooperation. If helpful, you can also take a quick look at our website here: https://www.china-artificial-grass.com/

I thought it could still make sense to introduce ourselves in case there is ever a reason to connect in the future.

Best regards,
Chinee Artificial Grass
https://www.china-artificial-grass.com/","artificial grass, artificial grass installation, and artificial grass supply",
2026-04-03 16:33:09,LuxTerra Outdoors,info@luxterraoutdoors.com,发送成功,"Quick note on your artificial grass, artificial grass installation, and artificial grass supply","Hi LuxTerra Outdoors team,

I noticed that LuxTerra Outdoors is involved in artificial grass, artificial grass installation, and artificial grass supply. It seems you have a clear focus on your business, and I wanted to reach out in a simple way.

I am writing from Chinee Artificial Grass. We work with international partners in a practical and consistent way, with attention to clear communication and long-term cooperation. If helpful, you can also take a quick look at our website here: https://www.china-artificial-grass.com/

I thought it could still make sense to introduce ourselves in case there is ever a reason to connect in the future.

Best regards,
Chinee Artificial Grass
https://www.china-artificial-grass.com/","artificial grass, artificial grass installation, and artificial grass supply",
2026-04-03 16:34:10,SP Landscaping,splandscaping75@gmail.com,发送成功,"Quick note on your artificial grass, artificial grass installation, and artificial grass supply","Hi SP Landscaping team,

I noticed that SP Landscaping is involved in artificial grass, artificial grass installation, and artificial grass supply. It seems you have a clear focus on your business, and I wanted to reach out in a simple way.

I am writing from Chinee Artificial Grass. We work with international partners in a practical and consistent way, with attention to clear communication and long-term cooperation. If helpful, you can also take a quick look at our website here: https://www.china-artificial-grass.com/

I thought it could still make sense to introduce ourselves in case there is ever a reason to connect in the future.

Best regards,
Chinee Artificial Grass
https://www.china-artificial-grass.com/","artificial grass, artificial grass installation, and artificial grass supply",
2026-04-03 16:35:10,"Garfield Ridge Landscaping Service, Lawn Care, Yard Mowing",leafgreenlawncare@gmail.com,发送成功,"Quick note on your artificial grass, artificial grass installation, and artificial grass supply","Hi Garfield Ridge Landscaping Service, Lawn Care, Yard Mowing team,

I noticed that Garfield Ridge Landscaping Service, Lawn Care, Yard Mowing is involved in artificial grass, artificial grass installation, and artificial grass supply. It seems you have a clear focus on your business, and I wanted to reach out in a simple way.

I am writing from Chinee Artificial Grass. We work with international partners in a practical and consistent way, with attention to clear communication and long-term cooperation. If helpful, you can also take a quick look at our website here: https://www.china-artificial-grass.com/

I thought it could still make sense to introduce ourselves in case there is ever a reason to connect in the future.

Best regards,
Chinee Artificial Grass
https://www.china-artificial-grass.com/","artificial grass, artificial grass installation, and artificial grass supply",
2026-04-03 16:36:12,Arts Landscaping,info@artsmaintenance.com,发送成功,Quick note on your artificial grass and landscaping solutions,"Hi Arts Landscaping team,

I noticed that Arts Landscaping is involved in artificial grass and landscaping solutions. It seems you have a clear focus on your business, and I wanted to reach out in a simple way.

I am writing from Chinee Artificial Grass. We work with international partners in a practical and consistent way, with attention to clear communication and long-term cooperation. If helpful, you can also take a quick look at our website here: https://www.china-artificial-grass.com/

I thought it could still make sense to introduce ourselves in case there is ever a reason to connect in the future.

Best regards,
Chinee Artificial Grass
https://www.china-artificial-grass.com/",artificial grass and landscaping solutions,
2026-04-03 16:37:12,"Your Outdoor Vision, Realized.",service@skylinexterior.com,发送成功,"Quick note on your artificial grass, artificial grass installation, and artificial grass supply","Hi Your Outdoor Vision, Realized. team,

I noticed that Your Outdoor Vision, Realized. is involved in artificial grass, artificial grass installation, and artificial grass supply. It seems you have a clear focus on your business, and I wanted to reach out in a simple way.

I am writing from Chinee Artificial Grass. We work with international partners in a practical and consistent way, with attention to clear communication and long-term cooperation. If helpful, you can also take a quick look at our website here: https://www.china-artificial-grass.com/

I thought it could still make sense to introduce ourselves in case there is ever a reason to connect in the future.

Best regards,
Chinee Artificial Grass
https://www.china-artificial-grass.com/","artificial grass, artificial grass installation, and artificial grass supply",
2026-04-03 16:38:13,Freshcutzlawncare,freshcutzlawncare2018@gmail.com,发送成功,"Quick note on your artificial grass, artificial grass installation, and artificial grass supply","Hi Freshcutzlawncare team,

I noticed that Freshcutzlawncare is involved in artificial grass, artificial grass installation, and artificial grass supply. It seems you have a clear focus on your business, and I wanted to reach out in a simple way.

I am writing from Chinee Artificial Grass. We work with international partners in a practical and consistent way, with attention to clear communication and long-term cooperation. If helpful, you can also take a quick look at our website here: https://www.china-artificial-grass.com/

I thought it could still make sense to introduce ourselves in case there is ever a reason to connect in the future.

Best regards,
Chinee Artificial Grass
https://www.china-artificial-grass.com/","artificial grass, artificial grass installation, and artificial grass supply",
2026-04-03 16:39:14,A.R Lawn and Snow,antoniorivas@arlawnservice.co,发送成功,Quick note on your artificial grass and landscaping solutions,"Hi A.R Lawn and Snow team,

I noticed that A.R Lawn and Snow is involved in artificial grass and landscaping solutions. It seems you have a clear focus on your business, and I wanted to reach out in a simple way.

I am writing from Chinee Artificial Grass. We work with international partners in a practical and consistent way, with attention to clear communication and long-term cooperation. If helpful, you can also take a quick look at our website here: https://www.china-artificial-grass.com/

I thought it could still make sense to introduce ourselves in case there is ever a reason to connect in the future.

Best regards,
Chinee Artificial Grass
https://www.china-artificial-grass.com/",artificial grass and landscaping solutions,
2026-04-03 16:40:15,Patch Landscaping & Snow Removal,mail@patchlandscaping.com,发送成功,Quick note on your artificial grass and landscaping solutions,"Hi Patch Landscaping & Snow Removal team,

I noticed that Patch Landscaping & Snow Removal is involved in artificial grass and landscaping solutions. It seems you have a clear focus on your business, and I wanted to reach out in a simple way.

I am writing from Chinee Artificial Grass. We work with international partners in a practical and consistent way, with attention to clear communication and long-term cooperation. If helpful, you can also take a quick look at our website here: https://www.china-artificial-grass.com/

I thought it could still make sense to introduce ourselves in case there is ever a reason to connect in the future.

Best regards,
Chinee Artificial Grass
https://www.china-artificial-grass.com/",artificial grass and landscaping solutions,
2026-04-03 16:41:16,Kemora Landscapes,info@kemoralandscapes.com,发送成功,"Quick note on your artificial grass, artificial grass installation, and artificial grass supply","Hi Kemora Landscapes team,

I noticed that Kemora Landscapes is involved in artificial grass, artificial grass installation, and artificial grass supply. It seems you have a clear focus on your business, and I wanted to reach out in a simple way.

I am writing from Chinee Artificial Grass. We work with international partners in a practical and consistent way, with attention to clear communication and long-term cooperation. If helpful, you can also take a quick look at our website here: https://www.china-artificial-grass.com/

I thought it could still make sense to introduce ourselves in case there is ever a reason to connect in the future.

Best regards,
Chinee Artificial Grass
https://www.china-artificial-grass.com/","artificial grass, artificial grass installation, and artificial grass supply",
2026-04-03 16:42:17,Hernandez Lawn Care,hernandezlsc1@gmail.com,发送成功,"Quick note on your artificial grass, artificial grass installation, and artificial grass supply","Hi Hernandez Lawn Care team,

I noticed that Hernandez Lawn Care is involved in artificial grass, artificial grass installation, and artificial grass supply. It seems you have a clear focus on your business, and I wanted to reach out in a simple way.

I am writing from Chinee Artificial Grass. We work with international partners in a practical and consistent way, with attention to clear communication and long-term cooperation. If helpful, you can also take a quick look at our website here: https://www.china-artificial-grass.com/

I thought it could still make sense to introduce ourselves in case there is ever a reason to connect in the future.

Best regards,
Chinee Artificial Grass
https://www.china-artificial-grass.com/","artificial grass, artificial grass installation, and artificial grass supply",
2026-04-03 16:43:18,VILLA PROPERTY MAINTENANCE,contact@villamaintenance.us,发送成功,"Quick note on your artificial grass, artificial grass installation, and artificial grass supply","Hi VILLA PROPERTY MAINTENANCE team,

I noticed that VILLA PROPERTY MAINTENANCE is involved in artificial grass, artificial grass installation, and artificial grass supply. It seems you have a clear focus on your business, and I wanted to reach out in a simple way.

I am writing from Chinee Artificial Grass. We work with international partners in a practical and consistent way, with attention to clear communication and long-term cooperation. If helpful, you can also take a quick look at our website here: https://www.china-artificial-grass.com/

I thought it could still make sense to introduce ourselves in case there is ever a reason to connect in the future.

Best regards,
Chinee Artificial Grass
https://www.china-artificial-grass.com/","artificial grass, artificial grass installation, and artificial grass supply",
2026-04-03 16:44:18,River Fall Lawn Services,riverfall.lawnservicesllc@gmail.com,发送成功,Quick note on your artificial grass and landscaping solutions,"Hi River Fall Lawn Services team,

I noticed that River Fall Lawn Services is involved in artificial grass and landscaping solutions. It seems you have a clear focus on your business, and I wanted to reach out in a simple way.

I am writing from Chinee Artificial Grass. We work with international partners in a practical and consistent way, with attention to clear communication and long-term cooperation. If helpful, you can also take a quick look at our website here: https://www.china-artificial-grass.com/

I thought it could still make sense to introduce ourselves in case there is ever a reason to connect in the future.

Best regards,
Chinee Artificial Grass
https://www.china-artificial-grass.com/",artificial grass and landscaping solutions,
2026-04-03 16:45:19,"Tree & Turf Professionals, Inc.",thetros@treeandturf.com,发送成功,Quick note on your artificial grass and landscaping solutions,"Hi Tree & Turf Professionals, Inc. team,

I noticed that Tree & Turf Professionals, Inc. is involved in artificial grass and landscaping solutions. It seems you have a clear focus on your business, and I wanted to reach out in a simple way.

I am writing from Chinee Artificial Grass. We work with international partners in a practical and consistent way, with attention to clear communication and long-term cooperation. If helpful, you can also take a quick look at our website here: https://www.china-artificial-grass.com/

I thought it could still make sense to introduce ourselves in case there is ever a reason to connect in the future.

Best regards,
Chinee Artificial Grass
https://www.china-artificial-grass.com/",artificial grass and landscaping solutions,
2026-04-03 16:46:20,LUXURY LANDSCAPEDESIGN AT,alejandromarrufo@yahoo.com,发送成功,"Quick note on your artificial grass, artificial grass installation, and artificial grass supply","Hi LUXURY LANDSCAPEDESIGN AT team,

I noticed that LUXURY LANDSCAPEDESIGN AT is involved in artificial grass, artificial grass installation, and artificial grass supply. It seems you have a clear focus on your business, and I wanted to reach out in a simple way.

I am writing from Chinee Artificial Grass. We work with international partners in a practical and consistent way, with attention to clear communication and long-term cooperation. If helpful, you can also take a quick look at our website here: https://www.china-artificial-grass.com/

I thought it could still make sense to introduce ourselves in case there is ever a reason to connect in the future.

Best regards,
Chinee Artificial Grass
https://www.china-artificial-grass.com/","artificial grass, artificial grass installation, and artificial grass supply",
2026-04-03 16:47:21,R & G Almanza Landscape Inc,rauljr@rgalmanza.comcome,发送成功,"Quick note on your artificial grass, artificial grass installation, and artificial grass supply","Hi R & G Almanza Landscape Inc team,

I noticed that R & G Almanza Landscape Inc is involved in artificial grass, artificial grass installation, and artificial grass supply. It seems you have a clear focus on your business, and I wanted to reach out in a simple way.

I am writing from Chinee Artificial Grass. We work with international partners in a practical and consistent way, with attention to clear communication and long-term cooperation. If helpful, you can also take a quick look at our website here: https://www.china-artificial-grass.com/

I thought it could still make sense to introduce ourselves in case there is ever a reason to connect in the future.

Best regards,
Chinee Artificial Grass
https://www.china-artificial-grass.com/","artificial grass, artificial grass installation, and artificial grass supply",
2026-04-03 16:48:21,Chicago's Premier Family Owned Landscaping,leomiller0@gmail.com,发送成功,"Quick note on your artificial grass, artificial grass installation, and artificial grass supply","Hi Chicago's Premier Family Owned Landscaping team,

I noticed that Chicago's Premier Family Owned Landscaping is involved in artificial grass, artificial grass installation, and artificial grass supply. It seems you have a clear focus on your business, and I wanted to reach out in a simple way.

I am writing from Chinee Artificial Grass. We work with international partners in a practical and consistent way, with attention to clear communication and long-term cooperation. If helpful, you can also take a quick look at our website here: https://www.china-artificial-grass.com/

I thought it could still make sense to introduce ourselves in case there is ever a reason to connect in the future.

Best regards,
Chinee Artificial Grass
https://www.china-artificial-grass.com/","artificial grass, artificial grass installation, and artificial grass supply",
2026-04-03 16:49:22,Roy's Lawn Services,info@royslawnservice.com,发送成功,"Quick note on your artificial grass, artificial grass installation, and artificial grass supply","Hi Roy's Lawn Services team,

I noticed that Roy's Lawn Services is involved in artificial grass, artificial grass installation, and artificial grass supply. It seems you have a clear focus on your business, and I wanted to reach out in a simple way.

I am writing from Chinee Artificial Grass. We work with international partners in a practical and consistent way, with attention to clear communication and long-term cooperation. If helpful, you can also take a quick look at our website here: https://www.china-artificial-grass.com/

I thought it could still make sense to introduce ourselves in case there is ever a reason to connect in the future.

Best regards,
Chinee Artificial Grass
https://www.china-artificial-grass.com/","artificial grass, artificial grass installation, and artificial grass supply",
2026-04-03 16:50:23,we all love,christianw@chrisscaping.com,发送成功,"Quick note on your artificial grass, artificial grass installation, and artificial grass supply","Hi we all love team,

I noticed that we all love is involved in artificial grass, artificial grass installation, and artificial grass supply. It seems you have a clear focus on your business, and I wanted to reach out in a simple way.

I am writing from Chinee Artificial Grass. We work with international partners in a practical and consistent way, with attention to clear communication and long-term cooperation. If helpful, you can also take a quick look at our website here: https://www.china-artificial-grass.com/

I thought it could still make sense to introduce ourselves in case there is ever a reason to connect in the future.

Best regards,
Chinee Artificial Grass
https://www.china-artificial-grass.com/","artificial grass, artificial grass installation, and artificial grass supply",
2026-04-03 16:51:24,Urban Roots Inc,info@urbanrootsinc.com,发送成功,"Quick note on your artificial grass, artificial grass installation, and artificial grass supply","Hi Urban Roots Inc team,

I noticed that Urban Roots Inc is involved in artificial grass, artificial grass installation, and artificial grass supply. It seems you have a clear focus on your business, and I wanted to reach out in a simple way.

I am writing from Chinee Artificial Grass. We work with international partners in a practical and consistent way, with attention to clear communication and long-term cooperation. If helpful, you can also take a quick look at our website here: https://www.china-artificial-grass.com/

I thought it could still make sense to introduce ourselves in case there is ever a reason to connect in the future.

Best regards,
Chinee Artificial Grass
https://www.china-artificial-grass.com/","artificial grass, artificial grass installation, and artificial grass supply",
2026-04-03 16:52:24,Commercial & Residential Outdoor Property Services Chicago,info@beverlycompanies.com,发送成功,"Quick note on your artificial grass, artificial grass installation, and artificial grass supply","Hi Commercial & Residential Outdoor Property Services Chicago team,

I noticed that Commercial & Residential Outdoor Property Services Chicago is involved in artificial grass, artificial grass installation, and artificial grass supply. It seems you have a clear focus on your business, and I wanted to reach out in a simple way.

I am writing from Chinee Artificial Grass. We work with international partners in a practical and consistent way, with attention to clear communication and long-term cooperation. If helpful, you can also take a quick look at our website here: https://www.china-artificial-grass.com/

I thought it could still make sense to introduce ourselves in case there is ever a reason to connect in the future.

Best regards,
Chinee Artificial Grass
https://www.china-artificial-grass.com/","artificial grass, artificial grass installation, and artificial grass supply",
2026-04-03 16:53:25,Shoreline Landcare,contact@shorelinelandcare.com,发送成功,"Quick note on your artificial grass, artificial grass installation, and artificial grass supply","Hi Shoreline Landcare team,

I noticed that Shoreline Landcare is involved in artificial grass, artificial grass installation, and artificial grass supply. It seems you have a clear focus on your business, and I wanted to reach out in a simple way.

I am writing from Chinee Artificial Grass. We work with international partners in a practical and consistent way, with attention to clear communication and long-term cooperation. If helpful, you can also take a quick look at our website here: https://www.china-artificial-grass.com/

I thought it could still make sense to introduce ourselves in case there is ever a reason to connect in the future.

Best regards,
Chinee Artificial Grass
https://www.china-artificial-grass.com/","artificial grass, artificial grass installation, and artificial grass supply",
2026-04-03 16:54:26,Rosas Landscaping,info@rosaslandscapinglombard.com,发送成功,"Quick note on your artificial grass, artificial grass installation, and artificial grass supply","Hi Rosas Landscaping team,

I noticed that Rosas Landscaping is involved in artificial grass, artificial grass installation, and artificial grass supply. It seems you have a clear focus on your business, and I wanted to reach out in a simple way.

I am writing from Chinee Artificial Grass. We work with international partners in a practical and consistent way, with attention to clear communication and long-term cooperation. If helpful, you can also take a quick look at our website here: https://www.china-artificial-grass.com/

I thought it could still make sense to introduce ourselves in case there is ever a reason to connect in the future.

Best regards,
Chinee Artificial Grass
https://www.china-artificial-grass.com/","artificial grass, artificial grass installation, and artificial grass supply",
2026-04-03 16:55:27,Lawn Mob Landscaping Inc,lawnmoblandscapinginc@hotmail.com,发送成功,"Quick note on your artificial grass, artificial grass installation, and artificial grass supply","Hi Lawn Mob Landscaping Inc team,

I noticed that Lawn Mob Landscaping Inc is involved in artificial grass, artificial grass installation, and artificial grass supply. It seems you have a clear focus on your business, and I wanted to reach out in a simple way.

I am writing from Chinee Artificial Grass. We work with international partners in a practical and consistent way, with attention to clear communication and long-term cooperation. If helpful, you can also take a quick look at our website here: https://www.china-artificial-grass.com/

I thought it could still make sense to introduce ourselves in case there is ever a reason to connect in the future.

Best regards,
Chinee Artificial Grass
https://www.china-artificial-grass.com/","artificial grass, artificial grass installation, and artificial grass supply",
2026-04-03 16:56:28,JWD Landscaping & Outdoor Living,jwdpropertymanagement@gmail.com,发送成功,"Quick note on your artificial grass, artificial grass installation, and artificial grass supply","Hi JWD Landscaping & Outdoor Living team,

I noticed that JWD Landscaping & Outdoor Living is involved in artificial grass, artificial grass installation, and artificial grass supply. It seems you have a clear focus on your business, and I wanted to reach out in a simple way.

I am writing from Chinee Artificial Grass. We work with international partners in a practical and consistent way, with attention to clear communication and long-term cooperation. If helpful, you can also take a quick look at our website here: https://www.china-artificial-grass.com/

I thought it could still make sense to introduce ourselves in case there is ever a reason to connect in the future.

Best regards,
Chinee Artificial Grass
https://www.china-artificial-grass.com/","artificial grass, artificial grass installation, and artificial grass supply",
2026-04-03 16:57:28,Hammond 85 (landscape),contact@indianaturfcompany.com,发送成功,Quick note on your artificial grass and landscaping solutions,"Hi Hammond 85 (landscape) team,

I noticed that Hammond 85 (landscape) is involved in artificial grass and landscaping solutions. It seems you have a clear focus on your business, and I wanted to reach out in a simple way.

I am writing from Chinee Artificial Grass. We work with international partners in a practical and consistent way, with attention to clear communication and long-term cooperation. If helpful, you can also take a quick look at our website here: https://www.china-artificial-grass.com/

I thought it could still make sense to introduce ourselves in case there is ever a reason to connect in the future.

Best regards,
Chinee Artificial Grass
https://www.china-artificial-grass.com/",artificial grass and landscaping solutions,
2026-04-03 16:58:29,Green Season,info@greenseasonturf.com,发送成功,"Quick note on your artificial grass, artificial grass installation, and artificial grass supply","Hi Green Season team,

I noticed that Green Season is involved in artificial grass, artificial grass installation, and artificial grass supply. It seems you have a clear focus on your business, and I wanted to reach out in a simple way.

I am writing from Chinee Artificial Grass. We work with international partners in a practical and consistent way, with attention to clear communication and long-term cooperation. If helpful, you can also take a quick look at our website here: https://www.china-artificial-grass.com/

I thought it could still make sense to introduce ourselves in case there is ever a reason to connect in the future.

Best regards,
Chinee Artificial Grass
https://www.china-artificial-grass.com/","artificial grass, artificial grass installation, and artificial grass supply",
2026-04-03 16:59:30,Find Vistafolia in Chicago & Illinois,info@upscapers.com,发送成功,"Quick note on your artificial grass, artificial grass installation, and artificial grass supply","Hi Find Vistafolia in Chicago & Illinois team,

I noticed that Find Vistafolia in Chicago & Illinois is involved in artificial grass, artificial grass installation, and artificial grass supply. It seems you have a clear focus on your business, and I wanted to reach out in a simple way.

I am writing from Chinee Artificial Grass. We work with international partners in a practical and consistent way, with attention to clear communication and long-term cooperation. If helpful, you can also take a quick look at our website here: https://www.china-artificial-grass.com/

I thought it could still make sense to introduce ourselves in case there is ever a reason to connect in the future.

Best regards,
Chinee Artificial Grass
https://www.china-artificial-grass.com/","artificial grass, artificial grass installation, and artificial grass supply",
2026-04-03 17:00:31,GreenSpace Turf,filler@godaddy.commy,发送成功,Quick note on your artificial grass,"Hi GreenSpace Turf team,

I noticed that GreenSpace Turf is involved in artificial grass. It seems you have a clear focus on your business, and I wanted to reach out in a simple way.

I am writing from Chinee Artificial Grass. We work with international partners in a practical and consistent way, with attention to clear communication and long-term cooperation. If helpful, you can also take a quick look at our website here: https://www.china-artificial-grass.com/

I thought it could still make sense to introduce ourselves in case there is ever a reason to connect in the future.

Best regards,
Chinee Artificial Grass
https://www.china-artificial-grass.com/",artificial grass,
2026-04-03 17:01:31,chicagogardens.com,info@chicagogardens.com,发送成功,"Quick note on your artificial grass, artificial grass installation, and artificial grass supply","Hi chicagogardens.com team,

I noticed that chicagogardens.com is involved in artificial grass, artificial grass installation, and artificial grass supply. It seems you have a clear focus on your business, and I wanted to reach out in a simple way.

I am writing from Chinee Artificial Grass. We work with international partners in a practical and consistent way, with attention to clear communication and long-term cooperation. If helpful, you can also take a quick look at our website here: https://www.china-artificial-grass.com/

I thought it could still make sense to introduce ourselves in case there is ever a reason to connect in the future.

Best regards,
Chinee Artificial Grass
https://www.china-artificial-grass.com/","artificial grass, artificial grass installation, and artificial grass supply",
2026-04-07 15:43:42,傅月虹 <fuyuehong2024@163.com>,fuyuehong2024@163.com,自动回复成功,Re: 回复：Quick note on your ：landscapingartificial grassinstallationservices and artificial grass,"Dear 傅月虹,

Our artificial grass is designed with a permeable backing and small drainage holes, allowing rainwater to pass through easily. It can be installed over a gravel base for optimal drainage performance. If you'd like more technical details or installation guidelines, please let me know.

Best regards,
Chinee Artificial Grass
https://www.china-artificial-grass.com/",auto reply,
2026-04-08 10:02:33,Turf Warz : Artificial Grass Restoration & Lawn Services,adrian1on1pt@gmail.com,发送成功,"Quick note on your artificial grass, artificial grass installation, and artificial grass supply","Hi Turf Warz : Artificial Grass Restoration & Lawn Services team,

I noticed that Turf Warz : Artificial Grass Restoration & Lawn Services is involved in artificial grass, artificial grass installation, and artificial grass supply. It seems you have a clear focus on your business, and I wanted to reach out in a simple way.

I am writing from Chinee Artificial Grass. We work with international partners in a practical and consistent way, with attention to clear communication and long-term cooperation. If helpful, you can also take a quick look at our website here: https://www.china-artificial-grass.com/

I thought it could still make sense to introduce ourselves in case there is ever a reason to connect in the future.

Best regards,
Chinee Artificial Grass
https://www.china-artificial-grass.com/","artificial grass, artificial grass installation, and artificial grass supply",
2026-04-08 10:03:33,AZ Landscape Design + Artificial Turf Installation,contactus@azturfmasters.com,发送成功,"Quick note on your artificial grass, artificial grass installation, and landscaping solutions","Hi AZ Landscape Design + Artificial Turf Installation team,

I noticed that AZ Landscape Design + Artificial Turf Installation is involved in artificial grass, artificial grass installation, and landscaping solutions. It seems you have a clear focus on your business, and I wanted to reach out in a simple way.

I am writing from Chinee Artificial Grass. We work with international partners in a practical and consistent way, with attention to clear communication and long-term cooperation. If helpful, you can also take a quick look at our website here: https://www.china-artificial-grass.com/

I thought it could still make sense to introduce ourselves in case there is ever a reason to connect in the future.

Best regards,
Chinee Artificial Grass
https://www.china-artificial-grass.com/","artificial grass, artificial grass installation, and landscaping solutions",
2026-04-08 10:04:34,Turfscapes Of Arizona LLC,user@domain.com,发送成功,"Quick note on your artificial grass, artificial grass installation, and contract projects","Hi Turfscapes Of Arizona LLC team,

I noticed that Turfscapes Of Arizona LLC is involved in artificial grass, artificial grass installation, and contract projects. It seems you have a clear focus on your business, and I wanted to reach out in a simple way.

I am writing from Chinee Artificial Grass. We work with international partners in a practical and consistent way, with attention to clear communication and long-term cooperation. If helpful, you can also take a quick look at our website here: https://www.china-artificial-grass.com/

I thought it could still make sense to introduce ourselves in case there is ever a reason to connect in the future.

Best regards,
Chinee Artificial Grass
https://www.china-artificial-grass.com/","artificial grass, artificial grass installation, and contract projects",
2026-04-08 10:05:35,Turf Monsters AZ,info@turfmonstersaz.com,发送成功,Quick note on your artificial grass and landscaping solutions,"Hi Turf Monsters AZ team,

I noticed that Turf Monsters AZ is involved in artificial grass and landscaping solutions. It seems you have a clear focus on your business, and I wanted to reach out in a simple way.

I am writing from Chinee Artificial Grass. We work with international partners in a practical and consistent way, with attention to clear communication and long-term cooperation. If helpful, you can also take a quick look at our website here: https://www.china-artificial-grass.com/

I thought it could still make sense to introduce ourselves in case there is ever a reason to connect in the future.

Best regards,
Chinee Artificial Grass
https://www.china-artificial-grass.com/",artificial grass and landscaping solutions,
2026-04-08 10:06:36,Dirty Turf,hello@dirtyturf.com,发送成功,Quick note on your artificial grass,"Hi Dirty Turf team,

I noticed that Dirty Turf is involved in artificial grass. It seems you have a clear focus on your business, and I wanted to reach out in a simple way.

I am writing from Chinee Artificial Grass. We work with international partners in a practical and consistent way, with attention to clear communication and long-term cooperation. If helpful, you can also take a quick look at our website here: https://www.china-artificial-grass.com/

I thought it could still make sense to introduce ourselves in case there is ever a reason to connect in the future.

Best regards,
Chinee Artificial Grass
https://www.china-artificial-grass.com/",artificial grass,
2026-04-08 10:07:36,Dillon Landscape Concepts (@dillonlandscapeconcepts),601-8406emailinfo@southernturfco.comaddress,发送成功,"Quick note on your artificial grass, artificial grass installation, and contract projects","Hi Dillon Landscape Concepts (@dillonlandscapeconcepts) team,

I noticed that Dillon Landscape Concepts (@dillonlandscapeconcepts) is involved in artificial grass, artificial grass installation, and contract projects. It seems you have a clear focus on your business, and I wanted to reach out in a simple way.

I am writing from Chinee Artificial Grass. We work with international partners in a practical and consistent way, with attention to clear communication and long-term cooperation. If helpful, you can also take a quick look at our website here: https://www.china-artificial-grass.com/

I thought it could still make sense to introduce ourselves in case there is ever a reason to connect in the future.

Best regards,
Chinee Artificial Grass
https://www.china-artificial-grass.com/","artificial grass, artificial grass installation, and contract projects",
2026-04-08 10:08:37,Diamond Stone & Synthetic Grass,info@dssggogreen.com,发送成功,"Quick note on your artificial grass, artificial grass installation, and artificial grass supply","Hi Diamond Stone & Synthetic Grass team,

I noticed that Diamond Stone & Synthetic Grass is involved in artificial grass, artificial grass installation, and artificial grass supply. It seems you have a clear focus on your business, and I wanted to reach out in a simple way.

I am writing from Chinee Artificial Grass. We work with international partners in a practical and consistent way, with attention to clear communication and long-term cooperation. If helpful, you can also take a quick look at our website here: https://www.china-artificial-grass.com/

I thought it could still make sense to introduce ourselves in case there is ever a reason to connect in the future.

Best regards,
Chinee Artificial Grass
https://www.china-artificial-grass.com/","artificial grass, artificial grass installation, and artificial grass supply",
2026-04-08 10:09:38,Paradise Greens & Turf,info@paradisegreens.com,发送成功,"Quick note on your artificial grass, artificial grass installation, and landscaping solutions","Hi Paradise Greens & Turf team,

I noticed that Paradise Greens & Turf is involved in artificial grass, artificial grass installation, and landscaping solutions. It seems you have a clear focus on your business, and I wanted to reach out in a simple way.

I am writing from Chinee Artificial Grass. We work with international partners in a practical and consistent way, with attention to clear communication and long-term cooperation. If helpful, you can also take a quick look at our website here: https://www.china-artificial-grass.com/

I thought it could still make sense to introduce ourselves in case there is ever a reason to connect in the future.

Best regards,
Chinee Artificial Grass
https://www.china-artificial-grass.com/","artificial grass, artificial grass installation, and landscaping solutions",
2026-04-08 10:10:39,Apex Turf,info@apexturfaz.com,发送成功,"Quick note on your artificial grass, artificial grass installation, and contract projects","Hi Apex Turf team,

I noticed that Apex Turf is involved in artificial grass, artificial grass installation, and contract projects. It seems you have a clear focus on your business, and I wanted to reach out in a simple way.

I am writing from Chinee Artificial Grass. We work with international partners in a practical and consistent way, with attention to clear communication and long-term cooperation. If helpful, you can also take a quick look at our website here: https://www.china-artificial-grass.com/

I thought it could still make sense to introduce ourselves in case there is ever a reason to connect in the future.

Best regards,
Chinee Artificial Grass
https://www.china-artificial-grass.com/","artificial grass, artificial grass installation, and contract projects",
2026-04-08 10:11:39,Artificial Grass Scottsdale,syntheticgrassmasters@gmail.com,发送成功,"Quick note on your artificial grass, artificial grass installation, and contract projects","Hi Artificial Grass Scottsdale team,

I noticed that Artificial Grass Scottsdale is involved in artificial grass, artificial grass installation, and contract projects. It seems you have a clear focus on your business, and I wanted to reach out in a simple way.

I am writing from Chinee Artificial Grass. We work with international partners in a practical and consistent way, with attention to clear communication and long-term cooperation. If helpful, you can also take a quick look at our website here: https://www.china-artificial-grass.com/

I thought it could still make sense to introduce ourselves in case there is ever a reason to connect in the future.

Best regards,
Chinee Artificial Grass
https://www.china-artificial-grass.com/","artificial grass, artificial grass installation, and contract projects",
2026-04-08 10:12:40,Phoenix Landscaping Design Near Me,phoenixpaversandturf@gmail.com,发送成功,"Quick note on your artificial grass, artificial grass installation, and artificial grass supply","Hi Phoenix Landscaping Design Near Me team,

I noticed that Phoenix Landscaping Design Near Me is involved in artificial grass, artificial grass installation, and artificial grass supply. It seems you have a clear focus on your business, and I wanted to reach out in a simple way.

I am writing from Chinee Artificial Grass. We work with international partners in a practical and consistent way, with attention to clear communication and long-term cooperation. If helpful, you can also take a quick look at our website here: https://www.china-artificial-grass.com/

I thought it could still make sense to introduce ourselves in case there is ever a reason to connect in the future.

Best regards,
Chinee Artificial Grass
https://www.china-artificial-grass.com/","artificial grass, artificial grass installation, and artificial grass supply",
2026-04-08 10:13:41,White Rhino Turf- Artificial Grass and Paver Installation,oscar@whiterhinoturf.com,发送成功,"Quick note on your artificial grass, artificial grass installation, and contract projects","Hi White Rhino Turf- Artificial Grass and Paver Installation team,

I noticed that White Rhino Turf- Artificial Grass and Paver Installation is involved in artificial grass, artificial grass installation, and contract projects. It seems you have a clear focus on your business, and I wanted to reach out in a simple way.

I am writing from Chinee Artificial Grass. We work with international partners in a practical and consistent way, with attention to clear communication and long-term cooperation. If helpful, you can also take a quick look at our website here: https://www.china-artificial-grass.com/

I thought it could still make sense to introduce ourselves in case there is ever a reason to connect in the future.

Best regards,
Chinee Artificial Grass
https://www.china-artificial-grass.com/","artificial grass, artificial grass installation, and contract projects",
2026-04-08 10:14:41,Big Bully Turf,hello@bigbullyturf.com,发送成功,Quick note on your artificial grass,"Hi Big Bully Turf team,

I noticed that Big Bully Turf is involved in artificial grass. It seems you have a clear focus on your business, and I wanted to reach out in a simple way.

I am writing from Chinee Artificial Grass. We work with international partners in a practical and consistent way, with attention to clear communication and long-term cooperation. If helpful, you can also take a quick look at our website here: https://www.china-artificial-grass.com/

I thought it could still make sense to introduce ourselves in case there is ever a reason to connect in the future.

Best regards,
Chinee Artificial Grass
https://www.china-artificial-grass.com/",artificial grass,
2026-04-08 10:15:42,Green Forever Arizona,info@synturfdirect.com,发送成功,"Quick note on your artificial grass, artificial grass installation, and landscaping solutions","Hi Green Forever Arizona team,

I noticed that Green Forever Arizona is involved in artificial grass, artificial grass installation, and landscaping solutions. It seems you have a clear focus on your business, and I wanted to reach out in a simple way.

I am writing from Chinee Artificial Grass. We work with international partners in a practical and consistent way, with attention to clear communication and long-term cooperation. If helpful, you can also take a quick look at our website here: https://www.china-artificial-grass.com/

I thought it could still make sense to introduce ourselves in case there is ever a reason to connect in the future.

Best regards,
Chinee Artificial Grass
https://www.china-artificial-grass.com/","artificial grass, artificial grass installation, and landscaping solutions",
2026-04-08 10:16:43,Festival Turf Dallas/Fort Worth,info@festivalturf.com,发送成功,"Quick note on your artificial grass, artificial grass installation, and contract projects","Hi Festival Turf Dallas/Fort Worth team,

I noticed that Festival Turf Dallas/Fort Worth is involved in artificial grass, artificial grass installation, and contract projects. It seems you have a clear focus on your business, and I wanted to reach out in a simple way.

I am writing from Chinee Artificial Grass. We work with international partners in a practical and consistent way, with attention to clear communication and long-term cooperation. If helpful, you can also take a quick look at our website here: https://www.china-artificial-grass.com/

I thought it could still make sense to introduce ourselves in case there is ever a reason to connect in the future.

Best regards,
Chinee Artificial Grass
https://www.china-artificial-grass.com/","artificial grass, artificial grass installation, and contract projects",
2026-04-08 10:17:44,Arcadia Turf,info@arcadiaturfaz.com,发送成功,Quick note on your artificial grass,"Hi Arcadia Turf team,

I noticed that Arcadia Turf is involved in artificial grass. It seems you have a clear focus on your business, and I wanted to reach out in a simple way.

I am writing from Chinee Artificial Grass. We work with international partners in a practical and consistent way, with attention to clear communication and long-term cooperation. If helpful, you can also take a quick look at our website here: https://www.china-artificial-grass.com/

I thought it could still make sense to introduce ourselves in case there is ever a reason to connect in the future.

Best regards,
Chinee Artificial Grass
https://www.china-artificial-grass.com/",artificial grass,
2026-04-08 10:18:44,Premier Artificial Turf,info@scottsdaleazartificialturf.com,发送成功,"Quick note on your artificial grass, artificial grass installation, and landscaping solutions","Hi Premier Artificial Turf team,

I noticed that Premier Artificial Turf is involved in artificial grass, artificial grass installation, and landscaping solutions. It seems you have a clear focus on your business, and I wanted to reach out in a simple way.

I am writing from Chinee Artificial Grass. We work with international partners in a practical and consistent way, with attention to clear communication and long-term cooperation. If helpful, you can also take a quick look at our website here: https://www.china-artificial-grass.com/

I thought it could still make sense to introduce ourselves in case there is ever a reason to connect in the future.

Best regards,
Chinee Artificial Grass
https://www.china-artificial-grass.com/","artificial grass, artificial grass installation, and landscaping solutions",
2026-04-08 10:19:45,Arizona Turf,info@mysite.com,发送成功,Quick note on your artificial grass and landscaping solutions,"Hi Arizona Turf team,

I noticed that Arizona Turf is involved in artificial grass and landscaping solutions. It seems you have a clear focus on your business, and I wanted to reach out in a simple way.

I am writing from Chinee Artificial Grass. We work with international partners in a practical and consistent way, with attention to clear communication and long-term cooperation. If helpful, you can also take a quick look at our website here: https://www.china-artificial-grass.com/

I thought it could still make sense to introduce ourselves in case there is ever a reason to connect in the future.

Best regards,
Chinee Artificial Grass
https://www.china-artificial-grass.com/",artificial grass and landscaping solutions,
2026-04-08 10:20:46,"Arizona Turf Professionals, LLC.",office@arizonaturfprofessionals.com,发送成功,"Quick note on your artificial grass, artificial grass installation, and contract projects","Hi Arizona Turf Professionals, LLC. team,

I noticed that Arizona Turf Professionals, LLC. is involved in artificial grass, artificial grass installation, and contract projects. It seems you have a clear focus on your business, and I wanted to reach out in a simple way.

I am writing from Chinee Artificial Grass. We work with international partners in a practical and consistent way, with attention to clear communication and long-term cooperation. If helpful, you can also take a quick look at our website here: https://www.china-artificial-grass.com/

I thought it could still make sense to introduce ourselves in case there is ever a reason to connect in the future.

Best regards,
Chinee Artificial Grass
https://www.china-artificial-grass.com/","artificial grass, artificial grass installation, and contract projects",
2026-04-08 10:21:47,Grass & Things,grassnthingslandscaping@gmail.com,发送成功,"Quick note on your artificial grass, artificial grass installation, and contract projects","Hi Grass & Things team,

I noticed that Grass & Things is involved in artificial grass, artificial grass installation, and contract projects. It seems you have a clear focus on your business, and I wanted to reach out in a simple way.

I am writing from Chinee Artificial Grass. We work with international partners in a practical and consistent way, with attention to clear communication and long-term cooperation. If helpful, you can also take a quick look at our website here: https://www.china-artificial-grass.com/

I thought it could still make sense to introduce ourselves in case there is ever a reason to connect in the future.

Best regards,
Chinee Artificial Grass
https://www.china-artificial-grass.com/","artificial grass, artificial grass installation, and contract projects",
2026-04-08 10:22:47,Coyote Sports Turf,info@coyotesportsturf.com,发送成功,Quick note on your artificial grass and sports landscaping,"Hi Coyote Sports Turf team,

I noticed that Coyote Sports Turf is involved in artificial grass and sports landscaping. It seems you have a clear focus on your business, and I wanted to reach out in a simple way.

I am writing from Chinee Artificial Grass. We work with international partners in a practical and consistent way, with attention to clear communication and long-term cooperation. If helpful, you can also take a quick look at our website here: https://www.china-artificial-grass.com/

I thought it could still make sense to introduce ourselves in case there is ever a reason to connect in the future.

Best regards,
Chinee Artificial Grass
https://www.china-artificial-grass.com/",artificial grass and sports landscaping,
2026-04-08 10:23:48,Tempe Turf & Green,info@tempeturf.com,发送成功,Quick note on your artificial grass,"Hi Tempe Turf & Green team,

I noticed that Tempe Turf & Green is involved in artificial grass. It seems you have a clear focus on your business, and I wanted to reach out in a simple way.

I am writing from Chinee Artificial Grass. We work with international partners in a practical and consistent way, with attention to clear communication and long-term cooperation. If helpful, you can also take a quick look at our website here: https://www.china-artificial-grass.com/

I thought it could still make sense to introduce ourselves in case there is ever a reason to connect in the future.

Best regards,
Chinee Artificial Grass
https://www.china-artificial-grass.com/",artificial grass,
2026-04-08 10:24:49,Phoenix’s Top,contact@theturfbros.comemail,发送成功,"Quick note on your artificial grass, artificial grass installation, and landscaping solutions","Hi Phoenix’s Top team,

I noticed that Phoenix’s Top is involved in artificial grass, artificial grass installation, and landscaping solutions. It seems you have a clear focus on your business, and I wanted to reach out in a simple way.

I am writing from Chinee Artificial Grass. We work with international partners in a practical and consistent way, with attention to clear communication and long-term cooperation. If helpful, you can also take a quick look at our website here: https://www.china-artificial-grass.com/

I thought it could still make sense to introduce ourselves in case there is ever a reason to connect in the future.

Best regards,
Chinee Artificial Grass
https://www.china-artificial-grass.com/","artificial grass, artificial grass installation, and landscaping solutions",
2026-04-09 11:44:15,Artificial Grass Distributors,info@agd.contact,发送成功,Quick note on your artificial grass,"Hi Artificial Grass Distributors team,

I noticed that Artificial Grass Distributors is involved in artificial grass. It seems you have a clear focus on your business, and I wanted to reach out in a simple way.

I am writing from Chinee Artificial Grass. We work with international partners in a practical and consistent way, with attention to clear communication and long-term cooperation. If helpful, you can also take a quick look at our website here: https://www.china-artificial-grass.com/

I thought it could still make sense to introduce ourselves in case there is ever a reason to connect in the future.

Best regards,
Chinee Artificial Grass
https://www.china-artificial-grass.com/",artificial grass,
2026-04-09 11:45:16,Enjoy better artificial turf in Phoenix,info@usaturfguy.com,发送成功,Quick note on your artificial grass,"Hi Enjoy better artificial turf in Phoenix team,

I noticed that Enjoy better artificial turf in Phoenix is involved in artificial grass. It seems you have a clear focus on your business, and I wanted to reach out in a simple way.

I am writing from Chinee Artificial Grass. We work with international partners in a practical and consistent way, with attention to clear communication and long-term cooperation. If helpful, you can also take a quick look at our website here: https://www.china-artificial-grass.com/

I thought it could still make sense to introduce ourselves in case there is ever a reason to connect in the future.

Best regards,
Chinee Artificial Grass
https://www.china-artificial-grass.com/",artificial grass,
2026-04-09 11:46:16,Peoria Artificial Grass Co.,office@peoriaartificialgrassco.com,发送成功,"Quick note on your artificial grass, artificial grass installation, and landscaping solutions","Hi Peoria Artificial Grass Co. team,

I noticed that Peoria Artificial Grass Co. is involved in artificial grass, artificial grass installation, and landscaping solutions. It seems you have a clear focus on your business, and I wanted to reach out in a simple way.

I am writing from Chinee Artificial Grass. We work with international partners in a practical and consistent way, with attention to clear communication and long-term cooperation. If helpful, you can also take a quick look at our website here: https://www.china-artificial-grass.com/

I thought it could still make sense to introduce ourselves in case there is ever a reason to connect in the future.

Best regards,
Chinee Artificial Grass
https://www.china-artificial-grass.com/","artificial grass, artificial grass installation, and landscaping solutions",
2026-04-09 11:47:18,Tough Turf,toughturffieldsandlawns@gmail.com,发送成功,"Quick note on your artificial grass, artificial grass installation, and contract projects","Hi Tough Turf team,

I noticed that Tough Turf is involved in artificial grass, artificial grass installation, and contract projects. It seems you have a clear focus on your business, and I wanted to reach out in a simple way.

I am writing from Chinee Artificial Grass. We work with international partners in a practical and consistent way, with attention to clear communication and long-term cooperation. If helpful, you can also take a quick look at our website here: https://www.china-artificial-grass.com/

I thought it could still make sense to introduce ourselves in case there is ever a reason to connect in the future.

Best regards,
Chinee Artificial Grass
https://www.china-artificial-grass.com/","artificial grass, artificial grass installation, and contract projects",
2026-04-09 11:48:18,Purchase Green Artificial Grass,thegrassdealerssa@gmail.com,发送成功,Quick note on your artificial grass,"Hi Purchase Green Artificial Grass team,

I noticed that Purchase Green Artificial Grass is involved in artificial grass. It seems you have a clear focus on your business, and I wanted to reach out in a simple way.

I am writing from Chinee Artificial Grass. We work with international partners in a practical and consistent way, with attention to clear communication and long-term cooperation. If helpful, you can also take a quick look at our website here: https://www.china-artificial-grass.com/

I thought it could still make sense to introduce ourselves in case there is ever a reason to connect in the future.

Best regards,
Chinee Artificial Grass
https://www.china-artificial-grass.com/",artificial grass,
2026-04-09 11:49:19,East Valley Turf,info@eastvalleyturf.com,发送成功,"Quick note on your artificial grass, artificial grass installation, and contract projects","Hi East Valley Turf team,

I noticed that East Valley Turf is involved in artificial grass, artificial grass installation, and contract projects. It seems you have a clear focus on your business, and I wanted to reach out in a simple way.

I am writing from Chinee Artificial Grass. We work with international partners in a practical and consistent way, with attention to clear communication and long-term cooperation. If helpful, you can also take a quick look at our website here: https://www.china-artificial-grass.com/

I thought it could still make sense to introduce ourselves in case there is ever a reason to connect in the future.

Best regards,
Chinee Artificial Grass
https://www.china-artificial-grass.com/","artificial grass, artificial grass installation, and contract projects",
2026-04-09 11:50:20,Crown & Blade,info@crownbladeturf.com,发送成功,Quick note on your artificial grass,"Hi Crown & Blade team,

I noticed that Crown & Blade is involved in artificial grass. It seems you have a clear focus on your business, and I wanted to reach out in a simple way.

I am writing from Chinee Artificial Grass. We work with international partners in a practical and consistent way, with attention to clear communication and long-term cooperation. If helpful, you can also take a quick look at our website here: https://www.china-artificial-grass.com/

I thought it could still make sense to introduce ourselves in case there is ever a reason to connect in the future.

Best regards,
Chinee Artificial Grass
https://www.china-artificial-grass.com/",artificial grass,
2026-04-09 11:51:21,M&E Synthetic Grass LLC,filler@godaddy.combookingsmy,发送成功,"Quick note on your artificial grass, artificial grass installation, and contract projects","Hi M&E Synthetic Grass LLC team,

I noticed that M&E Synthetic Grass LLC is involved in artificial grass, artificial grass installation, and contract projects. It seems you have a clear focus on your business, and I wanted to reach out in a simple way.

I am writing from Chinee Artificial Grass. We work with international partners in a practical and consistent way, with attention to clear communication and long-term cooperation. If helpful, you can also take a quick look at our website here: https://www.china-artificial-grass.com/

I thought it could still make sense to introduce ourselves in case there is ever a reason to connect in the future.

Best regards,
Chinee Artificial Grass
https://www.china-artificial-grass.com/","artificial grass, artificial grass installation, and contract projects",
2026-04-09 11:52:21,Grass Kings Landscaping,admin@grasskingsaz.com,发送成功,"Quick note on your artificial grass, artificial grass installation, and landscaping solutions","Hi Grass Kings Landscaping team,

I noticed that Grass Kings Landscaping is involved in artificial grass, artificial grass installation, and landscaping solutions. It seems you have a clear focus on your business, and I wanted to reach out in a simple way.

I am writing from Chinee Artificial Grass. We work with international partners in a practical and consistent way, with attention to clear communication and long-term cooperation. If helpful, you can also take a quick look at our website here: https://www.china-artificial-grass.com/

I thought it could still make sense to introduce ourselves in case there is ever a reason to connect in the future.

Best regards,
Chinee Artificial Grass
https://www.china-artificial-grass.com/","artificial grass, artificial grass installation, and landscaping solutions",
2026-04-09 11:53:22,Arizona Turf Works,info@arizonaturfworks.com,发送成功,"Quick note on your artificial grass, artificial grass installation, and landscaping solutions","Hi Arizona Turf Works team,

I noticed that Arizona Turf Works is involved in artificial grass, artificial grass installation, and landscaping solutions. It seems you have a clear focus on your business, and I wanted to reach out in a simple way.

I am writing from Chinee Artificial Grass. We work with international partners in a practical and consistent way, with attention to clear communication and long-term cooperation. If helpful, you can also take a quick look at our website here: https://www.china-artificial-grass.com/

I thought it could still make sense to introduce ourselves in case there is ever a reason to connect in the future.

Best regards,
Chinee Artificial Grass
https://www.china-artificial-grass.com/","artificial grass, artificial grass installation, and landscaping solutions",
2026-04-09 11:54:23,AZ Turf and More,info@azturfandmore.com,发送成功,Quick note on your artificial grass and landscaping solutions,"Hi AZ Turf and More team,

I noticed that AZ Turf and More is involved in artificial grass and landscaping solutions. It seems you have a clear focus on your business, and I wanted to reach out in a simple way.

I am writing from Chinee Artificial Grass. We work with international partners in a practical and consistent way, with attention to clear communication and long-term cooperation. If helpful, you can also take a quick look at our website here: https://www.china-artificial-grass.com/

I thought it could still make sense to introduce ourselves in case there is ever a reason to connect in the future.

Best regards,
Chinee Artificial Grass
https://www.china-artificial-grass.com/",artificial grass and landscaping solutions,
2026-04-09 11:55:24,Grass365,jim@grass365.com,发送成功,"Quick note on your artificial grass, artificial grass installation, and contract projects","Hi Grass365 team,

I noticed that Grass365 is involved in artificial grass, artificial grass installation, and contract projects. It seems you have a clear focus on your business, and I wanted to reach out in a simple way.

I am writing from Chinee Artificial Grass. We work with international partners in a practical and consistent way, with attention to clear communication and long-term cooperation. If helpful, you can also take a quick look at our website here: https://www.china-artificial-grass.com/

I thought it could still make sense to introduce ourselves in case there is ever a reason to connect in the future.

Best regards,
Chinee Artificial Grass
https://www.china-artificial-grass.com/","artificial grass, artificial grass installation, and contract projects",
2026-04-09 11:56:24,The Turf Yard,theturfyardaz@gmail.com,发送成功,"Quick note on your artificial grass, artificial grass supply, and artificial grass wholesale","Hi The Turf Yard team,

I noticed that The Turf Yard is involved in artificial grass, artificial grass supply, and artificial grass wholesale. It seems you have a clear focus on your business, and I wanted to reach out in a simple way.

I am writing from Chinee Artificial Grass. We work with international partners in a practical and consistent way, with attention to clear communication and long-term cooperation. If helpful, you can also take a quick look at our website here: https://www.china-artificial-grass.com/

I thought it could still make sense to introduce ourselves in case there is ever a reason to connect in the future.

Best regards,
Chinee Artificial Grass
https://www.china-artificial-grass.com/","artificial grass, artificial grass supply, and artificial grass wholesale",
2026-04-09 11:57:25,TURFIT | LANDSCAPE SUPPLY,az.turfit@gmail.com,发送成功,"Quick note on your artificial grass, artificial grass installation, and contract projects","Hi TURFIT | LANDSCAPE SUPPLY team,

I noticed that TURFIT | LANDSCAPE SUPPLY is involved in artificial grass, artificial grass installation, and contract projects. It seems you have a clear focus on your business, and I wanted to reach out in a simple way.

I am writing from Chinee Artificial Grass. We work with international partners in a practical and consistent way, with attention to clear communication and long-term cooperation. If helpful, you can also take a quick look at our website here: https://www.china-artificial-grass.com/

I thought it could still make sense to introduce ourselves in case there is ever a reason to connect in the future.

Best regards,
Chinee Artificial Grass
https://www.china-artificial-grass.com/","artificial grass, artificial grass installation, and contract projects",
2026-04-09 11:58:26,Facebook,info@turfhub.com,发送成功,"Quick note on your artificial grass, artificial grass supply, and artificial grass wholesale","Hi Facebook team,

I noticed that Facebook is involved in artificial grass, artificial grass supply, and artificial grass wholesale. It seems you have a clear focus on your business, and I wanted to reach out in a simple way.

I am writing from Chinee Artificial Grass. We work with international partners in a practical and consistent way, with attention to clear communication and long-term cooperation. If helpful, you can also take a quick look at our website here: https://www.china-artificial-grass.com/

I thought it could still make sense to introduce ourselves in case there is ever a reason to connect in the future.

Best regards,
Chinee Artificial Grass
https://www.china-artificial-grass.com/","artificial grass, artificial grass supply, and artificial grass wholesale",
2026-04-09 11:59:27,Verde Valley Turf,sales@vvturf.com,发送成功,"Quick note on your artificial grass, artificial grass supply, and artificial grass wholesale","Hi Verde Valley Turf team,

I noticed that Verde Valley Turf is involved in artificial grass, artificial grass supply, and artificial grass wholesale. It seems you have a clear focus on your business, and I wanted to reach out in a simple way.

I am writing from Chinee Artificial Grass. We work with international partners in a practical and consistent way, with attention to clear communication and long-term cooperation. If helpful, you can also take a quick look at our website here: https://www.china-artificial-grass.com/

I thought it could still make sense to introduce ourselves in case there is ever a reason to connect in the future.

Best regards,
Chinee Artificial Grass
https://www.china-artificial-grass.com/","artificial grass, artificial grass supply, and artificial grass wholesale",
2026-04-09 12:00:27,No Limit Turf,info@nolimitturf.com,发送成功,"Quick note on your artificial grass, artificial grass installation, and artificial grass supply","Hi No Limit Turf team,

I noticed that No Limit Turf is involved in artificial grass, artificial grass installation, and artificial grass supply. It seems you have a clear focus on your business, and I wanted to reach out in a simple way.

I am writing from Chinee Artificial Grass. We work with international partners in a practical and consistent way, with attention to clear communication and long-term cooperation. If helpful, you can also take a quick look at our website here: https://www.china-artificial-grass.com/

I thought it could still make sense to introduce ourselves in case there is ever a reason to connect in the future.

Best regards,
Chinee Artificial Grass
https://www.china-artificial-grass.com/","artificial grass, artificial grass installation, and artificial grass supply",
2026-04-09 12:01:28,U.S. Lawns - Phoenix Central,chris.hallenbeck@uslawns.net,发送成功,"Quick note on your artificial grass, artificial grass installation, and artificial grass supply","Hi U.S. Lawns - Phoenix Central team,

I noticed that U.S. Lawns - Phoenix Central is involved in artificial grass, artificial grass installation, and artificial grass supply. It seems you have a clear focus on your business, and I wanted to reach out in a simple way.

I am writing from Chinee Artificial Grass. We work with international partners in a practical and consistent way, with attention to clear communication and long-term cooperation. If helpful, you can also take a quick look at our website here: https://www.china-artificial-grass.com/

I thought it could still make sense to introduce ourselves in case there is ever a reason to connect in the future.

Best regards,
Chinee Artificial Grass
https://www.china-artificial-grass.com/","artificial grass, artificial grass installation, and artificial grass supply",
2026-04-09 12:02:29,TurFresh,info@turfresh.com,发送成功,Quick note on your artificial grass,"Hi TurFresh team,

I noticed that TurFresh is involved in artificial grass. It seems you have a clear focus on your business, and I wanted to reach out in a simple way.

I am writing from Chinee Artificial Grass. We work with international partners in a practical and consistent way, with attention to clear communication and long-term cooperation. If helpful, you can also take a quick look at our website here: https://www.china-artificial-grass.com/

I thought it could still make sense to introduce ourselves in case there is ever a reason to connect in the future.

Best regards,
Chinee Artificial Grass
https://www.china-artificial-grass.com/",artificial grass,
2026-04-09 12:03:30,Quality Turf AZ,sales@qualityturfaz.com,发送成功,"Quick note on your artificial grass, artificial grass installation, and contract projects","Hi Quality Turf AZ team,

I noticed that Quality Turf AZ is involved in artificial grass, artificial grass installation, and contract projects. It seems you have a clear focus on your business, and I wanted to reach out in a simple way.

I am writing from Chinee Artificial Grass. We work with international partners in a practical and consistent way, with attention to clear communication and long-term cooperation. If helpful, you can also take a quick look at our website here: https://www.china-artificial-grass.com/

I thought it could still make sense to introduce ourselves in case there is ever a reason to connect in the future.

Best regards,
Chinee Artificial Grass
https://www.china-artificial-grass.com/","artificial grass, artificial grass installation, and contract projects",
2026-04-09 12:04:30,TurfCycle USA,turfcycleusa@gmail.com,发送成功,Quick note on your artificial grass,"Hi TurfCycle USA team,

I noticed that TurfCycle USA is involved in artificial grass. It seems you have a clear focus on your business, and I wanted to reach out in a simple way.

I am writing from Chinee Artificial Grass. We work with international partners in a practical and consistent way, with attention to clear communication and long-term cooperation. If helpful, you can also take a quick look at our website here: https://www.china-artificial-grass.com/

I thought it could still make sense to introduce ourselves in case there is ever a reason to connect in the future.

Best regards,
Chinee Artificial Grass
https://www.china-artificial-grass.com/",artificial grass,
2026-04-09 12:05:31,Turftastic Artificial Cleaning,scottsdale@turftasticsquad.com,发送成功,Quick note on your artificial grass,"Hi Turftastic Artificial Cleaning team,

I noticed that Turftastic Artificial Cleaning is involved in artificial grass. It seems you have a clear focus on your business, and I wanted to reach out in a simple way.

I am writing from Chinee Artificial Grass. We work with international partners in a practical and consistent way, with attention to clear communication and long-term cooperation. If helpful, you can also take a quick look at our website here: https://www.china-artificial-grass.com/

I thought it could still make sense to introduce ourselves in case there is ever a reason to connect in the future.

Best regards,
Chinee Artificial Grass
https://www.china-artificial-grass.com/",artificial grass,
2026-04-09 12:06:32,AAA Landscape,constructionbids@aaalandscape.comsend,发送成功,"Quick note on your artificial grass, artificial grass installation, and landscaping solutions","Hi AAA Landscape team,

I noticed that AAA Landscape is involved in artificial grass, artificial grass installation, and landscaping solutions. It seems you have a clear focus on your business, and I wanted to reach out in a simple way.

I am writing from Chinee Artificial Grass. We work with international partners in a practical and consistent way, with attention to clear communication and long-term cooperation. If helpful, you can also take a quick look at our website here: https://www.china-artificial-grass.com/

I thought it could still make sense to introduce ourselves in case there is ever a reason to connect in the future.

Best regards,
Chinee Artificial Grass
https://www.china-artificial-grass.com/","artificial grass, artificial grass installation, and landscaping solutions",
2026-04-09 12:07:33,Big Nick’s Landscaping and Maintenance,bignick@bignickslawncare.com,发送成功,Quick note on your artificial grass and landscaping solutions,"Hi Big Nick’s Landscaping and Maintenance team,

I noticed that Big Nick’s Landscaping and Maintenance is involved in artificial grass and landscaping solutions. It seems you have a clear focus on your business, and I wanted to reach out in a simple way.

I am writing from Chinee Artificial Grass. We work with international partners in a practical and consistent way, with attention to clear communication and long-term cooperation. If helpful, you can also take a quick look at our website here: https://www.china-artificial-grass.com/

I thought it could still make sense to introduce ourselves in case there is ever a reason to connect in the future.

Best regards,
Chinee Artificial Grass
https://www.china-artificial-grass.com/",artificial grass and landscaping solutions,
2026-04-09 12:08:33,"Landscaping Services in Phoenix, AZ",salslandscape@outlook.com,发送成功,"Quick note on your artificial grass, artificial grass installation, and artificial grass supply","Hi Landscaping Services in Phoenix, AZ team,

I noticed that Landscaping Services in Phoenix, AZ is involved in artificial grass, artificial grass installation, and artificial grass supply. It seems you have a clear focus on your business, and I wanted to reach out in a simple way.

I am writing from Chinee Artificial Grass. We work with international partners in a practical and consistent way, with attention to clear communication and long-term cooperation. If helpful, you can also take a quick look at our website here: https://www.china-artificial-grass.com/

I thought it could still make sense to introduce ourselves in case there is ever a reason to connect in the future.

Best regards,
Chinee Artificial Grass
https://www.china-artificial-grass.com/","artificial grass, artificial grass installation, and artificial grass supply",
2026-04-09 12:09:34,Paradise Hardscapes,info@paradisepaversandturf.com,发送成功,"Quick note on your artificial grass, artificial grass installation, and landscaping solutions","Hi Paradise Hardscapes team,

I noticed that Paradise Hardscapes is involved in artificial grass, artificial grass installation, and landscaping solutions. It seems you have a clear focus on your business, and I wanted to reach out in a simple way.

I am writing from Chinee Artificial Grass. We work with international partners in a practical and consistent way, with attention to clear communication and long-term cooperation. If helpful, you can also take a quick look at our website here: https://www.china-artificial-grass.com/

I thought it could still make sense to introduce ourselves in case there is ever a reason to connect in the future.

Best regards,
Chinee Artificial Grass
https://www.china-artificial-grass.com/","artificial grass, artificial grass installation, and landscaping solutions",
2026-04-09 12:10:35,Sprinkler World,info@sprinklerworld.com,发送成功,"Quick note on your artificial grass, artificial grass installation, and artificial grass supply","Hi Sprinkler World team,

I noticed that Sprinkler World is involved in artificial grass, artificial grass installation, and artificial grass supply. It seems you have a clear focus on your business, and I wanted to reach out in a simple way.

I am writing from Chinee Artificial Grass. We work with international partners in a practical and consistent way, with attention to clear communication and long-term cooperation. If helpful, you can also take a quick look at our website here: https://www.china-artificial-grass.com/

I thought it could still make sense to introduce ourselves in case there is ever a reason to connect in the future.

Best regards,
Chinee Artificial Grass
https://www.china-artificial-grass.com/","artificial grass, artificial grass installation, and artificial grass supply",
2026-04-09 12:11:36,Sunset Shadows Landscaping Services,info@sunsetshadowslandscapingservices.com,发送成功,"Quick note on your artificial grass, artificial grass installation, and artificial grass supply","Hi Sunset Shadows Landscaping Services team,

I noticed that Sunset Shadows Landscaping Services is involved in artificial grass, artificial grass installation, and artificial grass supply. It seems you have a clear focus on your business, and I wanted to reach out in a simple way.

I am writing from Chinee Artificial Grass. We work with international partners in a practical and consistent way, with attention to clear communication and long-term cooperation. If helpful, you can also take a quick look at our website here: https://www.china-artificial-grass.com/

I thought it could still make sense to introduce ourselves in case there is ever a reason to connect in the future.

Best regards,
Chinee Artificial Grass
https://www.china-artificial-grass.com/","artificial grass, artificial grass installation, and artificial grass supply",
2026-04-09 12:12:36,Phoenix Landscaping Company,info@phoenixlandscapingcompany.com,发送成功,"Quick note on your artificial grass, artificial grass installation, and artificial grass supply","Hi Phoenix Landscaping Company team,

I noticed that Phoenix Landscaping Company is involved in artificial grass, artificial grass installation, and artificial grass supply. It seems you have a clear focus on your business, and I wanted to reach out in a simple way.

I am writing from Chinee Artificial Grass. We work with international partners in a practical and consistent way, with attention to clear communication and long-term cooperation. If helpful, you can also take a quick look at our website here: https://www.china-artificial-grass.com/

I thought it could still make sense to introduce ourselves in case there is ever a reason to connect in the future.

Best regards,
Chinee Artificial Grass
https://www.china-artificial-grass.com/","artificial grass, artificial grass installation, and artificial grass supply",
2026-04-09 12:13:37,"Hardscape Installer Phoenix AZ, Landscaping Paradise Valley",iandilandscaping1801@gmail.com,发送成功,"Quick note on your artificial grass, artificial grass installation, and artificial grass supply","Hi Hardscape Installer Phoenix AZ, Landscaping Paradise Valley team,

I noticed that Hardscape Installer Phoenix AZ, Landscaping Paradise Valley is involved in artificial grass, artificial grass installation, and artificial grass supply. It seems you have a clear focus on your business, and I wanted to reach out in a simple way.

I am writing from Chinee Artificial Grass. We work with international partners in a practical and consistent way, with attention to clear communication and long-term cooperation. If helpful, you can also take a quick look at our website here: https://www.china-artificial-grass.com/

I thought it could still make sense to introduce ourselves in case there is ever a reason to connect in the future.

Best regards,
Chinee Artificial Grass
https://www.china-artificial-grass.com/","artificial grass, artificial grass installation, and artificial grass supply",
2026-04-09 12:14:38,MAJESTIC HARDSCAPE & LANDSCAPE DESIGN LLC,info@majesticturfandpavers.com,发送成功,"Quick note on your artificial grass, artificial grass installation, and artificial grass supply","Hi MAJESTIC HARDSCAPE & LANDSCAPE DESIGN LLC team,

I noticed that MAJESTIC HARDSCAPE & LANDSCAPE DESIGN LLC is involved in artificial grass, artificial grass installation, and artificial grass supply. It seems you have a clear focus on your business, and I wanted to reach out in a simple way.

I am writing from Chinee Artificial Grass. We work with international partners in a practical and consistent way, with attention to clear communication and long-term cooperation. If helpful, you can also take a quick look at our website here: https://www.china-artificial-grass.com/

I thought it could still make sense to introduce ourselves in case there is ever a reason to connect in the future.

Best regards,
Chinee Artificial Grass
https://www.china-artificial-grass.com/","artificial grass, artificial grass installation, and artificial grass supply",
2026-04-09 12:15:39,Leaders in Landscape Design,info@koslawn.com,发送成功,"Quick note on your artificial grass, artificial grass installation, and artificial grass supply","Hi Leaders in Landscape Design team,

I noticed that Leaders in Landscape Design is involved in artificial grass, artificial grass installation, and artificial grass supply. It seems you have a clear focus on your business, and I wanted to reach out in a simple way.

I am writing from Chinee Artificial Grass. We work with international partners in a practical and consistent way, with attention to clear communication and long-term cooperation. If helpful, you can also take a quick look at our website here: https://www.china-artificial-grass.com/

I thought it could still make sense to introduce ourselves in case there is ever a reason to connect in the future.

Best regards,
Chinee Artificial Grass
https://www.china-artificial-grass.com/","artificial grass, artificial grass installation, and artificial grass supply",
2026-04-09 12:16:39,Scottsdale Landscaping Company,info@scottsdalelandscapingcompany.com,发送成功,"Quick note on your artificial grass, artificial grass installation, and artificial grass supply","Hi Scottsdale Landscaping Company team,

I noticed that Scottsdale Landscaping Company is involved in artificial grass, artificial grass installation, and artificial grass supply. It seems you have a clear focus on your business, and I wanted to reach out in a simple way.

I am writing from Chinee Artificial Grass. We work with international partners in a practical and consistent way, with attention to clear communication and long-term cooperation. If helpful, you can also take a quick look at our website here: https://www.china-artificial-grass.com/

I thought it could still make sense to introduce ourselves in case there is ever a reason to connect in the future.

Best regards,
Chinee Artificial Grass
https://www.china-artificial-grass.com/","artificial grass, artificial grass installation, and artificial grass supply",
2026-04-09 12:17:40,Cactus Curbing LLC,cactuscurbing@gmail.com,发送成功,"Quick note on your artificial grass, artificial grass installation, and contract projects","Hi Cactus Curbing LLC team,

I noticed that Cactus Curbing LLC is involved in artificial grass, artificial grass installation, and contract projects. It seems you have a clear focus on your business, and I wanted to reach out in a simple way.

I am writing from Chinee Artificial Grass. We work with international partners in a practical and consistent way, with attention to clear communication and long-term cooperation. If helpful, you can also take a quick look at our website here: https://www.china-artificial-grass.com/

I thought it could still make sense to introduce ourselves in case there is ever a reason to connect in the future.

Best regards,
Chinee Artificial Grass
https://www.china-artificial-grass.com/","artificial grass, artificial grass installation, and contract projects",
2026-04-09 12:18:41,Dino Turf Cleaning,info@dinoturfcleaningaz.com,发送成功,Quick note on your artificial grass,"Hi Dino Turf Cleaning team,

I noticed that Dino Turf Cleaning is involved in artificial grass. It seems you have a clear focus on your business, and I wanted to reach out in a simple way.

I am writing from Chinee Artificial Grass. We work with international partners in a practical and consistent way, with attention to clear communication and long-term cooperation. If helpful, you can also take a quick look at our website here: https://www.china-artificial-grass.com/

I thought it could still make sense to introduce ourselves in case there is ever a reason to connect in the future.

Best regards,
Chinee Artificial Grass
https://www.china-artificial-grass.com/",artificial grass,
2026-04-09 13:37:28,Scottsdale Turf Pros,office@scottsdaleturfpros.com,发送成功,"Quick note on your artificial grass, artificial grass installation, and contract projects","Hi Scottsdale Turf Pros team,

I noticed that Scottsdale Turf Pros is involved in artificial grass, artificial grass installation, and contract projects. It seems you have a clear focus on your business, and I wanted to reach out in a simple way.

I am writing from Chinee Artificial Grass. We work with international partners in a practical and consistent way, with attention to clear communication and long-term cooperation. If helpful, you can also take a quick look at our website here: https://www.china-artificial-grass.com/

I thought it could still make sense to introduce ourselves in case there is ever a reason to connect in the future.

Best regards,
Chinee Artificial Grass
https://www.china-artificial-grass.com/","artificial grass, artificial grass installation, and contract projects",
2026-04-09 13:38:29,Tempe Turf Installers,tempeturfinstallers@gmail.com,发送成功,"Quick note on your artificial grass, artificial grass installation, and landscaping solutions","Hi Tempe Turf Installers team,

I noticed that Tempe Turf Installers is involved in artificial grass, artificial grass installation, and landscaping solutions. It seems you have a clear focus on your business, and I wanted to reach out in a simple way.

I am writing from Chinee Artificial Grass. We work with international partners in a practical and consistent way, with attention to clear communication and long-term cooperation. If helpful, you can also take a quick look at our website here: https://www.china-artificial-grass.com/

I thought it could still make sense to introduce ourselves in case there is ever a reason to connect in the future.

Best regards,
Chinee Artificial Grass
https://www.china-artificial-grass.com/","artificial grass, artificial grass installation, and landscaping solutions",
2026-04-09 13:39:30,Bringing lawn care into the 21st century.,thegrasshopperslandscapingllc@gmail.com,发送成功,"Quick note on your artificial grass, artificial grass installation, and artificial grass supply","Hi Bringing lawn care into the 21st century. team,

I noticed that Bringing lawn care into the 21st century. is involved in artificial grass, artificial grass installation, and artificial grass supply. It seems you have a clear focus on your business, and I wanted to reach out in a simple way.

I am writing from Chinee Artificial Grass. We work with international partners in a practical and consistent way, with attention to clear communication and long-term cooperation. If helpful, you can also take a quick look at our website here: https://www.china-artificial-grass.com/

I thought it could still make sense to introduce ourselves in case there is ever a reason to connect in the future.

Best regards,
Chinee Artificial Grass
https://www.china-artificial-grass.com/","artificial grass, artificial grass installation, and artificial grass supply",
2026-04-09 13:40:30,Facebook,office@fstl1992.com,发送成功,"Quick note on your artificial grass, artificial grass installation, and artificial grass supply","Hi Facebook team,

I noticed that Facebook is involved in artificial grass, artificial grass installation, and artificial grass supply. It seems you have a clear focus on your business, and I wanted to reach out in a simple way.

I am writing from Chinee Artificial Grass. We work with international partners in a practical and consistent way, with attention to clear communication and long-term cooperation. If helpful, you can also take a quick look at our website here: https://www.china-artificial-grass.com/

I thought it could still make sense to introduce ourselves in case there is ever a reason to connect in the future.

Best regards,
Chinee Artificial Grass
https://www.china-artificial-grass.com/","artificial grass, artificial grass installation, and artificial grass supply",
2026-04-09 13:41:31,Beautiful Landscapes Await You,valleygreenlandscaping215@gmail.com,发送成功,"Quick note on your artificial grass, artificial grass installation, and artificial grass supply","Hi Beautiful Landscapes Await You team,

I noticed that Beautiful Landscapes Await You is involved in artificial grass, artificial grass installation, and artificial grass supply. It seems you have a clear focus on your business, and I wanted to reach out in a simple way.

I am writing from Chinee Artificial Grass. We work with international partners in a practical and consistent way, with attention to clear communication and long-term cooperation. If helpful, you can also take a quick look at our website here: https://www.china-artificial-grass.com/

I thought it could still make sense to introduce ourselves in case there is ever a reason to connect in the future.

Best regards,
Chinee Artificial Grass
https://www.china-artificial-grass.com/","artificial grass, artificial grass installation, and artificial grass supply",
2026-04-09 13:42:32,"Pocono Turf – What you need, when you need it!",de215-429-8084chrisfriel@poconoturf.com,发送成功,"Quick note on your artificial grass, artificial grass installation, and artificial grass supply","Hi Pocono Turf – What you need, when you need it! team,

I noticed that Pocono Turf – What you need, when you need it! is involved in artificial grass, artificial grass installation, and artificial grass supply. It seems you have a clear focus on your business, and I wanted to reach out in a simple way.

I am writing from Chinee Artificial Grass. We work with international partners in a practical and consistent way, with attention to clear communication and long-term cooperation. If helpful, you can also take a quick look at our website here: https://www.china-artificial-grass.com/

I thought it could still make sense to introduce ourselves in case there is ever a reason to connect in the future.

Best regards,
Chinee Artificial Grass
https://www.china-artificial-grass.com/","artificial grass, artificial grass installation, and artificial grass supply",
2026-04-09 13:43:33,Noble Turf,noble@nobleturf.com,发送成功,Quick note on your landscaping solutions,"Hi Noble Turf team,

I noticed that Noble Turf is involved in landscaping solutions. It seems you have a clear focus on your business, and I wanted to reach out in a simple way.

I am writing from Chinee Artificial Grass. We work with international partners in a practical and consistent way, with attention to clear communication and long-term cooperation. If helpful, you can also take a quick look at our website here: https://www.china-artificial-grass.com/

I thought it could still make sense to introduce ourselves in case there is ever a reason to connect in the future.

Best regards,
Chinee Artificial Grass
https://www.china-artificial-grass.com/",landscaping solutions,
2026-04-09 13:44:33,Grass Dealers,jose@allturf.shop,发送成功,Quick note on your artificial grass and landscaping solutions,"Hi Grass Dealers team,

I noticed that Grass Dealers is involved in artificial grass and landscaping solutions. It seems you have a clear focus on your business, and I wanted to reach out in a simple way.

I am writing from Chinee Artificial Grass. We work with international partners in a practical and consistent way, with attention to clear communication and long-term cooperation. If helpful, you can also take a quick look at our website here: https://www.china-artificial-grass.com/

I thought it could still make sense to introduce ourselves in case there is ever a reason to connect in the future.

Best regards,
Chinee Artificial Grass
https://www.china-artificial-grass.com/",artificial grass and landscaping solutions,
2026-04-09 13:45:34,"Forever Green Artificial Grass – Landscape Designer in San Antonio, TX",contact@forevergreenartificialgrass.com,发送成功,"Quick note on your artificial grass, artificial grass installation, and landscaping solutions","Hi Forever Green Artificial Grass – Landscape Designer in San Antonio, TX team,

I noticed that Forever Green Artificial Grass – Landscape Designer in San Antonio, TX is involved in artificial grass, artificial grass installation, and landscaping solutions. It seems you have a clear focus on your business, and I wanted to reach out in a simple way.

I am writing from Chinee Artificial Grass. We work with international partners in a practical and consistent way, with attention to clear communication and long-term cooperation. If helpful, you can also take a quick look at our website here: https://www.china-artificial-grass.com/

I thought it could still make sense to introduce ourselves in case there is ever a reason to connect in the future.

Best regards,
Chinee Artificial Grass
https://www.china-artificial-grass.com/","artificial grass, artificial grass installation, and landscaping solutions",
2026-04-09 13:46:35,Ultimate Turf Solutions,sales@ultimateturfsolutions.com,发送成功,"Quick note on your artificial grass, artificial grass installation, and landscaping solutions","Hi Ultimate Turf Solutions team,

I noticed that Ultimate Turf Solutions is involved in artificial grass, artificial grass installation, and landscaping solutions. It seems you have a clear focus on your business, and I wanted to reach out in a simple way.

I am writing from Chinee Artificial Grass. We work with international partners in a practical and consistent way, with attention to clear communication and long-term cooperation. If helpful, you can also take a quick look at our website here: https://www.china-artificial-grass.com/

I thought it could still make sense to introduce ourselves in case there is ever a reason to connect in the future.

Best regards,
Chinee Artificial Grass
https://www.china-artificial-grass.com/","artificial grass, artificial grass installation, and landscaping solutions",
2026-04-09 13:47:35,Artificial Grass Pros,info@grasspros.com,发送成功,"Quick note on your artificial grass, artificial grass installation, and contract projects","Hi Artificial Grass Pros team,

I noticed that Artificial Grass Pros is involved in artificial grass, artificial grass installation, and contract projects. It seems you have a clear focus on your business, and I wanted to reach out in a simple way.

I am writing from Chinee Artificial Grass. We work with international partners in a practical and consistent way, with attention to clear communication and long-term cooperation. If helpful, you can also take a quick look at our website here: https://www.china-artificial-grass.com/

I thought it could still make sense to introduce ourselves in case there is ever a reason to connect in the future.

Best regards,
Chinee Artificial Grass
https://www.china-artificial-grass.com/","artificial grass, artificial grass installation, and contract projects",
2026-04-09 13:48:36,The Grass Company,orders@thegrasscompanytx.com,发送成功,"Quick note on your artificial grass, artificial grass installation, and artificial grass supply","Hi The Grass Company team,

I noticed that The Grass Company is involved in artificial grass, artificial grass installation, and artificial grass supply. It seems you have a clear focus on your business, and I wanted to reach out in a simple way.

I am writing from Chinee Artificial Grass. We work with international partners in a practical and consistent way, with attention to clear communication and long-term cooperation. If helpful, you can also take a quick look at our website here: https://www.china-artificial-grass.com/

I thought it could still make sense to introduce ourselves in case there is ever a reason to connect in the future.

Best regards,
Chinee Artificial Grass
https://www.china-artificial-grass.com/","artificial grass, artificial grass installation, and artificial grass supply",
2026-04-09 13:49:37,Always Green Synthet,aglawnz@gmail.com,发送成功,"Quick note on your artificial grass, artificial grass installation, and landscaping solutions","Hi Always Green Synthet team,

I noticed that Always Green Synthet is involved in artificial grass, artificial grass installation, and landscaping solutions. It seems you have a clear focus on your business, and I wanted to reach out in a simple way.

I am writing from Chinee Artificial Grass. We work with international partners in a practical and consistent way, with attention to clear communication and long-term cooperation. If helpful, you can also take a quick look at our website here: https://www.china-artificial-grass.com/

I thought it could still make sense to introduce ourselves in case there is ever a reason to connect in the future.

Best regards,
Chinee Artificial Grass
https://www.china-artificial-grass.com/","artificial grass, artificial grass installation, and landscaping solutions",
2026-04-09 13:50:38,Infinity Greens of San Antonio,pturturro@gmail.com,发送成功,Quick note on your artificial grass,"Hi Infinity Greens of San Antonio team,

I noticed that Infinity Greens of San Antonio is involved in artificial grass. It seems you have a clear focus on your business, and I wanted to reach out in a simple way.

I am writing from Chinee Artificial Grass. We work with international partners in a practical and consistent way, with attention to clear communication and long-term cooperation. If helpful, you can also take a quick look at our website here: https://www.china-artificial-grass.com/

I thought it could still make sense to introduce ourselves in case there is ever a reason to connect in the future.

Best regards,
Chinee Artificial Grass
https://www.china-artificial-grass.com/",artificial grass,
2026-04-09 13:51:39,LARGESTGRASS DISTRIBUTOR,delsgrassfarm@msn.com,发送成功,"Quick note on your artificial grass, artificial grass installation, and artificial grass supply","Hi LARGESTGRASS DISTRIBUTOR team,

I noticed that LARGESTGRASS DISTRIBUTOR is involved in artificial grass, artificial grass installation, and artificial grass supply. It seems you have a clear focus on your business, and I wanted to reach out in a simple way.

I am writing from Chinee Artificial Grass. We work with international partners in a practical and consistent way, with attention to clear communication and long-term cooperation. If helpful, you can also take a quick look at our website here: https://www.china-artificial-grass.com/

I thought it could still make sense to introduce ourselves in case there is ever a reason to connect in the future.

Best regards,
Chinee Artificial Grass
https://www.china-artificial-grass.com/","artificial grass, artificial grass installation, and artificial grass supply",
2026-04-09 13:52:39,The Turf Factory San Antonio,sales@theturffactory.com,发送成功,Quick note on your artificial grass,"Hi The Turf Factory San Antonio team,

I noticed that The Turf Factory San Antonio is involved in artificial grass. It seems you have a clear focus on your business, and I wanted to reach out in a simple way.

I am writing from Chinee Artificial Grass. We work with international partners in a practical and consistent way, with attention to clear communication and long-term cooperation. If helpful, you can also take a quick look at our website here: https://www.china-artificial-grass.com/

I thought it could still make sense to introduce ourselves in case there is ever a reason to connect in the future.

Best regards,
Chinee Artificial Grass
https://www.china-artificial-grass.com/",artificial grass,
2026-04-09 13:53:40,Lone Star Artificial Turf - Dallas/ Ft.Worth,info@lsturf.com,发送成功,"Quick note on your artificial grass, artificial grass installation, and landscaping solutions","Hi Lone Star Artificial Turf - Dallas/ Ft.Worth team,

I noticed that Lone Star Artificial Turf - Dallas/ Ft.Worth is involved in artificial grass, artificial grass installation, and landscaping solutions. It seems you have a clear focus on your business, and I wanted to reach out in a simple way.

I am writing from Chinee Artificial Grass. We work with international partners in a practical and consistent way, with attention to clear communication and long-term cooperation. If helpful, you can also take a quick look at our website here: https://www.china-artificial-grass.com/

I thought it could still make sense to introduce ourselves in case there is ever a reason to connect in the future.

Best regards,
Chinee Artificial Grass
https://www.china-artificial-grass.com/","artificial grass, artificial grass installation, and landscaping solutions",
2026-04-09 13:54:41,Grow with the Flow,mike.gwtf@gmail.com,发送成功,"Quick note on your artificial grass, artificial grass installation, and artificial grass supply","Hi Grow with the Flow team,

I noticed that Grow with the Flow is involved in artificial grass, artificial grass installation, and artificial grass supply. It seems you have a clear focus on your business, and I wanted to reach out in a simple way.

I am writing from Chinee Artificial Grass. We work with international partners in a practical and consistent way, with attention to clear communication and long-term cooperation. If helpful, you can also take a quick look at our website here: https://www.china-artificial-grass.com/

I thought it could still make sense to introduce ourselves in case there is ever a reason to connect in the future.

Best regards,
Chinee Artificial Grass
https://www.china-artificial-grass.com/","artificial grass, artificial grass installation, and artificial grass supply",
2026-04-09 13:55:42,Horizon Distributors,mgrhoz262@horizononline.com,发送成功,"Quick note on your artificial grass, artificial grass installation, and artificial grass supply","Hi Horizon Distributors team,

I noticed that Horizon Distributors is involved in artificial grass, artificial grass installation, and artificial grass supply. It seems you have a clear focus on your business, and I wanted to reach out in a simple way.

I am writing from Chinee Artificial Grass. We work with international partners in a practical and consistent way, with attention to clear communication and long-term cooperation. If helpful, you can also take a quick look at our website here: https://www.china-artificial-grass.com/

I thought it could still make sense to introduce ourselves in case there is ever a reason to connect in the future.

Best regards,
Chinee Artificial Grass
https://www.china-artificial-grass.com/","artificial grass, artificial grass installation, and artificial grass supply",
2026-04-09 13:56:42,San Antonio TX #165 SiteOne Landscape Supply,customersupport@ec.siteone.com,发送成功,"Quick note on your artificial grass, artificial grass installation, and artificial grass supply","Hi San Antonio TX #165 SiteOne Landscape Supply team,

I noticed that San Antonio TX #165 SiteOne Landscape Supply is involved in artificial grass, artificial grass installation, and artificial grass supply. It seems you have a clear focus on your business, and I wanted to reach out in a simple way.

I am writing from Chinee Artificial Grass. We work with international partners in a practical and consistent way, with attention to clear communication and long-term cooperation. If helpful, you can also take a quick look at our website here: https://www.china-artificial-grass.com/

I thought it could still make sense to introduce ourselves in case there is ever a reason to connect in the future.

Best regards,
Chinee Artificial Grass
https://www.china-artificial-grass.com/","artificial grass, artificial grass installation, and artificial grass supply",
2026-04-09 13:57:43,San Antonio Luxury Landscape Design & Outdoor Living,james@sunriselstexas.com,发送成功,"Quick note on your artificial grass, artificial grass installation, and contract projects","Hi San Antonio Luxury Landscape Design & Outdoor Living team,

I noticed that San Antonio Luxury Landscape Design & Outdoor Living is involved in artificial grass, artificial grass installation, and contract projects. It seems you have a clear focus on your business, and I wanted to reach out in a simple way.

I am writing from Chinee Artificial Grass. We work with international partners in a practical and consistent way, with attention to clear communication and long-term cooperation. If helpful, you can also take a quick look at our website here: https://www.china-artificial-grass.com/

I thought it could still make sense to introduce ourselves in case there is ever a reason to connect in the future.

Best regards,
Chinee Artificial Grass
https://www.china-artificial-grass.com/","artificial grass, artificial grass installation, and contract projects",
2026-04-09 13:58:44,San Antonio's Top Landscaping & Lawn Care Service,heavenlylawncareservices@gmail.com,发送成功,"Quick note on your artificial grass, artificial grass installation, and artificial grass supply","Hi San Antonio's Top Landscaping & Lawn Care Service team,

I noticed that San Antonio's Top Landscaping & Lawn Care Service is involved in artificial grass, artificial grass installation, and artificial grass supply. It seems you have a clear focus on your business, and I wanted to reach out in a simple way.

I am writing from Chinee Artificial Grass. We work with international partners in a practical and consistent way, with attention to clear communication and long-term cooperation. If helpful, you can also take a quick look at our website here: https://www.china-artificial-grass.com/

I thought it could still make sense to introduce ourselves in case there is ever a reason to connect in the future.

Best regards,
Chinee Artificial Grass
https://www.china-artificial-grass.com/","artificial grass, artificial grass installation, and artificial grass supply",
2026-04-09 13:59:44,LLB Landscaping,info@llblandscaping.com,发送成功,"Quick note on your artificial grass, artificial grass installation, and artificial grass supply","Hi LLB Landscaping team,

I noticed that LLB Landscaping is involved in artificial grass, artificial grass installation, and artificial grass supply. It seems you have a clear focus on your business, and I wanted to reach out in a simple way.

I am writing from Chinee Artificial Grass. We work with international partners in a practical and consistent way, with attention to clear communication and long-term cooperation. If helpful, you can also take a quick look at our website here: https://www.china-artificial-grass.com/

I thought it could still make sense to introduce ourselves in case there is ever a reason to connect in the future.

Best regards,
Chinee Artificial Grass
https://www.china-artificial-grass.com/","artificial grass, artificial grass installation, and artificial grass supply",
2026-04-09 14:00:45,Landscape Experts,info@barronlandscapingtx.com,发送成功,"Quick note on your artificial grass, artificial grass installation, and artificial grass supply","Hi Landscape Experts team,

I noticed that Landscape Experts is involved in artificial grass, artificial grass installation, and artificial grass supply. It seems you have a clear focus on your business, and I wanted to reach out in a simple way.

I am writing from Chinee Artificial Grass. We work with international partners in a practical and consistent way, with attention to clear communication and long-term cooperation. If helpful, you can also take a quick look at our website here: https://www.china-artificial-grass.com/

I thought it could still make sense to introduce ourselves in case there is ever a reason to connect in the future.

Best regards,
Chinee Artificial Grass
https://www.china-artificial-grass.com/","artificial grass, artificial grass installation, and artificial grass supply",
2026-04-09 14:01:46,Lawn DR Landscaping,info@lawndr.net,发送成功,"Quick note on your artificial grass, artificial grass installation, and artificial grass supply","Hi Lawn DR Landscaping team,

I noticed that Lawn DR Landscaping is involved in artificial grass, artificial grass installation, and artificial grass supply. It seems you have a clear focus on your business, and I wanted to reach out in a simple way.

I am writing from Chinee Artificial Grass. We work with international partners in a practical and consistent way, with attention to clear communication and long-term cooperation. If helpful, you can also take a quick look at our website here: https://www.china-artificial-grass.com/

I thought it could still make sense to introduce ourselves in case there is ever a reason to connect in the future.

Best regards,
Chinee Artificial Grass
https://www.china-artificial-grass.com/","artificial grass, artificial grass installation, and artificial grass supply",
2026-04-10 13:56:12,"Stone Oak, TX Lawn Care & Landscaping",stoneoak@augustalawncareservices.com,发送成功,"Quick note on your artificial grass, artificial grass installation, and artificial grass supply","Hi Stone Oak, TX Lawn Care & Landscaping team,

I noticed that Stone Oak, TX Lawn Care & Landscaping is involved in artificial grass, artificial grass installation, and artificial grass supply. It seems you have a clear focus on your business, and I wanted to reach out in a simple way.

I am writing from Chinee Artificial Grass. We work with international partners in a practical and consistent way, with attention to clear communication and long-term cooperation. If helpful, you can also take a quick look at our website here: https://www.china-artificial-grass.com/

I thought it could still make sense to introduce ourselves in case there is ever a reason to connect in the future.

Best regards,
Chinee Artificial Grass
https://www.china-artificial-grass.com/","artificial grass, artificial grass installation, and artificial grass supply",
2026-04-10 13:57:13,San Antonio Lawn Mowing,info@salawnmowing.com,发送成功,"Quick note on your artificial grass, artificial grass installation, and artificial grass supply","Hi San Antonio Lawn Mowing team,

I noticed that San Antonio Lawn Mowing is involved in artificial grass, artificial grass installation, and artificial grass supply. It seems you have a clear focus on your business, and I wanted to reach out in a simple way.

I am writing from Chinee Artificial Grass. We work with international partners in a practical and consistent way, with attention to clear communication and long-term cooperation. If helpful, you can also take a quick look at our website here: https://www.china-artificial-grass.com/

I thought it could still make sense to introduce ourselves in case there is ever a reason to connect in the future.

Best regards,
Chinee Artificial Grass
https://www.china-artificial-grass.com/","artificial grass, artificial grass installation, and artificial grass supply",
2026-04-10 13:58:14,Affordable Land Scaping,affordablelandscapingtx@gmail.com,发送成功,"Quick note on your artificial grass, artificial grass installation, and artificial grass supply","Hi Affordable Land Scaping team,

I noticed that Affordable Land Scaping is involved in artificial grass, artificial grass installation, and artificial grass supply. It seems you have a clear focus on your business, and I wanted to reach out in a simple way.

I am writing from Chinee Artificial Grass. We work with international partners in a practical and consistent way, with attention to clear communication and long-term cooperation. If helpful, you can also take a quick look at our website here: https://www.china-artificial-grass.com/

I thought it could still make sense to introduce ourselves in case there is ever a reason to connect in the future.

Best regards,
Chinee Artificial Grass
https://www.china-artificial-grass.com/","artificial grass, artificial grass installation, and artificial grass supply",
2026-04-10 13:59:15,Lonestar Landscape & Tree Services,contact@lonestarlts.com,发送成功,"Quick note on your artificial grass, artificial grass installation, and artificial grass supply","Hi Lonestar Landscape & Tree Services team,

I noticed that Lonestar Landscape & Tree Services is involved in artificial grass, artificial grass installation, and artificial grass supply. It seems you have a clear focus on your business, and I wanted to reach out in a simple way.

I am writing from Chinee Artificial Grass. We work with international partners in a practical and consistent way, with attention to clear communication and long-term cooperation. If helpful, you can also take a quick look at our website here: https://www.china-artificial-grass.com/

I thought it could still make sense to introduce ourselves in case there is ever a reason to connect in the future.

Best regards,
Chinee Artificial Grass
https://www.china-artificial-grass.com/","artificial grass, artificial grass installation, and artificial grass supply",
2026-04-10 14:00:15,THE GRASS MAN,pat@thegrassman.us,发送成功,"Quick note on your artificial grass, artificial grass installation, and artificial grass supply","Hi THE GRASS MAN team,

I noticed that THE GRASS MAN is involved in artificial grass, artificial grass installation, and artificial grass supply. It seems you have a clear focus on your business, and I wanted to reach out in a simple way.

I am writing from Chinee Artificial Grass. We work with international partners in a practical and consistent way, with attention to clear communication and long-term cooperation. If helpful, you can also take a quick look at our website here: https://www.china-artificial-grass.com/

I thought it could still make sense to introduce ourselves in case there is ever a reason to connect in the future.

Best regards,
Chinee Artificial Grass
https://www.china-artificial-grass.com/","artificial grass, artificial grass installation, and artificial grass supply",
2026-04-10 14:01:16,Urias Design Solutio,uriaslandcare@yahoo.com,发送成功,"Quick note on your artificial grass, artificial grass installation, and artificial grass supply","Hi Urias Design Solutio team,

I noticed that Urias Design Solutio is involved in artificial grass, artificial grass installation, and artificial grass supply. It seems you have a clear focus on your business, and I wanted to reach out in a simple way.

I am writing from Chinee Artificial Grass. We work with international partners in a practical and consistent way, with attention to clear communication and long-term cooperation. If helpful, you can also take a quick look at our website here: https://www.china-artificial-grass.com/

I thought it could still make sense to introduce ourselves in case there is ever a reason to connect in the future.

Best regards,
Chinee Artificial Grass
https://www.china-artificial-grass.com/","artificial grass, artificial grass installation, and artificial grass supply",
2026-04-10 14:02:17,Full Service Landscaping,fslandscaping@att.net,发送成功,"Quick note on your artificial grass, artificial grass installation, and artificial grass supply","Hi Full Service Landscaping team,

I noticed that Full Service Landscaping is involved in artificial grass, artificial grass installation, and artificial grass supply. It seems you have a clear focus on your business, and I wanted to reach out in a simple way.

I am writing from Chinee Artificial Grass. We work with international partners in a practical and consistent way, with attention to clear communication and long-term cooperation. If helpful, you can also take a quick look at our website here: https://www.china-artificial-grass.com/

I thought it could still make sense to introduce ourselves in case there is ever a reason to connect in the future.

Best regards,
Chinee Artificial Grass
https://www.china-artificial-grass.com/","artificial grass, artificial grass installation, and artificial grass supply",
2026-04-10 14:03:18,San Antonio Landscaping & Design,boerjanlandscape@gmail.com,发送成功,"Quick note on your artificial grass, artificial grass installation, and artificial grass supply","Hi San Antonio Landscaping & Design team,

I noticed that San Antonio Landscaping & Design is involved in artificial grass, artificial grass installation, and artificial grass supply. It seems you have a clear focus on your business, and I wanted to reach out in a simple way.

I am writing from Chinee Artificial Grass. We work with international partners in a practical and consistent way, with attention to clear communication and long-term cooperation. If helpful, you can also take a quick look at our website here: https://www.china-artificial-grass.com/

I thought it could still make sense to introduce ourselves in case there is ever a reason to connect in the future.

Best regards,
Chinee Artificial Grass
https://www.china-artificial-grass.com/","artificial grass, artificial grass installation, and artificial grass supply",
2026-04-10 14:04:19,Great Oasis Landscaping & Irrigation,greatoasis@greatoasistx.com,发送成功,"Quick note on your artificial grass, artificial grass installation, and artificial grass supply","Hi Great Oasis Landscaping & Irrigation team,

I noticed that Great Oasis Landscaping & Irrigation is involved in artificial grass, artificial grass installation, and artificial grass supply. It seems you have a clear focus on your business, and I wanted to reach out in a simple way.

I am writing from Chinee Artificial Grass. We work with international partners in a practical and consistent way, with attention to clear communication and long-term cooperation. If helpful, you can also take a quick look at our website here: https://www.china-artificial-grass.com/

I thought it could still make sense to introduce ourselves in case there is ever a reason to connect in the future.

Best regards,
Chinee Artificial Grass
https://www.china-artificial-grass.com/","artificial grass, artificial grass installation, and artificial grass supply",
2026-04-10 14:05:20,Tony's Turf Lawn Care,estimates@tonysturf.com,发送成功,Quick note on your artificial grass and landscaping solutions,"Hi Tony's Turf Lawn Care team,

I noticed that Tony's Turf Lawn Care is involved in artificial grass and landscaping solutions. It seems you have a clear focus on your business, and I wanted to reach out in a simple way.

I am writing from Chinee Artificial Grass. We work with international partners in a practical and consistent way, with attention to clear communication and long-term cooperation. If helpful, you can also take a quick look at our website here: https://www.china-artificial-grass.com/

I thought it could still make sense to introduce ourselves in case there is ever a reason to connect in the future.

Best regards,
Chinee Artificial Grass
https://www.china-artificial-grass.com/",artificial grass and landscaping solutions,
2026-04-10 14:06:20,Vision Landscaping,info@visionlandscaping.org,发送成功,"Quick note on your artificial grass, artificial grass installation, and artificial grass supply","Hi Vision Landscaping team,

I noticed that Vision Landscaping is involved in artificial grass, artificial grass installation, and artificial grass supply. It seems you have a clear focus on your business, and I wanted to reach out in a simple way.

I am writing from Chinee Artificial Grass. We work with international partners in a practical and consistent way, with attention to clear communication and long-term cooperation. If helpful, you can also take a quick look at our website here: https://www.china-artificial-grass.com/

I thought it could still make sense to introduce ourselves in case there is ever a reason to connect in the future.

Best regards,
Chinee Artificial Grass
https://www.china-artificial-grass.com/","artificial grass, artificial grass installation, and artificial grass supply",
2026-04-10 14:07:21,Prime Tyme Landscaping,primetymelandscaping@gmail.com,发送成功,"Quick note on your artificial grass, artificial grass installation, and artificial grass supply","Hi Prime Tyme Landscaping team,

I noticed that Prime Tyme Landscaping is involved in artificial grass, artificial grass installation, and artificial grass supply. It seems you have a clear focus on your business, and I wanted to reach out in a simple way.

I am writing from Chinee Artificial Grass. We work with international partners in a practical and consistent way, with attention to clear communication and long-term cooperation. If helpful, you can also take a quick look at our website here: https://www.china-artificial-grass.com/

I thought it could still make sense to introduce ourselves in case there is ever a reason to connect in the future.

Best regards,
Chinee Artificial Grass
https://www.china-artificial-grass.com/","artificial grass, artificial grass installation, and artificial grass supply",
2026-04-10 14:08:22,Diamond Cuts Landscaping,diamondcutslawncare20@gmail.com,发送成功,"Quick note on your artificial grass, artificial grass installation, and artificial grass supply","Hi Diamond Cuts Landscaping team,

I noticed that Diamond Cuts Landscaping is involved in artificial grass, artificial grass installation, and artificial grass supply. It seems you have a clear focus on your business, and I wanted to reach out in a simple way.

I am writing from Chinee Artificial Grass. We work with international partners in a practical and consistent way, with attention to clear communication and long-term cooperation. If helpful, you can also take a quick look at our website here: https://www.china-artificial-grass.com/

I thought it could still make sense to introduce ourselves in case there is ever a reason to connect in the future.

Best regards,
Chinee Artificial Grass
https://www.china-artificial-grass.com/","artificial grass, artificial grass installation, and artificial grass supply",
2026-04-10 14:09:23,Forevergreen2landscapingllc.com,forevergreen2landscaping@hotmail.com,发送成功,"Quick note on your artificial grass, artificial grass installation, and artificial grass supply","Hi Forevergreen2landscapingllc.com team,

I noticed that Forevergreen2landscapingllc.com is involved in artificial grass, artificial grass installation, and artificial grass supply. It seems you have a clear focus on your business, and I wanted to reach out in a simple way.

I am writing from Chinee Artificial Grass. We work with international partners in a practical and consistent way, with attention to clear communication and long-term cooperation. If helpful, you can also take a quick look at our website here: https://www.china-artificial-grass.com/

I thought it could still make sense to introduce ourselves in case there is ever a reason to connect in the future.

Best regards,
Chinee Artificial Grass
https://www.china-artificial-grass.com/","artificial grass, artificial grass installation, and artificial grass supply",
2026-04-10 14:10:23,"Panache Landscape and Design – Boerne, Texas",office@panachelandscape.com,发送成功,"Quick note on your artificial grass, artificial grass installation, and artificial grass supply","Hi Panache Landscape and Design – Boerne, Texas team,

I noticed that Panache Landscape and Design – Boerne, Texas is involved in artificial grass, artificial grass installation, and artificial grass supply. It seems you have a clear focus on your business, and I wanted to reach out in a simple way.

I am writing from Chinee Artificial Grass. We work with international partners in a practical and consistent way, with attention to clear communication and long-term cooperation. If helpful, you can also take a quick look at our website here: https://www.china-artificial-grass.com/

I thought it could still make sense to introduce ourselves in case there is ever a reason to connect in the future.

Best regards,
Chinee Artificial Grass
https://www.china-artificial-grass.com/","artificial grass, artificial grass installation, and artificial grass supply",
2026-04-10 14:11:24,"Lawn Mower Store in San Antonio, TX",sales@dewinne-equipment.com,发送成功,"Quick note on your artificial grass, artificial grass installation, and artificial grass supply","Hi Lawn Mower Store in San Antonio, TX team,

I noticed that Lawn Mower Store in San Antonio, TX is involved in artificial grass, artificial grass installation, and artificial grass supply. It seems you have a clear focus on your business, and I wanted to reach out in a simple way.

I am writing from Chinee Artificial Grass. We work with international partners in a practical and consistent way, with attention to clear communication and long-term cooperation. If helpful, you can also take a quick look at our website here: https://www.china-artificial-grass.com/

I thought it could still make sense to introduce ourselves in case there is ever a reason to connect in the future.

Best regards,
Chinee Artificial Grass
https://www.china-artificial-grass.com/","artificial grass, artificial grass installation, and artificial grass supply",
2026-04-10 14:12:25,Vallan,vallanlandscaping@gmail.com,发送成功,"Quick note on your artificial grass, artificial grass installation, and artificial grass supply","Hi Vallan team,

I noticed that Vallan is involved in artificial grass, artificial grass installation, and artificial grass supply. It seems you have a clear focus on your business, and I wanted to reach out in a simple way.

I am writing from Chinee Artificial Grass. We work with international partners in a practical and consistent way, with attention to clear communication and long-term cooperation. If helpful, you can also take a quick look at our website here: https://www.china-artificial-grass.com/

I thought it could still make sense to introduce ourselves in case there is ever a reason to connect in the future.

Best regards,
Chinee Artificial Grass
https://www.china-artificial-grass.com/","artificial grass, artificial grass installation, and artificial grass supply",
2026-04-10 14:13:26,J. Ponce and Son Landscaping,jponceandson@gmail.com,发送成功,Quick note on your artificial grass and landscaping solutions,"Hi J. Ponce and Son Landscaping team,

I noticed that J. Ponce and Son Landscaping is involved in artificial grass and landscaping solutions. It seems you have a clear focus on your business, and I wanted to reach out in a simple way.

I am writing from Chinee Artificial Grass. We work with international partners in a practical and consistent way, with attention to clear communication and long-term cooperation. If helpful, you can also take a quick look at our website here: https://www.china-artificial-grass.com/

I thought it could still make sense to introduce ourselves in case there is ever a reason to connect in the future.

Best regards,
Chinee Artificial Grass
https://www.china-artificial-grass.com/",artificial grass and landscaping solutions,
2026-04-10 14:14:27,to San Antonio’s Neighborhood Lawnmower Dealer,info@jameslawnmower.com,发送成功,"Quick note on your artificial grass, artificial grass installation, and artificial grass supply","Hi to San Antonio’s Neighborhood Lawnmower Dealer team,

I noticed that to San Antonio’s Neighborhood Lawnmower Dealer is involved in artificial grass, artificial grass installation, and artificial grass supply. It seems you have a clear focus on your business, and I wanted to reach out in a simple way.

I am writing from Chinee Artificial Grass. We work with international partners in a practical and consistent way, with attention to clear communication and long-term cooperation. If helpful, you can also take a quick look at our website here: https://www.china-artificial-grass.com/

I thought it could still make sense to introduce ourselves in case there is ever a reason to connect in the future.

Best regards,
Chinee Artificial Grass
https://www.china-artificial-grass.com/","artificial grass, artificial grass installation, and artificial grass supply",
2026-04-11 11:50:13,CLC Landscaping,office@clc-tx.com,发送成功,"Quick note on your artificial grass, artificial grass installation, and artificial grass supply","Hi CLC Landscaping team,

I noticed that CLC Landscaping is involved in artificial grass, artificial grass installation, and artificial grass supply. It seems you have a clear focus on your business, and I wanted to reach out in a simple way.

I am writing from Chinee Artificial Grass. We work with international partners in a practical and consistent way, with attention to clear communication and long-term cooperation. If helpful, you can also take a quick look at our website here: https://www.china-artificial-grass.com/

I thought it could still make sense to introduce ourselves in case there is ever a reason to connect in the future.

Best regards,
Chinee Artificial Grass
https://www.china-artificial-grass.com/","artificial grass, artificial grass installation, and artificial grass supply",
2026-04-11 11:51:14,Canyon Lake Lawn Dog,canyonlakelawndogs@yahoo.com,发送成功,"Quick note on your artificial grass, artificial grass installation, and artificial grass supply","Hi Canyon Lake Lawn Dog team,

I noticed that Canyon Lake Lawn Dog is involved in artificial grass, artificial grass installation, and artificial grass supply. It seems you have a clear focus on your business, and I wanted to reach out in a simple way.

I am writing from Chinee Artificial Grass. We work with international partners in a practical and consistent way, with attention to clear communication and long-term cooperation. If helpful, you can also take a quick look at our website here: https://www.china-artificial-grass.com/

I thought it could still make sense to introduce ourselves in case there is ever a reason to connect in the future.

Best regards,
Chinee Artificial Grass
https://www.china-artificial-grass.com/","artificial grass, artificial grass installation, and artificial grass supply",
2026-04-11 11:52:14,King Ranch Turfgrass,houstonstore@krturfgrass.com,发送成功,"Quick note on your artificial grass, artificial grass supply, and artificial grass wholesale","Hi King Ranch Turfgrass team,

I noticed that King Ranch Turfgrass is involved in artificial grass, artificial grass supply, and artificial grass wholesale. It seems you have a clear focus on your business, and I wanted to reach out in a simple way.

I am writing from Chinee Artificial Grass. We work with international partners in a practical and consistent way, with attention to clear communication and long-term cooperation. If helpful, you can also take a quick look at our website here: https://www.china-artificial-grass.com/

I thought it could still make sense to introduce ourselves in case there is ever a reason to connect in the future.

Best regards,
Chinee Artificial Grass
https://www.china-artificial-grass.com/","artificial grass, artificial grass supply, and artificial grass wholesale",
2026-04-11 11:53:15,Turf Star Western,sales@proturf.com,发送成功,Quick note on your artificial grass,"Hi Turf Star Western team,

I noticed that Turf Star Western is involved in artificial grass. It seems you have a clear focus on your business, and I wanted to reach out in a simple way.

I am writing from Chinee Artificial Grass. We work with international partners in a practical and consistent way, with attention to clear communication and long-term cooperation. If helpful, you can also take a quick look at our website here: https://www.china-artificial-grass.com/

I thought it could still make sense to introduce ourselves in case there is ever a reason to connect in the future.

Best regards,
Chinee Artificial Grass
https://www.china-artificial-grass.com/",artificial grass,
2026-04-11 11:54:16,Highest Rated Lawn Care Service in Texas!,ceciljperkins@gmail.com,发送成功,"Quick note on your artificial grass, artificial grass installation, and artificial grass supply","Hi Highest Rated Lawn Care Service in Texas! team,

I noticed that Highest Rated Lawn Care Service in Texas! is involved in artificial grass, artificial grass installation, and artificial grass supply. It seems you have a clear focus on your business, and I wanted to reach out in a simple way.

I am writing from Chinee Artificial Grass. We work with international partners in a practical and consistent way, with attention to clear communication and long-term cooperation. If helpful, you can also take a quick look at our website here: https://www.china-artificial-grass.com/

I thought it could still make sense to introduce ourselves in case there is ever a reason to connect in the future.

Best regards,
Chinee Artificial Grass
https://www.china-artificial-grass.com/","artificial grass, artificial grass installation, and artificial grass supply",
2026-04-11 11:55:17,Toro Lawn Care & Landscaping,contact@torolawn.com,发送成功,"Quick note on your artificial grass, artificial grass installation, and artificial grass supply","Hi Toro Lawn Care & Landscaping team,

I noticed that Toro Lawn Care & Landscaping is involved in artificial grass, artificial grass installation, and artificial grass supply. It seems you have a clear focus on your business, and I wanted to reach out in a simple way.

I am writing from Chinee Artificial Grass. We work with international partners in a practical and consistent way, with attention to clear communication and long-term cooperation. If helpful, you can also take a quick look at our website here: https://www.china-artificial-grass.com/

I thought it could still make sense to introduce ourselves in case there is ever a reason to connect in the future.

Best regards,
Chinee Artificial Grass
https://www.china-artificial-grass.com/","artificial grass, artificial grass installation, and artificial grass supply",
2026-04-11 11:56:17,A Beautiful Lawn Doesn't Happen By Itself,info@texasrootsli.com,发送成功,"Quick note on your artificial grass, artificial grass installation, and artificial grass supply","Hi A Beautiful Lawn Doesn't Happen By Itself team,

I noticed that A Beautiful Lawn Doesn't Happen By Itself is involved in artificial grass, artificial grass installation, and artificial grass supply. It seems you have a clear focus on your business, and I wanted to reach out in a simple way.

I am writing from Chinee Artificial Grass. We work with international partners in a practical and consistent way, with attention to clear communication and long-term cooperation. If helpful, you can also take a quick look at our website here: https://www.china-artificial-grass.com/

I thought it could still make sense to introduce ourselves in case there is ever a reason to connect in the future.

Best regards,
Chinee Artificial Grass
https://www.china-artificial-grass.com/","artificial grass, artificial grass installation, and artificial grass supply",
2026-04-11 11:57:18,New Earth,customerservice@denaliwater.com,发送成功,"Quick note on your artificial grass, artificial grass installation, and artificial grass supply","Hi New Earth team,

I noticed that New Earth is involved in artificial grass, artificial grass installation, and artificial grass supply. It seems you have a clear focus on your business, and I wanted to reach out in a simple way.

I am writing from Chinee Artificial Grass. We work with international partners in a practical and consistent way, with attention to clear communication and long-term cooperation. If helpful, you can also take a quick look at our website here: https://www.china-artificial-grass.com/

I thought it could still make sense to introduce ourselves in case there is ever a reason to connect in the future.

Best regards,
Chinee Artificial Grass
https://www.china-artificial-grass.com/","artificial grass, artificial grass installation, and artificial grass supply",
2026-04-11 11:58:19,Milberger's Landscaping & Nursery,nursery@milbergersa.com,发送成功,Quick note on your artificial grass and landscaping solutions,"Hi Milberger's Landscaping & Nursery team,

I noticed that Milberger's Landscaping & Nursery is involved in artificial grass and landscaping solutions. It seems you have a clear focus on your business, and I wanted to reach out in a simple way.

I am writing from Chinee Artificial Grass. We work with international partners in a practical and consistent way, with attention to clear communication and long-term cooperation. If helpful, you can also take a quick look at our website here: https://www.china-artificial-grass.com/

I thought it could still make sense to introduce ourselves in case there is ever a reason to connect in the future.

Best regards,
Chinee Artificial Grass
https://www.china-artificial-grass.com/",artificial grass and landscaping solutions,
2026-04-11 11:59:20,article,jquery@3.7.1.js,发送成功,"Quick note on your artificial grass, artificial grass installation, and artificial grass supply","Hi article team,

I noticed that article is involved in artificial grass, artificial grass installation, and artificial grass supply. It seems you have a clear focus on your business, and I wanted to reach out in a simple way.

I am writing from Chinee Artificial Grass. We work with international partners in a practical and consistent way, with attention to clear communication and long-term cooperation. If helpful, you can also take a quick look at our website here: https://www.china-artificial-grass.com/

I thought it could still make sense to introduce ourselves in case there is ever a reason to connect in the future.

Best regards,
Chinee Artificial Grass
https://www.china-artificial-grass.com/","artificial grass, artificial grass installation, and artificial grass supply",
2026-04-13 09:30:47,Cade <cade@theturffactory.com>,cade@theturffactory.com,自动回复成功,Re: Quick note on your artificial grass,"Dear Cade,

Yes, we are a factory.

Best regards,
Chinee Artificial Grass
https://www.china-artificial-grass.com/",auto reply,
2026-04-13 09:31:46,SYNLawn Los Angeles,synlawn-humane-society-of-st-lucie-county-synlawn-artificial-grass@-1024x421.jpg,发送失败,,,"artificial grass, artificial grass installation, and contract projects","{'synlawn-humane-society-of-st-lucie-county-synlawn-artificial-grass@-1024x421.jpg': (501, b'5.1.3 Bad recipient address syntax')}"
2026-04-13 09:32:46,Artificial Turf and Grass Installation Los Angeles,1829info@ecograssus.com,发送成功,"Quick note on your artificial grass, artificial grass installation, and landscaping solutions","Hi Artificial Turf and Grass Installation Los Angeles team,

I noticed that Artificial Turf and Grass Installation Los Angeles is involved in artificial grass, artificial grass installation, and landscaping solutions. It seems you have a clear focus on your business, and I wanted to reach out in a simple way.

I am writing from Chinee Artificial Grass. We work with international partners in a practical and consistent way, with attention to clear communication and long-term cooperation. If helpful, you can also take a quick look at our website here: https://www.china-artificial-grass.com/

I thought it could still make sense to introduce ourselves in case there is ever a reason to connect in the future.

Best regards,
Chinee Artificial Grass
https://www.china-artificial-grass.com/","artificial grass, artificial grass installation, and landscaping solutions",
2026-04-13 09:37:42,SYNLawn Los Angeles,synlawn-humane-society-of-st-lucie-county-synlawn-artificial-grass@-1024x421.jpg,发送失败,,,"artificial grass, artificial grass installation, and contract projects","{'synlawn-humane-society-of-st-lucie-county-synlawn-artificial-grass@-1024x421.jpg': (501, b'5.1.3 Bad recipient address syntax')}"
2026-04-13 13:47:38,Monster Grass,sales@monstergrass.com,发送成功,"Quick note on your artificial grass, artificial grass supply, and artificial grass wholesale","Hi Monster Grass team,

I noticed that Monster Grass is involved in artificial grass, artificial grass supply, and artificial grass wholesale. It seems you have a clear focus on your business, and I wanted to reach out in a simple way.

I am writing from Chinee Artificial Grass. We work with international partners in a practical and consistent way, with attention to clear communication and long-term cooperation. If helpful, you can also take a quick look at our website here: https://www.china-artificial-grass.com/

I thought it could still make sense to introduce ourselves in case there is ever a reason to connect in the future.

Best regards,
Chinee Artificial Grass
https://www.china-artificial-grass.com/","artificial grass, artificial grass supply, and artificial grass wholesale",
2026-04-13 13:48:39,Smart Turf® Artificial Grass,info@smartturf.comsmart,发送成功,Quick note on your artificial grass and landscaping solutions,"Hi Smart Turf® Artificial Grass team,

I noticed that Smart Turf® Artificial Grass is involved in artificial grass and landscaping solutions. It seems you have a clear focus on your business, and I wanted to reach out in a simple way.

I am writing from Chinee Artificial Grass. We work with international partners in a practical and consistent way, with attention to clear communication and long-term cooperation. If helpful, you can also take a quick look at our website here: https://www.china-artificial-grass.com/

I thought it could still make sense to introduce ourselves in case there is ever a reason to connect in the future.

Best regards,
Chinee Artificial Grass
https://www.china-artificial-grass.com/",artificial grass and landscaping solutions,
2026-04-13 13:49:40,Custom Turf,steve@customturf.com,发送成功,"Quick note on your artificial grass, artificial grass installation, and contract projects","Hi Custom Turf team,

I noticed that Custom Turf is involved in artificial grass, artificial grass installation, and contract projects. It seems you have a clear focus on your business, and I wanted to reach out in a simple way.

I am writing from Chinee Artificial Grass. We work with international partners in a practical and consistent way, with attention to clear communication and long-term cooperation. If helpful, you can also take a quick look at our website here: https://www.china-artificial-grass.com/

I thought it could still make sense to introduce ourselves in case there is ever a reason to connect in the future.

Best regards,
Chinee Artificial Grass
https://www.china-artificial-grass.com/","artificial grass, artificial grass installation, and contract projects",
2026-04-13 13:50:41,"Artificial Grass & Synthetic Turf in Jacksonville, FL",info@gloobalsynturf.com,发送成功,Quick note on your artificial grass,"Hi Artificial Grass & Synthetic Turf in Jacksonville, FL team,

I noticed that Artificial Grass & Synthetic Turf in Jacksonville, FL is involved in artificial grass. It seems you have a clear focus on your business, and I wanted to reach out in a simple way.

I am writing from Chinee Artificial Grass. We work with international partners in a practical and consistent way, with attention to clear communication and long-term cooperation. If helpful, you can also take a quick look at our website here: https://www.china-artificial-grass.com/

I thought it could still make sense to introduce ourselves in case there is ever a reason to connect in the future.

Best regards,
Chinee Artificial Grass
https://www.china-artificial-grass.com/",artificial grass,
2026-04-13 13:51:41,Florida Turf Company,alex@floridaturfcompany.com,发送成功,"Quick note on your artificial grass, artificial grass installation, and artificial grass supply","Hi Florida Turf Company team,

I noticed that Florida Turf Company is involved in artificial grass, artificial grass installation, and artificial grass supply. It seems you have a clear focus on your business, and I wanted to reach out in a simple way.

I am writing from Chinee Artificial Grass. We work with international partners in a practical and consistent way, with attention to clear communication and long-term cooperation. If helpful, you can also take a quick look at our website here: https://www.china-artificial-grass.com/

I thought it could still make sense to introduce ourselves in case there is ever a reason to connect in the future.

Best regards,
Chinee Artificial Grass
https://www.china-artificial-grass.com/","artificial grass, artificial grass installation, and artificial grass supply",
2026-04-13 13:52:42,The Original Souther,todd@southernturf.org,发送成功,"Quick note on your artificial grass, artificial grass installation, and landscaping solutions","Hi The Original Souther team,

I noticed that The Original Souther is involved in artificial grass, artificial grass installation, and landscaping solutions. It seems you have a clear focus on your business, and I wanted to reach out in a simple way.

I am writing from Chinee Artificial Grass. We work with international partners in a practical and consistent way, with attention to clear communication and long-term cooperation. If helpful, you can also take a quick look at our website here: https://www.china-artificial-grass.com/

I thought it could still make sense to introduce ourselves in case there is ever a reason to connect in the future.

Best regards,
Chinee Artificial Grass
https://www.china-artificial-grass.com/","artificial grass, artificial grass installation, and landscaping solutions",
2026-04-13 13:53:43,premium artificial turf solutions for florida,info@sportzturf.com,发送成功,Quick note on your artificial grass,"Hi premium artificial turf solutions for florida team,

I noticed that premium artificial turf solutions for florida is involved in artificial grass. It seems you have a clear focus on your business, and I wanted to reach out in a simple way.

I am writing from Chinee Artificial Grass. We work with international partners in a practical and consistent way, with attention to clear communication and long-term cooperation. If helpful, you can also take a quick look at our website here: https://www.china-artificial-grass.com/

I thought it could still make sense to introduce ourselves in case there is ever a reason to connect in the future.

Best regards,
Chinee Artificial Grass
https://www.china-artificial-grass.com/",artificial grass,
2026-04-13 13:54:44,SYNLawn Jacksonville,synlawn-humane-society-of-st-lucie-county-synlawn-artificial-grass@-1024x421.jpg,发送失败,,,"artificial grass, artificial grass installation, and contract projects","{'synlawn-humane-society-of-st-lucie-county-synlawn-artificial-grass@-1024x421.jpg': (501, b'5.1.3 Bad recipient address syntax')}"
2026-04-13 13:55:44,Limitless Lawns By Belinda Haney LLC,belindahaney1@gmail.com,发送成功,Quick note on your artificial grass and landscaping solutions,"Hi Limitless Lawns By Belinda Haney LLC team,

I noticed that Limitless Lawns By Belinda Haney LLC is involved in artificial grass and landscaping solutions. It seems you have a clear focus on your business, and I wanted to reach out in a simple way.

I am writing from Chinee Artificial Grass. We work with international partners in a practical and consistent way, with attention to clear communication and long-term cooperation. If helpful, you can also take a quick look at our website here: https://www.china-artificial-grass.com/

I thought it could still make sense to introduce ourselves in case there is ever a reason to connect in the future.

Best regards,
Chinee Artificial Grass
https://www.china-artificial-grass.com/",artificial grass and landscaping solutions,
2026-04-13 13:56:45,Jacksonville Artificial Turf,info@jacksonvilleturf.com,发送成功,"Quick note on your artificial grass, artificial grass installation, and landscaping solutions","Hi Jacksonville Artificial Turf team,

I noticed that Jacksonville Artificial Turf is involved in artificial grass, artificial grass installation, and landscaping solutions. It seems you have a clear focus on your business, and I wanted to reach out in a simple way.

I am writing from Chinee Artificial Grass. We work with international partners in a practical and consistent way, with attention to clear communication and long-term cooperation. If helpful, you can also take a quick look at our website here: https://www.china-artificial-grass.com/

I thought it could still make sense to introduce ourselves in case there is ever a reason to connect in the future.

Best regards,
Chinee Artificial Grass
https://www.china-artificial-grass.com/","artificial grass, artificial grass installation, and landscaping solutions",
2026-04-13 13:57:46,InspireScapes Florida,info@inspirescapes.com,发送成功,"Quick note on your artificial grass, artificial grass installation, and contract projects","Hi InspireScapes Florida team,

I noticed that InspireScapes Florida is involved in artificial grass, artificial grass installation, and contract projects. It seems you have a clear focus on your business, and I wanted to reach out in a simple way.

I am writing from Chinee Artificial Grass. We work with international partners in a practical and consistent way, with attention to clear communication and long-term cooperation. If helpful, you can also take a quick look at our website here: https://www.china-artificial-grass.com/

I thought it could still make sense to introduce ourselves in case there is ever a reason to connect in the future.

Best regards,
Chinee Artificial Grass
https://www.china-artificial-grass.com/","artificial grass, artificial grass installation, and contract projects",
2026-04-13 13:58:47,Sunshine Turf,office@sunshineturf.info,发送成功,"Quick note on your artificial grass, artificial grass installation, and contract projects","Hi Sunshine Turf team,

I noticed that Sunshine Turf is involved in artificial grass, artificial grass installation, and contract projects. It seems you have a clear focus on your business, and I wanted to reach out in a simple way.

I am writing from Chinee Artificial Grass. We work with international partners in a practical and consistent way, with attention to clear communication and long-term cooperation. If helpful, you can also take a quick look at our website here: https://www.china-artificial-grass.com/

I thought it could still make sense to introduce ourselves in case there is ever a reason to connect in the future.

Best regards,
Chinee Artificial Grass
https://www.china-artificial-grass.com/","artificial grass, artificial grass installation, and contract projects",
2026-04-13 13:59:48,Northeast Florida Turf,quotes@neflturf.com,发送成功,"Quick note on your artificial grass, artificial grass installation, and landscaping solutions","Hi Northeast Florida Turf team,

I noticed that Northeast Florida Turf is involved in artificial grass, artificial grass installation, and landscaping solutions. It seems you have a clear focus on your business, and I wanted to reach out in a simple way.

I am writing from Chinee Artificial Grass. We work with international partners in a practical and consistent way, with attention to clear communication and long-term cooperation. If helpful, you can also take a quick look at our website here: https://www.china-artificial-grass.com/

I thought it could still make sense to introduce ourselves in case there is ever a reason to connect in the future.

Best regards,
Chinee Artificial Grass
https://www.china-artificial-grass.com/","artificial grass, artificial grass installation, and landscaping solutions",
2026-04-13 14:00:48,Artificial Grass Jacksonville FL,info@jacksonvillefakegrass.com,发送成功,"Quick note on your artificial grass, artificial grass installation, and contract projects","Hi Artificial Grass Jacksonville FL team,

I noticed that Artificial Grass Jacksonville FL is involved in artificial grass, artificial grass installation, and contract projects. It seems you have a clear focus on your business, and I wanted to reach out in a simple way.

I am writing from Chinee Artificial Grass. We work with international partners in a practical and consistent way, with attention to clear communication and long-term cooperation. If helpful, you can also take a quick look at our website here: https://www.china-artificial-grass.com/

I thought it could still make sense to introduce ourselves in case there is ever a reason to connect in the future.

Best regards,
Chinee Artificial Grass
https://www.china-artificial-grass.com/","artificial grass, artificial grass installation, and contract projects",
2026-04-13 14:01:49,Advanced Lawn and Garden LLC,advancedlawnllc@gmail.com,发送成功,"Quick note on your artificial grass, artificial grass installation, and artificial grass supply","Hi Advanced Lawn and Garden LLC team,

I noticed that Advanced Lawn and Garden LLC is involved in artificial grass, artificial grass installation, and artificial grass supply. It seems you have a clear focus on your business, and I wanted to reach out in a simple way.

I am writing from Chinee Artificial Grass. We work with international partners in a practical and consistent way, with attention to clear communication and long-term cooperation. If helpful, you can also take a quick look at our website here: https://www.china-artificial-grass.com/

I thought it could still make sense to introduce ourselves in case there is ever a reason to connect in the future.

Best regards,
Chinee Artificial Grass
https://www.china-artificial-grass.com/","artificial grass, artificial grass installation, and artificial grass supply",
2026-04-13 14:02:50,Bold Turf Co.,contact@boldturfco.com,发送成功,"Quick note on your artificial grass installation, landscaping solutions, and contract projects","Hi Bold Turf Co. team,

I noticed that Bold Turf Co. is involved in artificial grass installation, landscaping solutions, and contract projects. It seems you have a clear focus on your business, and I wanted to reach out in a simple way.

I am writing from Chinee Artificial Grass. We work with international partners in a practical and consistent way, with attention to clear communication and long-term cooperation. If helpful, you can also take a quick look at our website here: https://www.china-artificial-grass.com/

I thought it could still make sense to introduce ourselves in case there is ever a reason to connect in the future.

Best regards,
Chinee Artificial Grass
https://www.china-artificial-grass.com/","artificial grass installation, landscaping solutions, and contract projects",
2026-04-13 14:03:51,LawnPop,team@lawnpop.com,发送成功,Quick note on your artificial grass and landscaping solutions,"Hi LawnPop team,

I noticed that LawnPop is involved in artificial grass and landscaping solutions. It seems you have a clear focus on your business, and I wanted to reach out in a simple way.

I am writing from Chinee Artificial Grass. We work with international partners in a practical and consistent way, with attention to clear communication and long-term cooperation. If helpful, you can also take a quick look at our website here: https://www.china-artificial-grass.com/

I thought it could still make sense to introduce ourselves in case there is ever a reason to connect in the future.

Best regards,
Chinee Artificial Grass
https://www.china-artificial-grass.com/",artificial grass and landscaping solutions,
2026-04-13 14:04:51,Synthetic Grass ATX – New version,leads@syntheticgrassatx.com,发送成功,"Quick note on your artificial grass installation, landscaping solutions, and contract projects","Hi Synthetic Grass ATX – New version team,

I noticed that Synthetic Grass ATX – New version is involved in artificial grass installation, landscaping solutions, and contract projects. It seems you have a clear focus on your business, and I wanted to reach out in a simple way.

I am writing from Chinee Artificial Grass. We work with international partners in a practical and consistent way, with attention to clear communication and long-term cooperation. If helpful, you can also take a quick look at our website here: https://www.china-artificial-grass.com/

I thought it could still make sense to introduce ourselves in case there is ever a reason to connect in the future.

Best regards,
Chinee Artificial Grass
https://www.china-artificial-grass.com/","artificial grass installation, landscaping solutions, and contract projects",
2026-04-13 14:04:58,Cade <cade@theturffactory.com>,cade@theturffactory.com,自动回复成功,Re: Quick note on your artificial grass,"Dear Cade,

Yes, we produce our own yarn in-house. This allows us to maintain quality control and offer competitive pricing.
If you'd like more details or specifications, please let me know.

Best regards,
Chinee Artificial Grass
https://www.china-artificial-grass.com/",auto reply,
2026-04-13 14:05:52,US Turf Austin,zac@usturf.com,发送成功,Quick note on your artificial grass,"Hi US Turf Austin team,

I noticed that US Turf Austin is involved in artificial grass. It seems you have a clear focus on your business, and I wanted to reach out in a simple way.

I am writing from Chinee Artificial Grass. We work with international partners in a practical and consistent way, with attention to clear communication and long-term cooperation. If helpful, you can also take a quick look at our website here: https://www.china-artificial-grass.com/

I thought it could still make sense to introduce ourselves in case there is ever a reason to connect in the future.

Best regards,
Chinee Artificial Grass
https://www.china-artificial-grass.com/",artificial grass,
2026-04-13 14:06:53,austinturfgrass.com,austinturfgrassoffice@gmail.com,发送成功,Quick note on your landscaping solutions,"Hi austinturfgrass.com team,

I noticed that austinturfgrass.com is involved in landscaping solutions. It seems you have a clear focus on your business, and I wanted to reach out in a simple way.

I am writing from Chinee Artificial Grass. We work with international partners in a practical and consistent way, with attention to clear communication and long-term cooperation. If helpful, you can also take a quick look at our website here: https://www.china-artificial-grass.com/

I thought it could still make sense to introduce ourselves in case there is ever a reason to connect in the future.

Best regards,
Chinee Artificial Grass
https://www.china-artificial-grass.com/",landscaping solutions,
2026-04-13 16:54:51,傅月虹 <fuyuehong2024@163.com>,fuyuehong2024@163.com,自动回复成功,Re: 回复：Quick note on your ：landscapingartificial grassinstallationservices and artificial grass,"Dear 傅月虹,

Yes, we produce our own yarn for artificial grass. It is manufactured in-house to ensure quality control and consistency in our products.

Best regards,
Chinee Artificial Grass
https://china-artificial-grass.com/",auto reply,
2026-04-13 17:22:52,傅月虹 <fuyuehong2024@163.com>,fuyuehong2024@163.com,自动回复成功,Re: 回复：Quick note on your ：landscapingartificial grassinstallationservices and artificial grass,"Dear 傅月虹,

Yes, we are a manufacturer of artificial grass, producing our own yarn and finished products in-house to maintain quality and consistency.

Best regards,
Chinee Artificial Grass
https://china-artificial-grass.com/",auto reply,
2026-04-13 17:31:38,傅月虹 <fuyuehong2024@163.com>,fuyuehong2024@163.com,自动回复成功,Re: 回复：Quick note on your ：landscapingartificial grassinstallationservices and artificial grass,"Dear 傅月虹,

Our artificial grass is designed with a permeable backing and small drainage holes to allow rainwater to pass through easily. This prevents water accumulation and ensures efficient drainage even during heavy rain.

Best regards,
Chinee Artificial Grass
https://china-artificial-grass.com/",auto reply,
2026-04-14 09:08:53,Cade <cade@theturffactory.com>,cade@theturffactory.com,自动回复成功,Re: Quick note on your artificial grass,"Dear Cade,

Thank you for your inquiry. We can provide pricing for 10,000 Denier Slit Film yarn and several thatch options for landscape use, shipped DDP to Dalton, GA. The quote is attached for your review.
Please let me know if you need any additional information.

Best regards,
Chinee Artificial Grass
https://china-artificial-grass.com/",auto reply,
2026-04-14 14:10:26,Heavenly Greens,callcenter@heavenlygreens.com,发送成功,"Quick note on your artificial grass, artificial grass installation, and contract projects","Hi Heavenly Greens team,

I noticed that Heavenly Greens is involved in artificial grass, artificial grass installation, and contract projects. It seems you have a clear focus on your business, and I wanted to reach out in a simple way.

I am writing from Chinee Artificial Grass. We work with international partners in a practical and consistent way, with attention to clear communication and long-term cooperation. If helpful, you can also take a quick look at our website here: https://china-artificial-grass.com/

I thought it could still make sense to introduce ourselves in case there is ever a reason to connect in the future.

Best regards,
Chinee Artificial Grass
https://china-artificial-grass.com/","artificial grass, artificial grass installation, and contract projects",
2026-04-14 14:11:27,GreenWorks ATS,filler@godaddy.comreservacionesmi,发送成功,Quick note on your artificial grass,"Hi GreenWorks ATS team,

I noticed that GreenWorks ATS is involved in artificial grass. It seems you have a clear focus on your business, and I wanted to reach out in a simple way.

I am writing from Chinee Artificial Grass. We work with international partners in a practical and consistent way, with attention to clear communication and long-term cooperation. If helpful, you can also take a quick look at our website here: https://china-artificial-grass.com/

I thought it could still make sense to introduce ourselves in case there is ever a reason to connect in the future.

Best regards,
Chinee Artificial Grass
https://china-artificial-grass.com/",artificial grass,
2026-04-14 14:12:28,Artificial Grass Installers,artificialgrassinstallers555@gmail.comyour,发送成功,"Quick note on your artificial grass, artificial grass installation, and contract projects","Hi Artificial Grass Installers team,

I noticed that Artificial Grass Installers is involved in artificial grass, artificial grass installation, and contract projects. It seems you have a clear focus on your business, and I wanted to reach out in a simple way.

I am writing from Chinee Artificial Grass. We work with international partners in a practical and consistent way, with attention to clear communication and long-term cooperation. If helpful, you can also take a quick look at our website here: https://china-artificial-grass.com/

I thought it could still make sense to introduce ourselves in case there is ever a reason to connect in the future.

Best regards,
Chinee Artificial Grass
https://china-artificial-grass.com/","artificial grass, artificial grass installation, and contract projects",
2026-04-14 14:13:29,Watersavers Turf,info@watersaversturf.com,发送成功,Quick note on your artificial grass and landscaping solutions,"Hi Watersavers Turf team,

I noticed that Watersavers Turf is involved in artificial grass and landscaping solutions. It seems you have a clear focus on your business, and I wanted to reach out in a simple way.

I am writing from Chinee Artificial Grass. We work with international partners in a practical and consistent way, with attention to clear communication and long-term cooperation. If helpful, you can also take a quick look at our website here: https://china-artificial-grass.com/

I thought it could still make sense to introduce ourselves in case there is ever a reason to connect in the future.

Best regards,
Chinee Artificial Grass
https://china-artificial-grass.com/",artificial grass and landscaping solutions,
2026-04-14 14:14:29,Verdigrass,sales@verdigrass.com,发送成功,"Quick note on your artificial grass, artificial grass supply, and artificial grass wholesale","Hi Verdigrass team,

I noticed that Verdigrass is involved in artificial grass, artificial grass supply, and artificial grass wholesale. It seems you have a clear focus on your business, and I wanted to reach out in a simple way.

I am writing from Chinee Artificial Grass. We work with international partners in a practical and consistent way, with attention to clear communication and long-term cooperation. If helpful, you can also take a quick look at our website here: https://china-artificial-grass.com/

I thought it could still make sense to introduce ourselves in case there is ever a reason to connect in the future.

Best regards,
Chinee Artificial Grass
https://china-artificial-grass.com/","artificial grass, artificial grass supply, and artificial grass wholesale",
2026-04-14 14:15:30,Alpha Artificial Turf and Remodeling,gabriel@alphaartificialturf.com,发送成功,"Quick note on your artificial grass, artificial grass installation, and contract projects","Hi Alpha Artificial Turf and Remodeling team,

I noticed that Alpha Artificial Turf and Remodeling is involved in artificial grass, artificial grass installation, and contract projects. It seems you have a clear focus on your business, and I wanted to reach out in a simple way.

I am writing from Chinee Artificial Grass. We work with international partners in a practical and consistent way, with attention to clear communication and long-term cooperation. If helpful, you can also take a quick look at our website here: https://china-artificial-grass.com/

I thought it could still make sense to introduce ourselves in case there is ever a reason to connect in the future.

Best regards,
Chinee Artificial Grass
https://china-artificial-grass.com/","artificial grass, artificial grass installation, and contract projects",
2026-04-14 14:16:31,The Turf Depot Inc.,info@theturfdepotinc.com,发送成功,"Quick note on your artificial grass, artificial grass installation, and artificial grass supply","Hi The Turf Depot Inc. team,

I noticed that The Turf Depot Inc. is involved in artificial grass, artificial grass installation, and artificial grass supply. It seems you have a clear focus on your business, and I wanted to reach out in a simple way.

I am writing from Chinee Artificial Grass. We work with international partners in a practical and consistent way, with attention to clear communication and long-term cooperation. If helpful, you can also take a quick look at our website here: https://china-artificial-grass.com/

I thought it could still make sense to introduce ourselves in case there is ever a reason to connect in the future.

Best regards,
Chinee Artificial Grass
https://china-artificial-grass.com/","artificial grass, artificial grass installation, and artificial grass supply",
2026-04-14 14:17:32,Garden Supply Hardscapes,info@ex.comoutdoorlivingsupply.net,发送成功,"Quick note on your artificial grass, artificial grass installation, and artificial grass supply","Hi Garden Supply Hardscapes team,

I noticed that Garden Supply Hardscapes is involved in artificial grass, artificial grass installation, and artificial grass supply. It seems you have a clear focus on your business, and I wanted to reach out in a simple way.

I am writing from Chinee Artificial Grass. We work with international partners in a practical and consistent way, with attention to clear communication and long-term cooperation. If helpful, you can also take a quick look at our website here: https://china-artificial-grass.com/

I thought it could still make sense to introduce ourselves in case there is ever a reason to connect in the future.

Best regards,
Chinee Artificial Grass
https://china-artificial-grass.com/","artificial grass, artificial grass installation, and artificial grass supply",
2026-04-14 14:18:32,Westack Landscaping,office@westacklandscaping.net,发送成功,"Quick note on your artificial grass, artificial grass installation, and landscaping solutions","Hi Westack Landscaping team,

I noticed that Westack Landscaping is involved in artificial grass, artificial grass installation, and landscaping solutions. It seems you have a clear focus on your business, and I wanted to reach out in a simple way.

I am writing from Chinee Artificial Grass. We work with international partners in a practical and consistent way, with attention to clear communication and long-term cooperation. If helpful, you can also take a quick look at our website here: https://china-artificial-grass.com/

I thought it could still make sense to introduce ourselves in case there is ever a reason to connect in the future.

Best regards,
Chinee Artificial Grass
https://china-artificial-grass.com/","artificial grass, artificial grass installation, and landscaping solutions",
2026-04-14 14:19:33,Artificial Grass Installation Fake Lawn Artificial Grass San Jose Francisco,bradfordgray@bayareasyntheticgrass.com,发送成功,"Quick note on your artificial grass, artificial grass installation, and landscaping solutions","Hi Artificial Grass Installation Fake Lawn Artificial Grass San Jose Francisco team,

I noticed that Artificial Grass Installation Fake Lawn Artificial Grass San Jose Francisco is involved in artificial grass, artificial grass installation, and landscaping solutions. It seems you have a clear focus on your business, and I wanted to reach out in a simple way.

I am writing from Chinee Artificial Grass. We work with international partners in a practical and consistent way, with attention to clear communication and long-term cooperation. If helpful, you can also take a quick look at our website here: https://china-artificial-grass.com/

I thought it could still make sense to introduce ourselves in case there is ever a reason to connect in the future.

Best regards,
Chinee Artificial Grass
https://china-artificial-grass.com/","artificial grass, artificial grass installation, and landscaping solutions",
2026-04-14 14:20:34,"Paradise Turf, Inc.",filler@godaddy.combookingsordersmy,发送成功,Quick note on your artificial grass,"Hi Paradise Turf, Inc. team,

I noticed that Paradise Turf, Inc. is involved in artificial grass. It seems you have a clear focus on your business, and I wanted to reach out in a simple way.

I am writing from Chinee Artificial Grass. We work with international partners in a practical and consistent way, with attention to clear communication and long-term cooperation. If helpful, you can also take a quick look at our website here: https://china-artificial-grass.com/

I thought it could still make sense to introduce ourselves in case there is ever a reason to connect in the future.

Best regards,
Chinee Artificial Grass
https://china-artificial-grass.com/",artificial grass,
2026-04-14 14:21:35,AI‑Powered Growth for Artificial‑Grass Businesses,info@artificialgrassmarketing.com,发送成功,Quick note on your artificial grass,"Hi AI‑Powered Growth for Artificial‑Grass Businesses team,

I noticed that AI‑Powered Growth for Artificial‑Grass Businesses is involved in artificial grass. It seems you have a clear focus on your business, and I wanted to reach out in a simple way.

I am writing from Chinee Artificial Grass. We work with international partners in a practical and consistent way, with attention to clear communication and long-term cooperation. If helpful, you can also take a quick look at our website here: https://china-artificial-grass.com/

I thought it could still make sense to introduce ourselves in case there is ever a reason to connect in the future.

Best regards,
Chinee Artificial Grass
https://china-artificial-grass.com/",artificial grass,
2026-04-14 14:22:35,Horizon Distributors,mgrhoz070@horizononline.com,发送成功,"Quick note on your artificial grass, artificial grass installation, and artificial grass supply","Hi Horizon Distributors team,

I noticed that Horizon Distributors is involved in artificial grass, artificial grass installation, and artificial grass supply. It seems you have a clear focus on your business, and I wanted to reach out in a simple way.

I am writing from Chinee Artificial Grass. We work with international partners in a practical and consistent way, with attention to clear communication and long-term cooperation. If helpful, you can also take a quick look at our website here: https://china-artificial-grass.com/

I thought it could still make sense to introduce ourselves in case there is ever a reason to connect in the future.

Best regards,
Chinee Artificial Grass
https://china-artificial-grass.com/","artificial grass, artificial grass installation, and artificial grass supply",
2026-04-14 14:23:36,California Turf Supply,caturfsupply@gmail.com,发送成功,"Quick note on your artificial grass, artificial grass installation, and contract projects","Hi California Turf Supply team,

I noticed that California Turf Supply is involved in artificial grass, artificial grass installation, and contract projects. It seems you have a clear focus on your business, and I wanted to reach out in a simple way.

I am writing from Chinee Artificial Grass. We work with international partners in a practical and consistent way, with attention to clear communication and long-term cooperation. If helpful, you can also take a quick look at our website here: https://china-artificial-grass.com/

I thought it could still make sense to introduce ourselves in case there is ever a reason to connect in the future.

Best regards,
Chinee Artificial Grass
https://china-artificial-grass.com/","artificial grass, artificial grass installation, and contract projects",
2026-04-14 15:02:01,Central Ohio Turf,info@centralohioturf.com,发送成功,Quick note on your artificial grass,"Hi Central Ohio Turf team,

I noticed that Central Ohio Turf is involved in artificial grass. It seems you have a clear focus on your business, and I wanted to reach out in a simple way.

I am writing from Chinee Artificial Grass. We work with international partners in a practical and consistent way, with attention to clear communication and long-term cooperation. If helpful, you can also take a quick look at our website here: https://china-artificial-grass.com/

I thought it could still make sense to introduce ourselves in case there is ever a reason to connect in the future.

Best regards,
Chinee Artificial Grass
https://china-artificial-grass.com/",artificial grass,
2026-04-14 15:03:02,Green Velvet Sod Farms,info@heritagelsg.com,发送成功,"Quick note on your artificial grass, artificial grass supply, and landscaping solutions","Hi Green Velvet Sod Farms team,

I noticed that Green Velvet Sod Farms is involved in artificial grass, artificial grass supply, and landscaping solutions. It seems you have a clear focus on your business, and I wanted to reach out in a simple way.

I am writing from Chinee Artificial Grass. We work with international partners in a practical and consistent way, with attention to clear communication and long-term cooperation. If helpful, you can also take a quick look at our website here: https://china-artificial-grass.com/

I thought it could still make sense to introduce ourselves in case there is ever a reason to connect in the future.

Best regards,
Chinee Artificial Grass
https://china-artificial-grass.com/","artificial grass, artificial grass supply, and landscaping solutions",
2026-04-15 14:11:02,North Carolina’s Premiere Artificial Turf Company,info@atpcarolina.com,发送成功,Quick note on your artificial grass,"Hi North Carolina’s Premiere Artificial Turf Company team,

I noticed that North Carolina’s Premiere Artificial Turf Company is involved in artificial grass. It seems you have a clear focus on your business, and I wanted to reach out in a simple way.

I am writing from Chinee Artificial Grass. We work with international partners in a practical and consistent way, with attention to clear communication and long-term cooperation. If helpful, you can also take a quick look at our website here: https://china-artificial-grass.com/

I thought it could still make sense to introduce ourselves in case there is ever a reason to connect in the future.

Best regards,
Chinee Artificial Grass
https://china-artificial-grass.com/",artificial grass,
2026-04-15 14:12:02,Artificial Turf Supplier,info@qcturf.com,发送成功,"Quick note on your artificial grass, artificial grass installation, and artificial grass supply","Hi Artificial Turf Supplier team,

I noticed that Artificial Turf Supplier is involved in artificial grass, artificial grass installation, and artificial grass supply. It seems you have a clear focus on your business, and I wanted to reach out in a simple way.

I am writing from Chinee Artificial Grass. We work with international partners in a practical and consistent way, with attention to clear communication and long-term cooperation. If helpful, you can also take a quick look at our website here: https://china-artificial-grass.com/

I thought it could still make sense to introduce ourselves in case there is ever a reason to connect in the future.

Best regards,
Chinee Artificial Grass
https://china-artificial-grass.com/","artificial grass, artificial grass installation, and artificial grass supply",
2026-04-15 14:13:03,Artificial Turf,ron@carolinaturfsystems.com,发送成功,"Quick note on your artificial grass, artificial grass installation, and landscaping solutions","Hi Artificial Turf team,

I noticed that Artificial Turf is involved in artificial grass, artificial grass installation, and landscaping solutions. It seems you have a clear focus on your business, and I wanted to reach out in a simple way.

I am writing from Chinee Artificial Grass. We work with international partners in a practical and consistent way, with attention to clear communication and long-term cooperation. If helpful, you can also take a quick look at our website here: https://china-artificial-grass.com/

I thought it could still make sense to introduce ourselves in case there is ever a reason to connect in the future.

Best regards,
Chinee Artificial Grass
https://china-artificial-grass.com/","artificial grass, artificial grass installation, and landscaping solutions",
2026-04-15 14:14:04,Turf Carolinas,info@turfcarolinas.com,发送成功,"Quick note on your artificial grass, artificial grass installation, and artificial grass supply","Hi Turf Carolinas team,

I noticed that Turf Carolinas is involved in artificial grass, artificial grass installation, and artificial grass supply. It seems you have a clear focus on your business, and I wanted to reach out in a simple way.

I am writing from Chinee Artificial Grass. We work with international partners in a practical and consistent way, with attention to clear communication and long-term cooperation. If helpful, you can also take a quick look at our website here: https://china-artificial-grass.com/

I thought it could still make sense to introduce ourselves in case there is ever a reason to connect in the future.

Best regards,
Chinee Artificial Grass
https://china-artificial-grass.com/","artificial grass, artificial grass installation, and artificial grass supply",
2026-04-15 14:15:06,Making Homes More Beautiful®,info@mroutdoorliving.com,发送成功,"Quick note on your artificial grass, artificial grass installation, and artificial grass supply","Hi Making Homes More Beautiful® team,

I noticed that Making Homes More Beautiful® is involved in artificial grass, artificial grass installation, and artificial grass supply. It seems you have a clear focus on your business, and I wanted to reach out in a simple way.

I am writing from Chinee Artificial Grass. We work with international partners in a practical and consistent way, with attention to clear communication and long-term cooperation. If helpful, you can also take a quick look at our website here: https://china-artificial-grass.com/

I thought it could still make sense to introduce ourselves in case there is ever a reason to connect in the future.

Best regards,
Chinee Artificial Grass
https://china-artificial-grass.com/","artificial grass, artificial grass installation, and artificial grass supply",
2026-04-15 14:16:07,U.S. Lawns,brandon.shively@uslawns.net,发送成功,"Quick note on your artificial grass, artificial grass installation, and artificial grass supply","Hi U.S. Lawns team,

I noticed that U.S. Lawns is involved in artificial grass, artificial grass installation, and artificial grass supply. It seems you have a clear focus on your business, and I wanted to reach out in a simple way.

I am writing from Chinee Artificial Grass. We work with international partners in a practical and consistent way, with attention to clear communication and long-term cooperation. If helpful, you can also take a quick look at our website here: https://china-artificial-grass.com/

I thought it could still make sense to introduce ourselves in case there is ever a reason to connect in the future.

Best regards,
Chinee Artificial Grass
https://china-artificial-grass.com/","artificial grass, artificial grass installation, and artificial grass supply",
2026-04-15 14:17:07,BW Artificial Turf,theturfguy@bwlandscapesupply.com,发送成功,"Quick note on your artificial grass, artificial grass supply, and landscaping solutions","Hi BW Artificial Turf team,

I noticed that BW Artificial Turf is involved in artificial grass, artificial grass supply, and landscaping solutions. It seems you have a clear focus on your business, and I wanted to reach out in a simple way.

I am writing from Chinee Artificial Grass. We work with international partners in a practical and consistent way, with attention to clear communication and long-term cooperation. If helpful, you can also take a quick look at our website here: https://china-artificial-grass.com/

I thought it could still make sense to introduce ourselves in case there is ever a reason to connect in the future.

Best regards,
Chinee Artificial Grass
https://china-artificial-grass.com/","artificial grass, artificial grass supply, and landscaping solutions",
2026-04-16 10:02:17,Ideal Turf Solutions,infoturfsolutions@gmail.com,发送成功,Quick note on your artificial grass,"Hi Ideal Turf Solutions team,

I noticed that Ideal Turf Solutions is involved in artificial grass. It seems you have a clear focus on your business, and I wanted to reach out in a simple way.

I am writing from Chinee Artificial Grass. We work with international partners in a practical and consistent way, with attention to clear communication and long-term cooperation. If helpful, you can also take a quick look at our website here: https://china-artificial-grass.com/

I thought it could still make sense to introduce ourselves in case there is ever a reason to connect in the future.

Best regards,
Chinee Artificial Grass
https://china-artificial-grass.com/",artificial grass,
2026-04-16 10:45:32,Grass365,jd@grass365.com,发送成功,Quick note on your artificial grass,"Hi Grass365 team,

I noticed that Grass365 is involved in artificial grass. It seems you have a clear focus on your business, and I wanted to reach out in a simple way.

I am writing from Chinee Artificial Grass. We work with international partners in a practical and consistent way, with attention to clear communication and long-term cooperation. If helpful, you can also take a quick look at our website here: https://china-artificial-grass.com/

I thought it could still make sense to introduce ourselves in case there is ever a reason to connect in the future.

Best regards,
Chinee Artificial Grass
https://china-artificial-grass.com/",artificial grass,
2026-04-16 10:46:32,Atlantic Sports Group,nicole@atlanticsg.com,发送成功,"Quick note on your artificial grass, artificial grass installation, and contract projects","Hi Atlantic Sports Group team,

I noticed that Atlantic Sports Group is involved in artificial grass, artificial grass installation, and contract projects. It seems you have a clear focus on your business, and I wanted to reach out in a simple way.

I am writing from Chinee Artificial Grass. We work with international partners in a practical and consistent way, with attention to clear communication and long-term cooperation. If helpful, you can also take a quick look at our website here: https://china-artificial-grass.com/

I thought it could still make sense to introduce ourselves in case there is ever a reason to connect in the future.

Best regards,
Chinee Artificial Grass
https://china-artificial-grass.com/","artificial grass, artificial grass installation, and contract projects",
2026-04-16 10:47:33,New England's Synthetic Grass Specialists,n.e.syntheticgrass@gmail.com,发送成功,Quick note on your artificial grass and landscaping solutions,"Hi New England's Synthetic Grass Specialists team,

I noticed that New England's Synthetic Grass Specialists is involved in artificial grass and landscaping solutions. It seems you have a clear focus on your business, and I wanted to reach out in a simple way.

I am writing from Chinee Artificial Grass. We work with international partners in a practical and consistent way, with attention to clear communication and long-term cooperation. If helpful, you can also take a quick look at our website here: https://china-artificial-grass.com/

I thought it could still make sense to introduce ourselves in case there is ever a reason to connect in the future.

Best regards,
Chinee Artificial Grass
https://china-artificial-grass.com/",artificial grass and landscaping solutions,
2026-04-16 10:48:34,Synthetic Turf Northwest,contact@syntheticturfnw.com,发送成功,"Quick note on your artificial grass, artificial grass installation, and contract projects","Hi Synthetic Turf Northwest team,

I noticed that Synthetic Turf Northwest is involved in artificial grass, artificial grass installation, and contract projects. It seems you have a clear focus on your business, and I wanted to reach out in a simple way.

I am writing from Chinee Artificial Grass. We work with international partners in a practical and consistent way, with attention to clear communication and long-term cooperation. If helpful, you can also take a quick look at our website here: https://china-artificial-grass.com/

I thought it could still make sense to introduce ourselves in case there is ever a reason to connect in the future.

Best regards,
Chinee Artificial Grass
https://china-artificial-grass.com/","artificial grass, artificial grass installation, and contract projects",
2026-04-16 10:49:35,A&M Boston Snow Removal Services,aandmhomeservices@yahoo.com,发送成功,"Quick note on your artificial grass, artificial grass installation, and artificial grass supply","Hi A&M Boston Snow Removal Services team,

I noticed that A&M Boston Snow Removal Services is involved in artificial grass, artificial grass installation, and artificial grass supply. It seems you have a clear focus on your business, and I wanted to reach out in a simple way.

I am writing from Chinee Artificial Grass. We work with international partners in a practical and consistent way, with attention to clear communication and long-term cooperation. If helpful, you can also take a quick look at our website here: https://china-artificial-grass.com/

I thought it could still make sense to introduce ourselves in case there is ever a reason to connect in the future.

Best regards,
Chinee Artificial Grass
https://china-artificial-grass.com/","artificial grass, artificial grass installation, and artificial grass supply",
2026-04-16 10:50:35,Always Green Boston,info@alwaysgreenboston.com,发送成功,"Quick note on your artificial grass, artificial grass installation, and artificial grass supply","Hi Always Green Boston team,

I noticed that Always Green Boston is involved in artificial grass, artificial grass installation, and artificial grass supply. It seems you have a clear focus on your business, and I wanted to reach out in a simple way.

I am writing from Chinee Artificial Grass. We work with international partners in a practical and consistent way, with attention to clear communication and long-term cooperation. If helpful, you can also take a quick look at our website here: https://china-artificial-grass.com/

I thought it could still make sense to introduce ourselves in case there is ever a reason to connect in the future.

Best regards,
Chinee Artificial Grass
https://china-artificial-grass.com/","artificial grass, artificial grass installation, and artificial grass supply",
2026-04-16 10:51:36,Mendez Landscaping Construction,fmendezlandscaping@gmail.com,发送成功,"Quick note on your artificial grass, artificial grass installation, and artificial grass supply","Hi Mendez Landscaping Construction team,

I noticed that Mendez Landscaping Construction is involved in artificial grass, artificial grass installation, and artificial grass supply. It seems you have a clear focus on your business, and I wanted to reach out in a simple way.

I am writing from Chinee Artificial Grass. We work with international partners in a practical and consistent way, with attention to clear communication and long-term cooperation. If helpful, you can also take a quick look at our website here: https://china-artificial-grass.com/

I thought it could still make sense to introduce ourselves in case there is ever a reason to connect in the future.

Best regards,
Chinee Artificial Grass
https://china-artificial-grass.com/","artificial grass, artificial grass installation, and artificial grass supply",
2026-04-16 10:52:37,"Residential Backyard Basketball Court, Rinks & Putting Greens",info@360sportssystems.com,发送成功,"Quick note on your artificial grass, artificial grass installation, and landscaping solutions","Hi Residential Backyard Basketball Court, Rinks & Putting Greens team,

I noticed that Residential Backyard Basketball Court, Rinks & Putting Greens is involved in artificial grass, artificial grass installation, and landscaping solutions. It seems you have a clear focus on your business, and I wanted to reach out in a simple way.

I am writing from Chinee Artificial Grass. We work with international partners in a practical and consistent way, with attention to clear communication and long-term cooperation. If helpful, you can also take a quick look at our website here: https://china-artificial-grass.com/

I thought it could still make sense to introduce ourselves in case there is ever a reason to connect in the future.

Best regards,
Chinee Artificial Grass
https://china-artificial-grass.com/","artificial grass, artificial grass installation, and landscaping solutions",
2026-04-16 10:53:38,NAJERA\'S LANDSCAPING,dnajera042@gmail.com,发送成功,"Quick note on your artificial grass, artificial grass installation, and artificial grass supply","Hi NAJERA\'S LANDSCAPING team,

I noticed that NAJERA\'S LANDSCAPING is involved in artificial grass, artificial grass installation, and artificial grass supply. It seems you have a clear focus on your business, and I wanted to reach out in a simple way.

I am writing from Chinee Artificial Grass. We work with international partners in a practical and consistent way, with attention to clear communication and long-term cooperation. If helpful, you can also take a quick look at our website here: https://china-artificial-grass.com/

I thought it could still make sense to introduce ourselves in case there is ever a reason to connect in the future.

Best regards,
Chinee Artificial Grass
https://china-artificial-grass.com/","artificial grass, artificial grass installation, and artificial grass supply",
2026-04-16 10:54:38,Synthetic Turf Solutions,sales@synturfsolution.com,发送成功,"Quick note on your artificial grass, artificial grass installation, and landscaping solutions","Hi Synthetic Turf Solutions team,

I noticed that Synthetic Turf Solutions is involved in artificial grass, artificial grass installation, and landscaping solutions. It seems you have a clear focus on your business, and I wanted to reach out in a simple way.

I am writing from Chinee Artificial Grass. We work with international partners in a practical and consistent way, with attention to clear communication and long-term cooperation. If helpful, you can also take a quick look at our website here: https://china-artificial-grass.com/

I thought it could still make sense to introduce ourselves in case there is ever a reason to connect in the future.

Best regards,
Chinee Artificial Grass
https://china-artificial-grass.com/","artificial grass, artificial grass installation, and landscaping solutions",
2026-04-16 10:55:39,Synthetic Turf International,info@synthetic-turf.com,发送成功,"Quick note on your artificial grass, artificial grass supply, and artificial grass wholesale","Hi Synthetic Turf International team,

I noticed that Synthetic Turf International is involved in artificial grass, artificial grass supply, and artificial grass wholesale. It seems you have a clear focus on your business, and I wanted to reach out in a simple way.

I am writing from Chinee Artificial Grass. We work with international partners in a practical and consistent way, with attention to clear communication and long-term cooperation. If helpful, you can also take a quick look at our website here: https://china-artificial-grass.com/

I thought it could still make sense to introduce ourselves in case there is ever a reason to connect in the future.

Best regards,
Chinee Artificial Grass
https://china-artificial-grass.com/","artificial grass, artificial grass supply, and artificial grass wholesale",
2026-04-16 10:56:40,SYNLawn Reno,synlawn-humane-society-of-st-lucie-county-synlawn-artificial-grass@-1024x421.jpg,发送失败,,,"artificial grass, artificial grass installation, and landscaping solutions","{'synlawn-humane-society-of-st-lucie-county-synlawn-artificial-grass@-1024x421.jpg': (501, b'5.1.3 Bad recipient address syntax')}"
2026-04-16 10:57:41,Synthetic Turf International Canada,info@synthetic-turf.ca,发送成功,Quick note on your artificial grass,"Hi Synthetic Turf International Canada team,

I noticed that Synthetic Turf International Canada is involved in artificial grass. It seems you have a clear focus on your business, and I wanted to reach out in a simple way.

I am writing from Chinee Artificial Grass. We work with international partners in a practical and consistent way, with attention to clear communication and long-term cooperation. If helpful, you can also take a quick look at our website here: https://china-artificial-grass.com/

I thought it could still make sense to introduce ourselves in case there is ever a reason to connect in the future.

Best regards,
Chinee Artificial Grass
https://china-artificial-grass.com/",artificial grass,
2026-04-16 10:58:42,Artificial Grass and Lawns – ForeverLawn of Massachusetts,watsonluna453@gmail.com,发送成功,Quick note on your artificial grass,"Hi Artificial Grass and Lawns – ForeverLawn of Massachusetts team,

I noticed that Artificial Grass and Lawns – ForeverLawn of Massachusetts is involved in artificial grass. It seems you have a clear focus on your business, and I wanted to reach out in a simple way.

I am writing from Chinee Artificial Grass. We work with international partners in a practical and consistent way, with attention to clear communication and long-term cooperation. If helpful, you can also take a quick look at our website here: https://china-artificial-grass.com/

I thought it could still make sense to introduce ourselves in case there is ever a reason to connect in the future.

Best regards,
Chinee Artificial Grass
https://china-artificial-grass.com/",artificial grass,
2026-04-16 10:59:42,Turf Prep,info@turfprep.com,发送成功,"Quick note on your artificial grass, artificial grass installation, and landscaping solutions","Hi Turf Prep team,

I noticed that Turf Prep is involved in artificial grass, artificial grass installation, and landscaping solutions. It seems you have a clear focus on your business, and I wanted to reach out in a simple way.

I am writing from Chinee Artificial Grass. We work with international partners in a practical and consistent way, with attention to clear communication and long-term cooperation. If helpful, you can also take a quick look at our website here: https://china-artificial-grass.com/

I thought it could still make sense to introduce ourselves in case there is ever a reason to connect in the future.

Best regards,
Chinee Artificial Grass
https://china-artificial-grass.com/","artificial grass, artificial grass installation, and landscaping solutions",
2026-04-16 11:00:43,SGCPRODUCTS,info@sgcproducts.us,发送成功,Quick note on your artificial grass,"Hi SGCPRODUCTS team,

I noticed that SGCPRODUCTS is involved in artificial grass. It seems you have a clear focus on your business, and I wanted to reach out in a simple way.

I am writing from Chinee Artificial Grass. We work with international partners in a practical and consistent way, with attention to clear communication and long-term cooperation. If helpful, you can also take a quick look at our website here: https://china-artificial-grass.com/

I thought it could still make sense to introduce ourselves in case there is ever a reason to connect in the future.

Best regards,
Chinee Artificial Grass
https://china-artificial-grass.com/",artificial grass,
2026-04-16 11:01:44,bestplus,customersupport@bestpl.us,发送成功,"Quick note on your artificial grass, artificial grass installation, and artificial grass supply","Hi bestplus team,

I noticed that bestplus is involved in artificial grass, artificial grass installation, and artificial grass supply. It seems you have a clear focus on your business, and I wanted to reach out in a simple way.

I am writing from Chinee Artificial Grass. We work with international partners in a practical and consistent way, with attention to clear communication and long-term cooperation. If helpful, you can also take a quick look at our website here: https://china-artificial-grass.com/

I thought it could still make sense to introduce ourselves in case there is ever a reason to connect in the future.

Best regards,
Chinee Artificial Grass
https://china-artificial-grass.com/","artificial grass, artificial grass installation, and artificial grass supply",
2026-04-16 11:02:45,Right Way Landscaping,info@rightwaylandscapingmass.com,发送成功,"Quick note on your artificial grass, artificial grass installation, and artificial grass supply","Hi Right Way Landscaping team,

I noticed that Right Way Landscaping is involved in artificial grass, artificial grass installation, and artificial grass supply. It seems you have a clear focus on your business, and I wanted to reach out in a simple way.

I am writing from Chinee Artificial Grass. We work with international partners in a practical and consistent way, with attention to clear communication and long-term cooperation. If helpful, you can also take a quick look at our website here: https://china-artificial-grass.com/

I thought it could still make sense to introduce ourselves in case there is ever a reason to connect in the future.

Best regards,
Chinee Artificial Grass
https://china-artificial-grass.com/","artificial grass, artificial grass installation, and artificial grass supply",
2026-04-16 11:03:46,Oak Hill Nurseries,info@loveoakhill.com,发送成功,"Quick note on your artificial grass, artificial grass installation, and artificial grass supply","Hi Oak Hill Nurseries team,

I noticed that Oak Hill Nurseries is involved in artificial grass, artificial grass installation, and artificial grass supply. It seems you have a clear focus on your business, and I wanted to reach out in a simple way.

I am writing from Chinee Artificial Grass. We work with international partners in a practical and consistent way, with attention to clear communication and long-term cooperation. If helpful, you can also take a quick look at our website here: https://china-artificial-grass.com/

I thought it could still make sense to introduce ourselves in case there is ever a reason to connect in the future.

Best regards,
Chinee Artificial Grass
https://china-artificial-grass.com/","artificial grass, artificial grass installation, and artificial grass supply",
2026-04-16 11:04:46,Charles Street Supply,info@charlesstsupply.com,发送成功,"Quick note on your artificial grass, artificial grass installation, and artificial grass supply","Hi Charles Street Supply team,

I noticed that Charles Street Supply is involved in artificial grass, artificial grass installation, and artificial grass supply. It seems you have a clear focus on your business, and I wanted to reach out in a simple way.

I am writing from Chinee Artificial Grass. We work with international partners in a practical and consistent way, with attention to clear communication and long-term cooperation. If helpful, you can also take a quick look at our website here: https://china-artificial-grass.com/

I thought it could still make sense to introduce ourselves in case there is ever a reason to connect in the future.

Best regards,
Chinee Artificial Grass
https://china-artificial-grass.com/","artificial grass, artificial grass installation, and artificial grass supply",
2026-04-16 11:05:47,Norfolk Hardware & Center,info@thenorfolkcompanies.com,发送成功,"Quick note on your artificial grass, artificial grass installation, and artificial grass supply","Hi Norfolk Hardware & Center team,

I noticed that Norfolk Hardware & Center is involved in artificial grass, artificial grass installation, and artificial grass supply. It seems you have a clear focus on your business, and I wanted to reach out in a simple way.

I am writing from Chinee Artificial Grass. We work with international partners in a practical and consistent way, with attention to clear communication and long-term cooperation. If helpful, you can also take a quick look at our website here: https://china-artificial-grass.com/

I thought it could still make sense to introduce ourselves in case there is ever a reason to connect in the future.

Best regards,
Chinee Artificial Grass
https://china-artificial-grass.com/","artificial grass, artificial grass installation, and artificial grass supply",
2026-04-16 11:06:50,Curbs Studio,contact@curbsinc.net,发送成功,"Quick note on your artificial grass, artificial grass installation, and artificial grass supply","Hi Curbs Studio team,

I noticed that Curbs Studio is involved in artificial grass, artificial grass installation, and artificial grass supply. It seems you have a clear focus on your business, and I wanted to reach out in a simple way.

I am writing from Chinee Artificial Grass. We work with international partners in a practical and consistent way, with attention to clear communication and long-term cooperation. If helpful, you can also take a quick look at our website here: https://china-artificial-grass.com/

I thought it could still make sense to introduce ourselves in case there is ever a reason to connect in the future.

Best regards,
Chinee Artificial Grass
https://china-artificial-grass.com/","artificial grass, artificial grass installation, and artificial grass supply",
2026-04-16 11:07:51,Goat Turf,sales@goatturf.com,发送成功,"Quick note on your artificial grass, artificial grass supply, and artificial grass wholesale","Hi Goat Turf team,

I noticed that Goat Turf is involved in artificial grass, artificial grass supply, and artificial grass wholesale. It seems you have a clear focus on your business, and I wanted to reach out in a simple way.

I am writing from Chinee Artificial Grass. We work with international partners in a practical and consistent way, with attention to clear communication and long-term cooperation. If helpful, you can also take a quick look at our website here: https://china-artificial-grass.com/

I thought it could still make sense to introduce ourselves in case there is ever a reason to connect in the future.

Best regards,
Chinee Artificial Grass
https://china-artificial-grass.com/","artificial grass, artificial grass supply, and artificial grass wholesale",
2026-04-16 11:08:51,GreenDaddy.com,sales@greendaddy.com,发送成功,Quick note on your artificial grass and landscaping solutions,"Hi GreenDaddy.com team,

I noticed that GreenDaddy.com is involved in artificial grass and landscaping solutions. It seems you have a clear focus on your business, and I wanted to reach out in a simple way.

I am writing from Chinee Artificial Grass. We work with international partners in a practical and consistent way, with attention to clear communication and long-term cooperation. If helpful, you can also take a quick look at our website here: https://china-artificial-grass.com/

I thought it could still make sense to introduce ourselves in case there is ever a reason to connect in the future.

Best regards,
Chinee Artificial Grass
https://china-artificial-grass.com/",artificial grass and landscaping solutions,
2026-04-16 11:09:52,Turft,sales@turft.com,发送成功,"Quick note on your artificial grass, artificial grass installation, and landscaping solutions","Hi Turft team,

I noticed that Turft is involved in artificial grass, artificial grass installation, and landscaping solutions. It seems you have a clear focus on your business, and I wanted to reach out in a simple way.

I am writing from Chinee Artificial Grass. We work with international partners in a practical and consistent way, with attention to clear communication and long-term cooperation. If helpful, you can also take a quick look at our website here: https://china-artificial-grass.com/

I thought it could still make sense to introduce ourselves in case there is ever a reason to connect in the future.

Best regards,
Chinee Artificial Grass
https://china-artificial-grass.com/","artificial grass, artificial grass installation, and landscaping solutions",
2026-04-16 11:10:53,Turf Supply Depot Nashville,sales@turfsupplydepot.com,发送成功,Quick note on your artificial grass and artificial grass supply,"Hi Turf Supply Depot Nashville team,

I noticed that Turf Supply Depot Nashville is involved in artificial grass and artificial grass supply. It seems you have a clear focus on your business, and I wanted to reach out in a simple way.

I am writing from Chinee Artificial Grass. We work with international partners in a practical and consistent way, with attention to clear communication and long-term cooperation. If helpful, you can also take a quick look at our website here: https://china-artificial-grass.com/

I thought it could still make sense to introduce ourselves in case there is ever a reason to connect in the future.

Best regards,
Chinee Artificial Grass
https://china-artificial-grass.com/",artificial grass and artificial grass supply,
2026-04-16 11:11:54,Turf Titans,info@turftitans.com,发送成功,"Quick note on your artificial grass, artificial grass installation, and landscaping solutions","Hi Turf Titans team,

I noticed that Turf Titans is involved in artificial grass, artificial grass installation, and landscaping solutions. It seems you have a clear focus on your business, and I wanted to reach out in a simple way.

I am writing from Chinee Artificial Grass. We work with international partners in a practical and consistent way, with attention to clear communication and long-term cooperation. If helpful, you can also take a quick look at our website here: https://china-artificial-grass.com/

I thought it could still make sense to introduce ourselves in case there is ever a reason to connect in the future.

Best regards,
Chinee Artificial Grass
https://china-artificial-grass.com/","artificial grass, artificial grass installation, and landscaping solutions",
2026-04-16 11:12:54,100% AMERICAN,info@musiccityturf.com,发送成功,Quick note on your artificial grass,"Hi 100% AMERICAN team,

I noticed that 100% AMERICAN is involved in artificial grass. It seems you have a clear focus on your business, and I wanted to reach out in a simple way.

I am writing from Chinee Artificial Grass. We work with international partners in a practical and consistent way, with attention to clear communication and long-term cooperation. If helpful, you can also take a quick look at our website here: https://china-artificial-grass.com/

I thought it could still make sense to introduce ourselves in case there is ever a reason to connect in the future.

Best regards,
Chinee Artificial Grass
https://china-artificial-grass.com/",artificial grass,
2026-04-16 11:13:55,Synthetic Turf Int Of Nashville,chaz@synturfintl.com,发送成功,Quick note on your artificial grass,"Hi Synthetic Turf Int Of Nashville team,

I noticed that Synthetic Turf Int Of Nashville is involved in artificial grass. It seems you have a clear focus on your business, and I wanted to reach out in a simple way.

I am writing from Chinee Artificial Grass. We work with international partners in a practical and consistent way, with attention to clear communication and long-term cooperation. If helpful, you can also take a quick look at our website here: https://china-artificial-grass.com/

I thought it could still make sense to introduce ourselves in case there is ever a reason to connect in the future.

Best regards,
Chinee Artificial Grass
https://china-artificial-grass.com/",artificial grass,
2026-04-16 11:14:56,Three Programs.No Contracts.,info@pureturfllc.com,发送成功,Quick note on your artificial grass and landscaping solutions,"Hi Three Programs.No Contracts. team,

I noticed that Three Programs.No Contracts. is involved in artificial grass and landscaping solutions. It seems you have a clear focus on your business, and I wanted to reach out in a simple way.

I am writing from Chinee Artificial Grass. We work with international partners in a practical and consistent way, with attention to clear communication and long-term cooperation. If helpful, you can also take a quick look at our website here: https://china-artificial-grass.com/

I thought it could still make sense to introduce ourselves in case there is ever a reason to connect in the future.

Best regards,
Chinee Artificial Grass
https://china-artificial-grass.com/",artificial grass and landscaping solutions,
2026-04-16 11:15:57,Grassroots Sod Farm,grassrootssod@gmail.com,发送成功,"Quick note on your artificial grass, artificial grass installation, and artificial grass supply","Hi Grassroots Sod Farm team,

I noticed that Grassroots Sod Farm is involved in artificial grass, artificial grass installation, and artificial grass supply. It seems you have a clear focus on your business, and I wanted to reach out in a simple way.

I am writing from Chinee Artificial Grass. We work with international partners in a practical and consistent way, with attention to clear communication and long-term cooperation. If helpful, you can also take a quick look at our website here: https://china-artificial-grass.com/

I thought it could still make sense to introduce ourselves in case there is ever a reason to connect in the future.

Best regards,
Chinee Artificial Grass
https://china-artificial-grass.com/","artificial grass, artificial grass installation, and artificial grass supply",
2026-04-16 11:16:57,Erosion and sediment,sales@stephenssupply.com,发送成功,"Quick note on your artificial grass, artificial grass installation, and artificial grass supply","Hi Erosion and sediment team,

I noticed that Erosion and sediment is involved in artificial grass, artificial grass installation, and artificial grass supply. It seems you have a clear focus on your business, and I wanted to reach out in a simple way.

I am writing from Chinee Artificial Grass. We work with international partners in a practical and consistent way, with attention to clear communication and long-term cooperation. If helpful, you can also take a quick look at our website here: https://china-artificial-grass.com/

I thought it could still make sense to introduce ourselves in case there is ever a reason to connect in the future.

Best regards,
Chinee Artificial Grass
https://china-artificial-grass.com/","artificial grass, artificial grass installation, and artificial grass supply",
2026-04-16 11:17:58,Sigma Organics Inc.,inquiriesorders@sigmaturf.com,发送成功,Quick note on your artificial grass,"Hi Sigma Organics Inc. team,

I noticed that Sigma Organics Inc. is involved in artificial grass. It seems you have a clear focus on your business, and I wanted to reach out in a simple way.

I am writing from Chinee Artificial Grass. We work with international partners in a practical and consistent way, with attention to clear communication and long-term cooperation. If helpful, you can also take a quick look at our website here: https://china-artificial-grass.com/

I thought it could still make sense to introduce ourselves in case there is ever a reason to connect in the future.

Best regards,
Chinee Artificial Grass
https://china-artificial-grass.com/",artificial grass,
2026-04-16 11:18:59,Commercial Lawn,sales@commerciallawnequipment.com,发送成功,"Quick note on your artificial grass, artificial grass installation, and artificial grass supply","Hi Commercial Lawn team,

I noticed that Commercial Lawn is involved in artificial grass, artificial grass installation, and artificial grass supply. It seems you have a clear focus on your business, and I wanted to reach out in a simple way.

I am writing from Chinee Artificial Grass. We work with international partners in a practical and consistent way, with attention to clear communication and long-term cooperation. If helpful, you can also take a quick look at our website here: https://china-artificial-grass.com/

I thought it could still make sense to introduce ourselves in case there is ever a reason to connect in the future.

Best regards,
Chinee Artificial Grass
https://china-artificial-grass.com/","artificial grass, artificial grass installation, and artificial grass supply",
2026-04-16 11:19:59,Smarter Scapes,info@smarterscapesllc.com,发送成功,"Quick note on your artificial grass, artificial grass installation, and artificial grass supply","Hi Smarter Scapes team,

I noticed that Smarter Scapes is involved in artificial grass, artificial grass installation, and artificial grass supply. It seems you have a clear focus on your business, and I wanted to reach out in a simple way.

I am writing from Chinee Artificial Grass. We work with international partners in a practical and consistent way, with attention to clear communication and long-term cooperation. If helpful, you can also take a quick look at our website here: https://china-artificial-grass.com/

I thought it could still make sense to introduce ourselves in case there is ever a reason to connect in the future.

Best regards,
Chinee Artificial Grass
https://china-artificial-grass.com/","artificial grass, artificial grass installation, and artificial grass supply",
2026-04-16 11:21:00,SLE Equipment,contact@sleequipment.com,发送成功,"Quick note on your artificial grass, artificial grass installation, and artificial grass supply","Hi SLE Equipment team,

I noticed that SLE Equipment is involved in artificial grass, artificial grass installation, and artificial grass supply. It seems you have a clear focus on your business, and I wanted to reach out in a simple way.

I am writing from Chinee Artificial Grass. We work with international partners in a practical and consistent way, with attention to clear communication and long-term cooperation. If helpful, you can also take a quick look at our website here: https://china-artificial-grass.com/

I thought it could still make sense to introduce ourselves in case there is ever a reason to connect in the future.

Best regards,
Chinee Artificial Grass
https://china-artificial-grass.com/","artificial grass, artificial grass installation, and artificial grass supply",
2026-04-16 11:22:01,B&H Landscape and Tree Services,info@bhlandscapeservices.com,发送成功,"Quick note on your artificial grass, artificial grass installation, and artificial grass supply","Hi B&H Landscape and Tree Services team,

I noticed that B&H Landscape and Tree Services is involved in artificial grass, artificial grass installation, and artificial grass supply. It seems you have a clear focus on your business, and I wanted to reach out in a simple way.

I am writing from Chinee Artificial Grass. We work with international partners in a practical and consistent way, with attention to clear communication and long-term cooperation. If helpful, you can also take a quick look at our website here: https://china-artificial-grass.com/

I thought it could still make sense to introduce ourselves in case there is ever a reason to connect in the future.

Best regards,
Chinee Artificial Grass
https://china-artificial-grass.com/","artificial grass, artificial grass installation, and artificial grass supply",
2026-04-16 11:23:02,Carpet One,kmccall@mccallscarpetone.com,发送成功,"Quick note on your artificial grass, artificial grass installation, and artificial grass supply","Hi Carpet One team,

I noticed that Carpet One is involved in artificial grass, artificial grass installation, and artificial grass supply. It seems you have a clear focus on your business, and I wanted to reach out in a simple way.

I am writing from Chinee Artificial Grass. We work with international partners in a practical and consistent way, with attention to clear communication and long-term cooperation. If helpful, you can also take a quick look at our website here: https://china-artificial-grass.com/

I thought it could still make sense to introduce ourselves in case there is ever a reason to connect in the future.

Best regards,
Chinee Artificial Grass
https://china-artificial-grass.com/","artificial grass, artificial grass installation, and artificial grass supply",
2026-04-16 11:24:03,Bates Nursery & Garden Center,info@batesnursery.com,发送成功,"Quick note on your artificial grass, artificial grass installation, and artificial grass supply","Hi Bates Nursery & Garden Center team,

I noticed that Bates Nursery & Garden Center is involved in artificial grass, artificial grass installation, and artificial grass supply. It seems you have a clear focus on your business, and I wanted to reach out in a simple way.

I am writing from Chinee Artificial Grass. We work with international partners in a practical and consistent way, with attention to clear communication and long-term cooperation. If helpful, you can also take a quick look at our website here: https://china-artificial-grass.com/

I thought it could still make sense to introduce ourselves in case there is ever a reason to connect in the future.

Best regards,
Chinee Artificial Grass
https://china-artificial-grass.com/","artificial grass, artificial grass installation, and artificial grass supply",
2026-04-16 11:25:04,Yaardvark Landscape Design & Build,nick@yaardvarklandscape.com,发送成功,"Quick note on your artificial grass, artificial grass installation, and artificial grass supply","Hi Yaardvark Landscape Design & Build team,

I noticed that Yaardvark Landscape Design & Build is involved in artificial grass, artificial grass installation, and artificial grass supply. It seems you have a clear focus on your business, and I wanted to reach out in a simple way.

I am writing from Chinee Artificial Grass. We work with international partners in a practical and consistent way, with attention to clear communication and long-term cooperation. If helpful, you can also take a quick look at our website here: https://china-artificial-grass.com/

I thought it could still make sense to introduce ourselves in case there is ever a reason to connect in the future.

Best regards,
Chinee Artificial Grass
https://china-artificial-grass.com/","artificial grass, artificial grass installation, and artificial grass supply",
2026-04-16 11:26:05,Gladiator Turf,justin@turfgladiators.com,发送成功,Quick note on your artificial grass,"Hi Gladiator Turf team,

I noticed that Gladiator Turf is involved in artificial grass. It seems you have a clear focus on your business, and I wanted to reach out in a simple way.

I am writing from Chinee Artificial Grass. We work with international partners in a practical and consistent way, with attention to clear communication and long-term cooperation. If helpful, you can also take a quick look at our website here: https://china-artificial-grass.com/

I thought it could still make sense to introduce ourselves in case there is ever a reason to connect in the future.

Best regards,
Chinee Artificial Grass
https://china-artificial-grass.com/",artificial grass,
2026-04-16 11:27:05,JVI Secret Gardens,jvisecretgardens@gmail.com,发送成功,"Quick note on your artificial grass, artificial grass installation, and artificial grass supply","Hi JVI Secret Gardens team,

I noticed that JVI Secret Gardens is involved in artificial grass, artificial grass installation, and artificial grass supply. It seems you have a clear focus on your business, and I wanted to reach out in a simple way.

I am writing from Chinee Artificial Grass. We work with international partners in a practical and consistent way, with attention to clear communication and long-term cooperation. If helpful, you can also take a quick look at our website here: https://china-artificial-grass.com/

I thought it could still make sense to introduce ourselves in case there is ever a reason to connect in the future.

Best regards,
Chinee Artificial Grass
https://china-artificial-grass.com/","artificial grass, artificial grass installation, and artificial grass supply",
2026-04-16 11:28:06,Lawn care and landscaping in Nashville,jwillmoth@hotmail.com,发送成功,"Quick note on your artificial grass, artificial grass installation, and artificial grass supply","Hi Lawn care and landscaping in Nashville team,

I noticed that Lawn care and landscaping in Nashville is involved in artificial grass, artificial grass installation, and artificial grass supply. It seems you have a clear focus on your business, and I wanted to reach out in a simple way.

I am writing from Chinee Artificial Grass. We work with international partners in a practical and consistent way, with attention to clear communication and long-term cooperation. If helpful, you can also take a quick look at our website here: https://china-artificial-grass.com/

I thought it could still make sense to introduce ourselves in case there is ever a reason to connect in the future.

Best regards,
Chinee Artificial Grass
https://china-artificial-grass.com/","artificial grass, artificial grass installation, and artificial grass supply",
2026-04-16 11:29:07,Acer Landscape Services,contact@acerlandscapeservices.com,发送成功,Quick note on your artificial grass and landscaping solutions,"Hi Acer Landscape Services team,

I noticed that Acer Landscape Services is involved in artificial grass and landscaping solutions. It seems you have a clear focus on your business, and I wanted to reach out in a simple way.

I am writing from Chinee Artificial Grass. We work with international partners in a practical and consistent way, with attention to clear communication and long-term cooperation. If helpful, you can also take a quick look at our website here: https://china-artificial-grass.com/

I thought it could still make sense to introduce ourselves in case there is ever a reason to connect in the future.

Best regards,
Chinee Artificial Grass
https://china-artificial-grass.com/",artificial grass and landscaping solutions,
2026-04-16 11:30:08,Turf Managers,support@turfmanagersllc.com,发送成功,Quick note on your artificial grass and landscaping solutions,"Hi Turf Managers team,

I noticed that Turf Managers is involved in artificial grass and landscaping solutions. It seems you have a clear focus on your business, and I wanted to reach out in a simple way.

I am writing from Chinee Artificial Grass. We work with international partners in a practical and consistent way, with attention to clear communication and long-term cooperation. If helpful, you can also take a quick look at our website here: https://china-artificial-grass.com/

I thought it could still make sense to introduce ourselves in case there is ever a reason to connect in the future.

Best regards,
Chinee Artificial Grass
https://china-artificial-grass.com/",artificial grass and landscaping solutions,
2026-04-16 11:31:09,Turf Renew,info@turf-renew.com,发送成功,Quick note on your artificial grass,"Hi Turf Renew team,

I noticed that Turf Renew is involved in artificial grass. It seems you have a clear focus on your business, and I wanted to reach out in a simple way.

I am writing from Chinee Artificial Grass. We work with international partners in a practical and consistent way, with attention to clear communication and long-term cooperation. If helpful, you can also take a quick look at our website here: https://china-artificial-grass.com/

I thought it could still make sense to introduce ourselves in case there is ever a reason to connect in the future.

Best regards,
Chinee Artificial Grass
https://china-artificial-grass.com/",artificial grass,
2026-04-16 11:32:10,"Tennessee Turf Pros, LLC",chris@tennesseeturfpros.com,发送成功,Quick note on your artificial grass and landscaping solutions,"Hi Tennessee Turf Pros, LLC team,

I noticed that Tennessee Turf Pros, LLC is involved in artificial grass and landscaping solutions. It seems you have a clear focus on your business, and I wanted to reach out in a simple way.

I am writing from Chinee Artificial Grass. We work with international partners in a practical and consistent way, with attention to clear communication and long-term cooperation. If helpful, you can also take a quick look at our website here: https://china-artificial-grass.com/

I thought it could still make sense to introduce ourselves in case there is ever a reason to connect in the future.

Best regards,
Chinee Artificial Grass
https://china-artificial-grass.com/",artificial grass and landscaping solutions,
2026-04-16 11:33:10,TOF Turf and Outdoors,bfassio@tofturfandoutdoors.com,发送成功,Quick note on your artificial grass,"Hi TOF Turf and Outdoors team,

I noticed that TOF Turf and Outdoors is involved in artificial grass. It seems you have a clear focus on your business, and I wanted to reach out in a simple way.

I am writing from Chinee Artificial Grass. We work with international partners in a practical and consistent way, with attention to clear communication and long-term cooperation. If helpful, you can also take a quick look at our website here: https://china-artificial-grass.com/

I thought it could still make sense to introduce ourselves in case there is ever a reason to connect in the future.

Best regards,
Chinee Artificial Grass
https://china-artificial-grass.com/",artificial grass,
2026-04-16 11:34:11,National Turf Pros,sales@nationalturfpros.com,发送成功,"Quick note on your artificial grass, artificial grass installation, and artificial grass supply","Hi National Turf Pros team,

I noticed that National Turf Pros is involved in artificial grass, artificial grass installation, and artificial grass supply. It seems you have a clear focus on your business, and I wanted to reach out in a simple way.

I am writing from Chinee Artificial Grass. We work with international partners in a practical and consistent way, with attention to clear communication and long-term cooperation. If helpful, you can also take a quick look at our website here: https://china-artificial-grass.com/

I thought it could still make sense to introduce ourselves in case there is ever a reason to connect in the future.

Best regards,
Chinee Artificial Grass
https://china-artificial-grass.com/","artificial grass, artificial grass installation, and artificial grass supply",
2026-04-16 11:35:12,Always Greener,sales@agokc.com,发送成功,"Quick note on your artificial grass, artificial grass installation, and artificial grass supply","Hi Always Greener team,

I noticed that Always Greener is involved in artificial grass, artificial grass installation, and artificial grass supply. It seems you have a clear focus on your business, and I wanted to reach out in a simple way.

I am writing from Chinee Artificial Grass. We work with international partners in a practical and consistent way, with attention to clear communication and long-term cooperation. If helpful, you can also take a quick look at our website here: https://china-artificial-grass.com/

I thought it could still make sense to introduce ourselves in case there is ever a reason to connect in the future.

Best regards,
Chinee Artificial Grass
https://china-artificial-grass.com/","artificial grass, artificial grass installation, and artificial grass supply",
2026-04-17 13:48:53,SYNLawn Reno,synlawn-humane-society-of-st-lucie-county-synlawn-artificial-grass@-1024x421.jpg,发送失败,,,"artificial grass, artificial grass installation, and landscaping solutions","{'synlawn-humane-society-of-st-lucie-county-synlawn-artificial-grass@-1024x421.jpg': (501, b'5.1.3 Bad recipient address syntax')}"
2026-04-17 13:50:23,Artificial Grass Wholesale,sales@agwturf.com,发送失败,,,"artificial grass, artificial grass supply, and artificial grass wholesale",_ssl.c:1011: The handshake operation timed out
2026-04-17 13:51:30,A PERFECT LAWN EVERYDAY,sales@alphaturfnw.com,发送成功,"Quick note on your artificial grass, artificial grass installation, and contract projects","Hi A PERFECT LAWN EVERYDAY team,

I noticed that A PERFECT LAWN EVERYDAY is involved in artificial grass, artificial grass installation, and contract projects. It seems you have a clear focus on your business, and I wanted to reach out in a simple way.

I am writing from Chinee Artificial Grass. We work with international partners in a practical and consistent way, with attention to clear communication and long-term cooperation. If helpful, you can also take a quick look at our website here: https://china-artificial-grass.com/

I thought it could still make sense to introduce ourselves in case there is ever a reason to connect in the future.

Best regards,
Chinee Artificial Grass
https://china-artificial-grass.com/","artificial grass, artificial grass installation, and contract projects",
2026-04-17 13:52:31,Turfland Innovations,info@turflandinnovations.com,发送成功,"Quick note on your artificial grass, artificial grass installation, and landscaping solutions","Hi Turfland Innovations team,

I noticed that Turfland Innovations is involved in artificial grass, artificial grass installation, and landscaping solutions. It seems you have a clear focus on your business, and I wanted to reach out in a simple way.

I am writing from Chinee Artificial Grass. We work with international partners in a practical and consistent way, with attention to clear communication and long-term cooperation. If helpful, you can also take a quick look at our website here: https://china-artificial-grass.com/

I thought it could still make sense to introduce ourselves in case there is ever a reason to connect in the future.

Best regards,
Chinee Artificial Grass
https://china-artificial-grass.com/","artificial grass, artificial grass installation, and landscaping solutions",
2026-04-17 13:53:31,VIP Green Landscaping,vipgreenlandscape@gmail.com,发送成功,"Quick note on your artificial grass, artificial grass installation, and artificial grass supply","Hi VIP Green Landscaping team,

I noticed that VIP Green Landscaping is involved in artificial grass, artificial grass installation, and artificial grass supply. It seems you have a clear focus on your business, and I wanted to reach out in a simple way.

I am writing from Chinee Artificial Grass. We work with international partners in a practical and consistent way, with attention to clear communication and long-term cooperation. If helpful, you can also take a quick look at our website here: https://china-artificial-grass.com/

I thought it could still make sense to introduce ourselves in case there is ever a reason to connect in the future.

Best regards,
Chinee Artificial Grass
https://china-artificial-grass.com/","artificial grass, artificial grass installation, and artificial grass supply",
2026-04-17 13:54:32,Baez Sports Group | Artificial Grass Portland,info@baezsports.com,发送成功,"Quick note on your artificial grass, artificial grass installation, and landscaping solutions","Hi Baez Sports Group | Artificial Grass Portland team,

I noticed that Baez Sports Group | Artificial Grass Portland is involved in artificial grass, artificial grass installation, and landscaping solutions. It seems you have a clear focus on your business, and I wanted to reach out in a simple way.

I am writing from Chinee Artificial Grass. We work with international partners in a practical and consistent way, with attention to clear communication and long-term cooperation. If helpful, you can also take a quick look at our website here: https://china-artificial-grass.com/

I thought it could still make sense to introduce ourselves in case there is ever a reason to connect in the future.

Best regards,
Chinee Artificial Grass
https://china-artificial-grass.com/","artificial grass, artificial grass installation, and landscaping solutions",
2026-04-17 13:55:33,Landscape Design in the Portland Metro Area,proturforegon@gmail.com,发送成功,"Quick note on your artificial grass, artificial grass installation, and artificial grass supply","Hi Landscape Design in the Portland Metro Area team,

I noticed that Landscape Design in the Portland Metro Area is involved in artificial grass, artificial grass installation, and artificial grass supply. It seems you have a clear focus on your business, and I wanted to reach out in a simple way.

I am writing from Chinee Artificial Grass. We work with international partners in a practical and consistent way, with attention to clear communication and long-term cooperation. If helpful, you can also take a quick look at our website here: https://china-artificial-grass.com/

I thought it could still make sense to introduce ourselves in case there is ever a reason to connect in the future.

Best regards,
Chinee Artificial Grass
https://china-artificial-grass.com/","artificial grass, artificial grass installation, and artificial grass supply",
2026-04-17 13:56:34,Turf Solutions,turfpdx@gmail.comhoursmonday,发送成功,Quick note on your artificial grass and landscaping solutions,"Hi Turf Solutions team,

I noticed that Turf Solutions is involved in artificial grass and landscaping solutions. It seems you have a clear focus on your business, and I wanted to reach out in a simple way.

I am writing from Chinee Artificial Grass. We work with international partners in a practical and consistent way, with attention to clear communication and long-term cooperation. If helpful, you can also take a quick look at our website here: https://china-artificial-grass.com/

I thought it could still make sense to introduce ourselves in case there is ever a reason to connect in the future.

Best regards,
Chinee Artificial Grass
https://china-artificial-grass.com/",artificial grass and landscaping solutions,
2026-04-17 13:57:34,Turf and Ivy,info@turfandivy.com,发送成功,Quick note on your artificial grass,"Hi Turf and Ivy team,

I noticed that Turf and Ivy is involved in artificial grass. It seems you have a clear focus on your business, and I wanted to reach out in a simple way.

I am writing from Chinee Artificial Grass. We work with international partners in a practical and consistent way, with attention to clear communication and long-term cooperation. If helpful, you can also take a quick look at our website here: https://china-artificial-grass.com/

I thought it could still make sense to introduce ourselves in case there is ever a reason to connect in the future.

Best regards,
Chinee Artificial Grass
https://china-artificial-grass.com/",artificial grass,
2026-04-17 13:58:35,Portland Landscape Contractor,admin@whereisthegnome.com,发送成功,"Quick note on your artificial grass installation, landscaping solutions, and contract projects","Hi Portland Landscape Contractor team,

I noticed that Portland Landscape Contractor is involved in artificial grass installation, landscaping solutions, and contract projects. It seems you have a clear focus on your business, and I wanted to reach out in a simple way.

I am writing from Chinee Artificial Grass. We work with international partners in a practical and consistent way, with attention to clear communication and long-term cooperation. If helpful, you can also take a quick look at our website here: https://china-artificial-grass.com/

I thought it could still make sense to introduce ourselves in case there is ever a reason to connect in the future.

Best regards,
Chinee Artificial Grass
https://china-artificial-grass.com/","artificial grass installation, landscaping solutions, and contract projects",
2026-04-17 13:59:36,iTurf NW,sales@iturfnw.com,发送成功,"Quick note on your artificial grass, artificial grass installation, and landscaping solutions","Hi iTurf NW team,

I noticed that iTurf NW is involved in artificial grass, artificial grass installation, and landscaping solutions. It seems you have a clear focus on your business, and I wanted to reach out in a simple way.

I am writing from Chinee Artificial Grass. We work with international partners in a practical and consistent way, with attention to clear communication and long-term cooperation. If helpful, you can also take a quick look at our website here: https://china-artificial-grass.com/

I thought it could still make sense to introduce ourselves in case there is ever a reason to connect in the future.

Best regards,
Chinee Artificial Grass
https://china-artificial-grass.com/","artificial grass, artificial grass installation, and landscaping solutions",
2026-04-17 14:00:37,T&A Supply,webhelp@tasupply.com,发送成功,"Quick note on your artificial grass, artificial grass installation, and artificial grass supply","Hi T&A Supply team,

I noticed that T&A Supply is involved in artificial grass, artificial grass installation, and artificial grass supply. It seems you have a clear focus on your business, and I wanted to reach out in a simple way.

I am writing from Chinee Artificial Grass. We work with international partners in a practical and consistent way, with attention to clear communication and long-term cooperation. If helpful, you can also take a quick look at our website here: https://china-artificial-grass.com/

I thought it could still make sense to introduce ourselves in case there is ever a reason to connect in the future.

Best regards,
Chinee Artificial Grass
https://china-artificial-grass.com/","artificial grass, artificial grass installation, and artificial grass supply",
2026-04-17 14:01:38,In! How Can We Help?,info@portlandsandandgravel.com,发送成功,"Quick note on your artificial grass, artificial grass installation, and artificial grass supply","Hi In! How Can We Help? team,

I noticed that In! How Can We Help? is involved in artificial grass, artificial grass installation, and artificial grass supply. It seems you have a clear focus on your business, and I wanted to reach out in a simple way.

I am writing from Chinee Artificial Grass. We work with international partners in a practical and consistent way, with attention to clear communication and long-term cooperation. If helpful, you can also take a quick look at our website here: https://china-artificial-grass.com/

I thought it could still make sense to introduce ourselves in case there is ever a reason to connect in the future.

Best regards,
Chinee Artificial Grass
https://china-artificial-grass.com/","artificial grass, artificial grass installation, and artificial grass supply",
2026-04-17 14:02:38,Bloom Garden Supply,sales@bloomgardensupply.com,发送成功,"Quick note on your artificial grass, artificial grass installation, and artificial grass supply","Hi Bloom Garden Supply team,

I noticed that Bloom Garden Supply is involved in artificial grass, artificial grass installation, and artificial grass supply. It seems you have a clear focus on your business, and I wanted to reach out in a simple way.

I am writing from Chinee Artificial Grass. We work with international partners in a practical and consistent way, with attention to clear communication and long-term cooperation. If helpful, you can also take a quick look at our website here: https://china-artificial-grass.com/

I thought it could still make sense to introduce ourselves in case there is ever a reason to connect in the future.

Best regards,
Chinee Artificial Grass
https://china-artificial-grass.com/","artificial grass, artificial grass installation, and artificial grass supply",
2026-04-17 14:03:39,Keystone Concrete Contractor,info@keystoneindustries.pro,发送成功,"Quick note on your artificial grass, artificial grass installation, and artificial grass supply","Hi Keystone Concrete Contractor team,

I noticed that Keystone Concrete Contractor is involved in artificial grass, artificial grass installation, and artificial grass supply. It seems you have a clear focus on your business, and I wanted to reach out in a simple way.

I am writing from Chinee Artificial Grass. We work with international partners in a practical and consistent way, with attention to clear communication and long-term cooperation. If helpful, you can also take a quick look at our website here: https://china-artificial-grass.com/

I thought it could still make sense to introduce ourselves in case there is ever a reason to connect in the future.

Best regards,
Chinee Artificial Grass
https://china-artificial-grass.com/","artificial grass, artificial grass installation, and artificial grass supply",
2026-04-17 14:04:40,Earthborn Landscape Services,earthbornpdx@gmail.com,发送成功,"Quick note on your artificial grass, artificial grass installation, and landscaping solutions","Hi Earthborn Landscape Services team,

I noticed that Earthborn Landscape Services is involved in artificial grass, artificial grass installation, and landscaping solutions. It seems you have a clear focus on your business, and I wanted to reach out in a simple way.

I am writing from Chinee Artificial Grass. We work with international partners in a practical and consistent way, with attention to clear communication and long-term cooperation. If helpful, you can also take a quick look at our website here: https://china-artificial-grass.com/

I thought it could still make sense to introduce ourselves in case there is ever a reason to connect in the future.

Best regards,
Chinee Artificial Grass
https://china-artificial-grass.com/","artificial grass, artificial grass installation, and landscaping solutions",
2026-04-17 14:05:40,Our Services,westoverworksllc@gmail.com,发送成功,"Quick note on your artificial grass, artificial grass installation, and artificial grass supply","Hi Our Services team,

I noticed that Our Services is involved in artificial grass, artificial grass installation, and artificial grass supply. It seems you have a clear focus on your business, and I wanted to reach out in a simple way.

I am writing from Chinee Artificial Grass. We work with international partners in a practical and consistent way, with attention to clear communication and long-term cooperation. If helpful, you can also take a quick look at our website here: https://china-artificial-grass.com/

I thought it could still make sense to introduce ourselves in case there is ever a reason to connect in the future.

Best regards,
Chinee Artificial Grass
https://china-artificial-grass.com/","artificial grass, artificial grass installation, and artificial grass supply",
2026-04-17 14:06:41,Lowe's,support@suppliergateway.zendesk.com,发送成功,"Quick note on your artificial grass, artificial grass installation, and artificial grass supply","Hi Lowe's team,

I noticed that Lowe's is involved in artificial grass, artificial grass installation, and artificial grass supply. It seems you have a clear focus on your business, and I wanted to reach out in a simple way.

I am writing from Chinee Artificial Grass. We work with international partners in a practical and consistent way, with attention to clear communication and long-term cooperation. If helpful, you can also take a quick look at our website here: https://china-artificial-grass.com/

I thought it could still make sense to introduce ourselves in case there is ever a reason to connect in the future.

Best regards,
Chinee Artificial Grass
https://china-artificial-grass.com/","artificial grass, artificial grass installation, and artificial grass supply",
2026-04-17 14:07:42,Good Green Neighbors All Electric Yard Maintenance,info@goodgreenneighbors.com,发送成功,"Quick note on your artificial grass, artificial grass installation, and artificial grass supply","Hi Good Green Neighbors All Electric Yard Maintenance team,

I noticed that Good Green Neighbors All Electric Yard Maintenance is involved in artificial grass, artificial grass installation, and artificial grass supply. It seems you have a clear focus on your business, and I wanted to reach out in a simple way.

I am writing from Chinee Artificial Grass. We work with international partners in a practical and consistent way, with attention to clear communication and long-term cooperation. If helpful, you can also take a quick look at our website here: https://china-artificial-grass.com/

I thought it could still make sense to introduce ourselves in case there is ever a reason to connect in the future.

Best regards,
Chinee Artificial Grass
https://china-artificial-grass.com/","artificial grass, artificial grass installation, and artificial grass supply",
2026-04-17 14:08:43,Sunrise Landscapers Portland,info@sunrisepros.com,发送成功,"Quick note on your artificial grass, artificial grass installation, and artificial grass supply","Hi Sunrise Landscapers Portland team,

I noticed that Sunrise Landscapers Portland is involved in artificial grass, artificial grass installation, and artificial grass supply. It seems you have a clear focus on your business, and I wanted to reach out in a simple way.

I am writing from Chinee Artificial Grass. We work with international partners in a practical and consistent way, with attention to clear communication and long-term cooperation. If helpful, you can also take a quick look at our website here: https://china-artificial-grass.com/

I thought it could still make sense to introduce ourselves in case there is ever a reason to connect in the future.

Best regards,
Chinee Artificial Grass
https://china-artificial-grass.com/","artificial grass, artificial grass installation, and artificial grass supply",
2026-04-17 14:09:43,Pro Time Lawn Seed,info@ptlawnseed.comaddress,发送成功,"Quick note on your artificial grass, artificial grass installation, and artificial grass supply","Hi Pro Time Lawn Seed team,

I noticed that Pro Time Lawn Seed is involved in artificial grass, artificial grass installation, and artificial grass supply. It seems you have a clear focus on your business, and I wanted to reach out in a simple way.

I am writing from Chinee Artificial Grass. We work with international partners in a practical and consistent way, with attention to clear communication and long-term cooperation. If helpful, you can also take a quick look at our website here: https://china-artificial-grass.com/

I thought it could still make sense to introduce ourselves in case there is ever a reason to connect in the future.

Best regards,
Chinee Artificial Grass
https://china-artificial-grass.com/","artificial grass, artificial grass installation, and artificial grass supply",
2026-04-17 14:10:44,Expert Landscaping & Tree Services in Milwaukie,andersonlandscapemain@comcast.net,发送成功,"Quick note on your artificial grass, artificial grass installation, and artificial grass supply","Hi Expert Landscaping & Tree Services in Milwaukie team,

I noticed that Expert Landscaping & Tree Services in Milwaukie is involved in artificial grass, artificial grass installation, and artificial grass supply. It seems you have a clear focus on your business, and I wanted to reach out in a simple way.

I am writing from Chinee Artificial Grass. We work with international partners in a practical and consistent way, with attention to clear communication and long-term cooperation. If helpful, you can also take a quick look at our website here: https://china-artificial-grass.com/

I thought it could still make sense to introduce ourselves in case there is ever a reason to connect in the future.

Best regards,
Chinee Artificial Grass
https://china-artificial-grass.com/","artificial grass, artificial grass installation, and artificial grass supply",
2026-04-17 14:11:45,Blessing Landscapes,info@blessingland.com,发送成功,"Quick note on your artificial grass installation, landscaping solutions, and contract projects","Hi Blessing Landscapes team,

I noticed that Blessing Landscapes is involved in artificial grass installation, landscaping solutions, and contract projects. It seems you have a clear focus on your business, and I wanted to reach out in a simple way.

I am writing from Chinee Artificial Grass. We work with international partners in a practical and consistent way, with attention to clear communication and long-term cooperation. If helpful, you can also take a quick look at our website here: https://china-artificial-grass.com/

I thought it could still make sense to introduce ourselves in case there is ever a reason to connect in the future.

Best regards,
Chinee Artificial Grass
https://china-artificial-grass.com/","artificial grass installation, landscaping solutions, and contract projects",
2026-04-17 14:12:46,Garden Design PDX,annie@gardendesignpdx.com,发送成功,"Quick note on your artificial grass, artificial grass installation, and artificial grass supply","Hi Garden Design PDX team,

I noticed that Garden Design PDX is involved in artificial grass, artificial grass installation, and artificial grass supply. It seems you have a clear focus on your business, and I wanted to reach out in a simple way.

I am writing from Chinee Artificial Grass. We work with international partners in a practical and consistent way, with attention to clear communication and long-term cooperation. If helpful, you can also take a quick look at our website here: https://china-artificial-grass.com/

I thought it could still make sense to introduce ourselves in case there is ever a reason to connect in the future.

Best regards,
Chinee Artificial Grass
https://china-artificial-grass.com/","artificial grass, artificial grass installation, and artificial grass supply",
2026-04-17 14:13:47,Green Leaf,info@greenleafportland.com,发送成功,"Quick note on your artificial grass, artificial grass installation, and artificial grass supply","Hi Green Leaf team,

I noticed that Green Leaf is involved in artificial grass, artificial grass installation, and artificial grass supply. It seems you have a clear focus on your business, and I wanted to reach out in a simple way.

I am writing from Chinee Artificial Grass. We work with international partners in a practical and consistent way, with attention to clear communication and long-term cooperation. If helpful, you can also take a quick look at our website here: https://china-artificial-grass.com/

I thought it could still make sense to introduce ourselves in case there is ever a reason to connect in the future.

Best regards,
Chinee Artificial Grass
https://china-artificial-grass.com/","artificial grass, artificial grass installation, and artificial grass supply",
2026-04-17 14:14:47,Apogee Landscapes,michael@apogeelandscapes.com,发送成功,"Quick note on your artificial grass, artificial grass installation, and artificial grass supply","Hi Apogee Landscapes team,

I noticed that Apogee Landscapes is involved in artificial grass, artificial grass installation, and artificial grass supply. It seems you have a clear focus on your business, and I wanted to reach out in a simple way.

I am writing from Chinee Artificial Grass. We work with international partners in a practical and consistent way, with attention to clear communication and long-term cooperation. If helpful, you can also take a quick look at our website here: https://china-artificial-grass.com/

I thought it could still make sense to introduce ourselves in case there is ever a reason to connect in the future.

Best regards,
Chinee Artificial Grass
https://china-artificial-grass.com/","artificial grass, artificial grass installation, and artificial grass supply",
2026-04-17 14:15:48,Classic Lawncare,info@portlandclassiclawncare.com,发送成功,"Quick note on your artificial grass, artificial grass installation, and artificial grass supply","Hi Classic Lawncare team,

I noticed that Classic Lawncare is involved in artificial grass, artificial grass installation, and artificial grass supply. It seems you have a clear focus on your business, and I wanted to reach out in a simple way.

I am writing from Chinee Artificial Grass. We work with international partners in a practical and consistent way, with attention to clear communication and long-term cooperation. If helpful, you can also take a quick look at our website here: https://china-artificial-grass.com/

I thought it could still make sense to introduce ourselves in case there is ever a reason to connect in the future.

Best regards,
Chinee Artificial Grass
https://china-artificial-grass.com/","artificial grass, artificial grass installation, and artificial grass supply",
2026-04-17 14:16:49,PDX Urban Gardens,contact@pdxurbangardens.com,发送成功,"Quick note on your artificial grass, artificial grass installation, and artificial grass supply","Hi PDX Urban Gardens team,

I noticed that PDX Urban Gardens is involved in artificial grass, artificial grass installation, and artificial grass supply. It seems you have a clear focus on your business, and I wanted to reach out in a simple way.

I am writing from Chinee Artificial Grass. We work with international partners in a practical and consistent way, with attention to clear communication and long-term cooperation. If helpful, you can also take a quick look at our website here: https://china-artificial-grass.com/

I thought it could still make sense to introduce ourselves in case there is ever a reason to connect in the future.

Best regards,
Chinee Artificial Grass
https://china-artificial-grass.com/","artificial grass, artificial grass installation, and artificial grass supply",
2026-04-17 14:17:49,Clean Air Lawn Care Portland East,aaron@cleanairlawncare.com,发送成功,Quick note on your artificial grass and landscaping solutions,"Hi Clean Air Lawn Care Portland East team,

I noticed that Clean Air Lawn Care Portland East is involved in artificial grass and landscaping solutions. It seems you have a clear focus on your business, and I wanted to reach out in a simple way.

I am writing from Chinee Artificial Grass. We work with international partners in a practical and consistent way, with attention to clear communication and long-term cooperation. If helpful, you can also take a quick look at our website here: https://china-artificial-grass.com/

I thought it could still make sense to introduce ourselves in case there is ever a reason to connect in the future.

Best regards,
Chinee Artificial Grass
https://china-artificial-grass.com/",artificial grass and landscaping solutions,
2026-04-17 14:18:50,Best yard Construction – Complete Solutions for Your Outdoor Space,bestyardandconstruction@gmail.com,发送成功,"Quick note on your artificial grass, artificial grass installation, and artificial grass supply","Hi Best yard Construction – Complete Solutions for Your Outdoor Space team,

I noticed that Best yard Construction – Complete Solutions for Your Outdoor Space is involved in artificial grass, artificial grass installation, and artificial grass supply. It seems you have a clear focus on your business, and I wanted to reach out in a simple way.

I am writing from Chinee Artificial Grass. We work with international partners in a practical and consistent way, with attention to clear communication and long-term cooperation. If helpful, you can also take a quick look at our website here: https://china-artificial-grass.com/

I thought it could still make sense to introduce ourselves in case there is ever a reason to connect in the future.

Best regards,
Chinee Artificial Grass
https://china-artificial-grass.com/","artificial grass, artificial grass installation, and artificial grass supply",
2026-04-17 14:19:51,Toposcapes,willemgriffiths@gmail.com,发送成功,"Quick note on your artificial grass, artificial grass installation, and artificial grass supply","Hi Toposcapes team,

I noticed that Toposcapes is involved in artificial grass, artificial grass installation, and artificial grass supply. It seems you have a clear focus on your business, and I wanted to reach out in a simple way.

I am writing from Chinee Artificial Grass. We work with international partners in a practical and consistent way, with attention to clear communication and long-term cooperation. If helpful, you can also take a quick look at our website here: https://china-artificial-grass.com/

I thought it could still make sense to introduce ourselves in case there is ever a reason to connect in the future.

Best regards,
Chinee Artificial Grass
https://china-artificial-grass.com/","artificial grass, artificial grass installation, and artificial grass supply",
2026-04-17 14:20:52,Portland Handyman Services & Maintenance,info@allaroundmaintenance.com,发送成功,"Quick note on your artificial grass, artificial grass installation, and artificial grass supply","Hi Portland Handyman Services & Maintenance team,

I noticed that Portland Handyman Services & Maintenance is involved in artificial grass, artificial grass installation, and artificial grass supply. It seems you have a clear focus on your business, and I wanted to reach out in a simple way.

I am writing from Chinee Artificial Grass. We work with international partners in a practical and consistent way, with attention to clear communication and long-term cooperation. If helpful, you can also take a quick look at our website here: https://china-artificial-grass.com/

I thought it could still make sense to introduce ourselves in case there is ever a reason to connect in the future.

Best regards,
Chinee Artificial Grass
https://china-artificial-grass.com/","artificial grass, artificial grass installation, and artificial grass supply",
2026-04-17 14:21:52,Friends of Trees,fot@friendsoftrees.org,发送成功,"Quick note on your artificial grass, artificial grass installation, and artificial grass supply","Hi Friends of Trees team,

I noticed that Friends of Trees is involved in artificial grass, artificial grass installation, and artificial grass supply. It seems you have a clear focus on your business, and I wanted to reach out in a simple way.

I am writing from Chinee Artificial Grass. We work with international partners in a practical and consistent way, with attention to clear communication and long-term cooperation. If helpful, you can also take a quick look at our website here: https://china-artificial-grass.com/

I thought it could still make sense to introduce ourselves in case there is ever a reason to connect in the future.

Best regards,
Chinee Artificial Grass
https://china-artificial-grass.com/","artificial grass, artificial grass installation, and artificial grass supply",
2026-04-17 14:22:53,"D&F Plumbing, Heating and Cooling",flags@2x.png,发送成功,"Quick note on your artificial grass, artificial grass installation, and artificial grass supply","Hi D&F Plumbing, Heating and Cooling team,

I noticed that D&F Plumbing, Heating and Cooling is involved in artificial grass, artificial grass installation, and artificial grass supply. It seems you have a clear focus on your business, and I wanted to reach out in a simple way.

I am writing from Chinee Artificial Grass. We work with international partners in a practical and consistent way, with attention to clear communication and long-term cooperation. If helpful, you can also take a quick look at our website here: https://china-artificial-grass.com/

I thought it could still make sense to introduce ourselves in case there is ever a reason to connect in the future.

Best regards,
Chinee Artificial Grass
https://china-artificial-grass.com/","artificial grass, artificial grass installation, and artificial grass supply",
2026-04-17 14:23:54,Prograss And 1,customerservice@prograss.com,发送成功,"Quick note on your artificial grass, artificial grass installation, and artificial grass supply","Hi Prograss And 1 team,

I noticed that Prograss And 1 is involved in artificial grass, artificial grass installation, and artificial grass supply. It seems you have a clear focus on your business, and I wanted to reach out in a simple way.

I am writing from Chinee Artificial Grass. We work with international partners in a practical and consistent way, with attention to clear communication and long-term cooperation. If helpful, you can also take a quick look at our website here: https://china-artificial-grass.com/

I thought it could still make sense to introduce ourselves in case there is ever a reason to connect in the future.

Best regards,
Chinee Artificial Grass
https://china-artificial-grass.com/","artificial grass, artificial grass installation, and artificial grass supply",
2026-04-17 14:24:55,Roots Garden Supply,info@rootsgardensupply.com,发送成功,"Quick note on your artificial grass, artificial grass installation, and artificial grass supply","Hi Roots Garden Supply team,

I noticed that Roots Garden Supply is involved in artificial grass, artificial grass installation, and artificial grass supply. It seems you have a clear focus on your business, and I wanted to reach out in a simple way.

I am writing from Chinee Artificial Grass. We work with international partners in a practical and consistent way, with attention to clear communication and long-term cooperation. If helpful, you can also take a quick look at our website here: https://china-artificial-grass.com/

I thought it could still make sense to introduce ourselves in case there is ever a reason to connect in the future.

Best regards,
Chinee Artificial Grass
https://china-artificial-grass.com/","artificial grass, artificial grass installation, and artificial grass supply",
2026-04-17 14:25:55,Hinish DC,info@hinishdc.com,发送成功,"Quick note on your artificial grass, artificial grass installation, and artificial grass supply","Hi Hinish DC team,

I noticed that Hinish DC is involved in artificial grass, artificial grass installation, and artificial grass supply. It seems you have a clear focus on your business, and I wanted to reach out in a simple way.

I am writing from Chinee Artificial Grass. We work with international partners in a practical and consistent way, with attention to clear communication and long-term cooperation. If helpful, you can also take a quick look at our website here: https://china-artificial-grass.com/

I thought it could still make sense to introduce ourselves in case there is ever a reason to connect in the future.

Best regards,
Chinee Artificial Grass
https://china-artificial-grass.com/","artificial grass, artificial grass installation, and artificial grass supply",
2026-04-17 14:26:56,Floyd's Fine Cannabis,hello@oregonpotdeals.com,发送成功,"Quick note on your artificial grass, artificial grass installation, and artificial grass supply","Hi Floyd's Fine Cannabis team,

I noticed that Floyd's Fine Cannabis is involved in artificial grass, artificial grass installation, and artificial grass supply. It seems you have a clear focus on your business, and I wanted to reach out in a simple way.

I am writing from Chinee Artificial Grass. We work with international partners in a practical and consistent way, with attention to clear communication and long-term cooperation. If helpful, you can also take a quick look at our website here: https://china-artificial-grass.com/

I thought it could still make sense to introduce ourselves in case there is ever a reason to connect in the future.

Best regards,
Chinee Artificial Grass
https://china-artificial-grass.com/","artificial grass, artificial grass installation, and artificial grass supply",
2026-04-17 14:27:57,to baja!,sales@little-baja.com,发送成功,"Quick note on your artificial grass, artificial grass installation, and artificial grass supply","Hi to baja! team,

I noticed that to baja! is involved in artificial grass, artificial grass installation, and artificial grass supply. It seems you have a clear focus on your business, and I wanted to reach out in a simple way.

I am writing from Chinee Artificial Grass. We work with international partners in a practical and consistent way, with attention to clear communication and long-term cooperation. If helpful, you can also take a quick look at our website here: https://china-artificial-grass.com/

I thought it could still make sense to introduce ourselves in case there is ever a reason to connect in the future.

Best regards,
Chinee Artificial Grass
https://china-artificial-grass.com/","artificial grass, artificial grass installation, and artificial grass supply",
2026-04-17 14:28:58,Tommy Builders,info@tommybuilders.com,发送成功,"Quick note on your artificial grass, artificial grass installation, and artificial grass supply","Hi Tommy Builders team,

I noticed that Tommy Builders is involved in artificial grass, artificial grass installation, and artificial grass supply. It seems you have a clear focus on your business, and I wanted to reach out in a simple way.

I am writing from Chinee Artificial Grass. We work with international partners in a practical and consistent way, with attention to clear communication and long-term cooperation. If helpful, you can also take a quick look at our website here: https://china-artificial-grass.com/

I thought it could still make sense to introduce ourselves in case there is ever a reason to connect in the future.

Best regards,
Chinee Artificial Grass
https://china-artificial-grass.com/","artificial grass, artificial grass installation, and artificial grass supply",
2026-04-17 14:29:58,Portland.gov,311@portlandoregon.gov,发送成功,"Quick note on your artificial grass, artificial grass installation, and artificial grass supply","Hi Portland.gov team,

I noticed that Portland.gov is involved in artificial grass, artificial grass installation, and artificial grass supply. It seems you have a clear focus on your business, and I wanted to reach out in a simple way.

I am writing from Chinee Artificial Grass. We work with international partners in a practical and consistent way, with attention to clear communication and long-term cooperation. If helpful, you can also take a quick look at our website here: https://china-artificial-grass.com/

I thought it could still make sense to introduce ourselves in case there is ever a reason to connect in the future.

Best regards,
Chinee Artificial Grass
https://china-artificial-grass.com/","artificial grass, artificial grass installation, and artificial grass supply",
2026-04-17 14:30:59,Portland Indoor Soccer!,info@pdxindoorsoccer.com,发送成功,"Quick note on your artificial grass, artificial grass installation, and artificial grass supply","Hi Portland Indoor Soccer! team,

I noticed that Portland Indoor Soccer! is involved in artificial grass, artificial grass installation, and artificial grass supply. It seems you have a clear focus on your business, and I wanted to reach out in a simple way.

I am writing from Chinee Artificial Grass. We work with international partners in a practical and consistent way, with attention to clear communication and long-term cooperation. If helpful, you can also take a quick look at our website here: https://china-artificial-grass.com/

I thought it could still make sense to introduce ourselves in case there is ever a reason to connect in the future.

Best regards,
Chinee Artificial Grass
https://china-artificial-grass.com/","artificial grass, artificial grass installation, and artificial grass supply",
2026-04-17 14:32:00,Broadway Hardware Group,manager@broadwayace.com,发送成功,"Quick note on your artificial grass, artificial grass installation, and artificial grass supply","Hi Broadway Hardware Group team,

I noticed that Broadway Hardware Group is involved in artificial grass, artificial grass installation, and artificial grass supply. It seems you have a clear focus on your business, and I wanted to reach out in a simple way.

I am writing from Chinee Artificial Grass. We work with international partners in a practical and consistent way, with attention to clear communication and long-term cooperation. If helpful, you can also take a quick look at our website here: https://china-artificial-grass.com/

I thought it could still make sense to introduce ourselves in case there is ever a reason to connect in the future.

Best regards,
Chinee Artificial Grass
https://china-artificial-grass.com/","artificial grass, artificial grass installation, and artificial grass supply",
2026-04-17 14:33:01,Design Hub,meadowleigh5555@gmail.com,发送成功,"Quick note on your artificial grass, artificial grass installation, and artificial grass supply","Hi Design Hub team,

I noticed that Design Hub is involved in artificial grass, artificial grass installation, and artificial grass supply. It seems you have a clear focus on your business, and I wanted to reach out in a simple way.

I am writing from Chinee Artificial Grass. We work with international partners in a practical and consistent way, with attention to clear communication and long-term cooperation. If helpful, you can also take a quick look at our website here: https://china-artificial-grass.com/

I thought it could still make sense to introduce ourselves in case there is ever a reason to connect in the future.

Best regards,
Chinee Artificial Grass
https://china-artificial-grass.com/","artificial grass, artificial grass installation, and artificial grass supply",
2026-04-17 14:34:02,Premier Property Maintenance LLC,office@ppmnw.com,发送成功,"Quick note on your artificial grass, artificial grass installation, and artificial grass supply","Hi Premier Property Maintenance LLC team,

I noticed that Premier Property Maintenance LLC is involved in artificial grass, artificial grass installation, and artificial grass supply. It seems you have a clear focus on your business, and I wanted to reach out in a simple way.

I am writing from Chinee Artificial Grass. We work with international partners in a practical and consistent way, with attention to clear communication and long-term cooperation. If helpful, you can also take a quick look at our website here: https://china-artificial-grass.com/

I thought it could still make sense to introduce ourselves in case there is ever a reason to connect in the future.

Best regards,
Chinee Artificial Grass
https://china-artificial-grass.com/","artificial grass, artificial grass installation, and artificial grass supply",
2026-04-17 14:35:03,Chroma Property Management,info@chromaproperty.com,发送成功,"Quick note on your artificial grass, artificial grass installation, and artificial grass supply","Hi Chroma Property Management team,

I noticed that Chroma Property Management is involved in artificial grass, artificial grass installation, and artificial grass supply. It seems you have a clear focus on your business, and I wanted to reach out in a simple way.

I am writing from Chinee Artificial Grass. We work with international partners in a practical and consistent way, with attention to clear communication and long-term cooperation. If helpful, you can also take a quick look at our website here: https://china-artificial-grass.com/

I thought it could still make sense to introduce ourselves in case there is ever a reason to connect in the future.

Best regards,
Chinee Artificial Grass
https://china-artificial-grass.com/","artificial grass, artificial grass installation, and artificial grass supply",
2026-04-17 14:36:04,LJH LANDSCAPE IRRIGATION & LIGHTING,info@ljhoregon.com,发送成功,"Quick note on your artificial grass, artificial grass installation, and artificial grass supply","Hi LJH LANDSCAPE IRRIGATION & LIGHTING team,

I noticed that LJH LANDSCAPE IRRIGATION & LIGHTING is involved in artificial grass, artificial grass installation, and artificial grass supply. It seems you have a clear focus on your business, and I wanted to reach out in a simple way.

I am writing from Chinee Artificial Grass. We work with international partners in a practical and consistent way, with attention to clear communication and long-term cooperation. If helpful, you can also take a quick look at our website here: https://china-artificial-grass.com/

I thought it could still make sense to introduce ourselves in case there is ever a reason to connect in the future.

Best regards,
Chinee Artificial Grass
https://china-artificial-grass.com/","artificial grass, artificial grass installation, and artificial grass supply",
2026-04-18 10:39:24,Synthetic Grass Showroom,sgslandscape@gmail.com,发送成功,Quick note on your landscaping solutions,"Hi Synthetic Grass Showroom team,

I noticed that Synthetic Grass Showroom is involved in landscaping solutions. It seems you have a clear focus on your business, and I wanted to reach out in a simple way.

I am writing from Chinee Artificial Grass. We work with international partners in a practical and consistent way, with attention to clear communication and long-term cooperation. If helpful, you can also take a quick look at our website here: https://china-artificial-grass.com/

I thought it could still make sense to introduce ourselves in case there is ever a reason to connect in the future.

Best regards,
Chinee Artificial Grass
https://china-artificial-grass.com/",landscaping solutions,
2026-04-18 10:57:55,Artificial Grass Recyclers,info@artificialgrassrecyclers.com,发送成功,Quick note on your artificial grass,"Hi Artificial Grass Recyclers team,

I noticed that Artificial Grass Recyclers is involved in artificial grass. It seems you have a clear focus on your business, and I wanted to reach out in a simple way.

I am writing from Chinee Artificial Grass. We work with international partners in a practical and consistent way, with attention to clear communication and long-term cooperation. If helpful, you can also take a quick look at our website here: https://china-artificial-grass.com/

I thought it could still make sense to introduce ourselves in case there is ever a reason to connect in the future.

Best regards,
Chinee Artificial Grass
https://china-artificial-grass.com/",artificial grass,
2026-04-18 10:58:56,Loveland Grass Pad,name@example.comaddress,发送成功,"Quick note on your artificial grass, artificial grass installation, and artificial grass supply","Hi Loveland Grass Pad team,

I noticed that Loveland Grass Pad is involved in artificial grass, artificial grass installation, and artificial grass supply. It seems you have a clear focus on your business, and I wanted to reach out in a simple way.

I am writing from Chinee Artificial Grass. We work with international partners in a practical and consistent way, with attention to clear communication and long-term cooperation. If helpful, you can also take a quick look at our website here: https://china-artificial-grass.com/

I thought it could still make sense to introduce ourselves in case there is ever a reason to connect in the future.

Best regards,
Chinee Artificial Grass
https://china-artificial-grass.com/","artificial grass, artificial grass installation, and artificial grass supply",
2026-04-18 10:59:57,Artificial Grass & Landscaping Inc,info@artificialgrass.biz,发送成功,Quick note on your artificial grass and landscaping solutions,"Hi Artificial Grass & Landscaping Inc team,

I noticed that Artificial Grass & Landscaping Inc is involved in artificial grass and landscaping solutions. It seems you have a clear focus on your business, and I wanted to reach out in a simple way.

I am writing from Chinee Artificial Grass. We work with international partners in a practical and consistent way, with attention to clear communication and long-term cooperation. If helpful, you can also take a quick look at our website here: https://china-artificial-grass.com/

I thought it could still make sense to introduce ourselves in case there is ever a reason to connect in the future.

Best regards,
Chinee Artificial Grass
https://china-artificial-grass.com/",artificial grass and landscaping solutions,
2026-04-18 11:00:57,Pro Turf & Pro Pest Solutions - Omaha Lawn Care,info@proturfpest.com,发送成功,Quick note on your artificial grass and landscaping solutions,"Hi Pro Turf & Pro Pest Solutions - Omaha Lawn Care team,

I noticed that Pro Turf & Pro Pest Solutions - Omaha Lawn Care is involved in artificial grass and landscaping solutions. It seems you have a clear focus on your business, and I wanted to reach out in a simple way.

I am writing from Chinee Artificial Grass. We work with international partners in a practical and consistent way, with attention to clear communication and long-term cooperation. If helpful, you can also take a quick look at our website here: https://china-artificial-grass.com/

I thought it could still make sense to introduce ourselves in case there is ever a reason to connect in the future.

Best regards,
Chinee Artificial Grass
https://china-artificial-grass.com/",artificial grass and landscaping solutions,
2026-04-18 11:01:58,Bill,billmargrounds@gmail.com,发送成功,"Quick note on your artificial grass, artificial grass installation, and artificial grass supply","Hi Bill team,

I noticed that Bill is involved in artificial grass, artificial grass installation, and artificial grass supply. It seems you have a clear focus on your business, and I wanted to reach out in a simple way.

I am writing from Chinee Artificial Grass. We work with international partners in a practical and consistent way, with attention to clear communication and long-term cooperation. If helpful, you can also take a quick look at our website here: https://china-artificial-grass.com/

I thought it could still make sense to introduce ourselves in case there is ever a reason to connect in the future.

Best regards,
Chinee Artificial Grass
https://china-artificial-grass.com/","artificial grass, artificial grass installation, and artificial grass supply",
2026-04-18 11:02:59,Raleigh Artificial Grass,usinfo@swgraleigh.com,发送成功,Quick note on your artificial grass and landscaping solutions,"Hi Raleigh Artificial Grass team,

I noticed that Raleigh Artificial Grass is involved in artificial grass and landscaping solutions. It seems you have a clear focus on your business, and I wanted to reach out in a simple way.

I am writing from Chinee Artificial Grass. We work with international partners in a practical and consistent way, with attention to clear communication and long-term cooperation. If helpful, you can also take a quick look at our website here: https://china-artificial-grass.com/

I thought it could still make sense to introduce ourselves in case there is ever a reason to connect in the future.

Best regards,
Chinee Artificial Grass
https://china-artificial-grass.com/",artificial grass and landscaping solutions,
2026-04-18 11:04:00,"Raleigh, NC",info@supersod.com,发送成功,"Quick note on your artificial grass, artificial grass installation, and artificial grass supply","Hi Raleigh, NC team,

I noticed that Raleigh, NC is involved in artificial grass, artificial grass installation, and artificial grass supply. It seems you have a clear focus on your business, and I wanted to reach out in a simple way.

I am writing from Chinee Artificial Grass. We work with international partners in a practical and consistent way, with attention to clear communication and long-term cooperation. If helpful, you can also take a quick look at our website here: https://china-artificial-grass.com/

I thought it could still make sense to introduce ourselves in case there is ever a reason to connect in the future.

Best regards,
Chinee Artificial Grass
https://china-artificial-grass.com/","artificial grass, artificial grass installation, and artificial grass supply",
2026-04-20 08:39:23,"""Lisa (City of Portland)"" <311@portlandoregon.gov>",311@portlandoregon.gov,自动回复成功,"Re: Quick note on your artificial grass, artificial grass installation, and artificial grass supply","Dear Lisa (City of Portland),

Thank you for the update and for connecting us with the appropriate staff. We appreciate your assistance.

Best regards,
Chinee Artificial Grass
https://china-artificial-grass.com/",auto reply,
2026-04-20 14:55:39,Zavala Landscape & Gardening,info@artificialgrassca.com,发送成功,Quick note on your artificial grass and landscaping solutions,"Hi Zavala Landscape & Gardening team,

I noticed that Zavala Landscape & Gardening is involved in artificial grass and landscaping solutions. It seems you have a clear focus on your business, and I wanted to reach out in a simple way.

I am writing from Chinee Artificial Grass. We work with international partners in a practical and consistent way, with attention to clear communication and long-term cooperation. If helpful, you can also take a quick look at our website here: https://china-artificial-grass.com/

I thought it could still make sense to introduce ourselves in case there is ever a reason to connect in the future.

Best regards,
Chinee Artificial Grass
https://china-artificial-grass.com/",artificial grass and landscaping solutions,
2026-04-20 14:56:42,Call Us Now !,info@ourturfworld.com,发送成功,Quick note on your artificial grass,"Hi Call Us Now ! team,

I noticed that Call Us Now ! is involved in artificial grass. It seems you have a clear focus on your business, and I wanted to reach out in a simple way.

I am writing from Chinee Artificial Grass. We work with international partners in a practical and consistent way, with attention to clear communication and long-term cooperation. If helpful, you can also take a quick look at our website here: https://china-artificial-grass.com/

I thought it could still make sense to introduce ourselves in case there is ever a reason to connect in the future.

Best regards,
Chinee Artificial Grass
https://china-artificial-grass.com/",artificial grass,
2026-04-20 14:57:42,Panda Grass USA,pandagrassusa@gmail.com,发送成功,"Quick note on your artificial grass, artificial grass supply, and artificial grass wholesale","Hi Panda Grass USA team,

I noticed that Panda Grass USA is involved in artificial grass, artificial grass supply, and artificial grass wholesale. It seems you have a clear focus on your business, and I wanted to reach out in a simple way.

I am writing from Chinee Artificial Grass. We work with international partners in a practical and consistent way, with attention to clear communication and long-term cooperation. If helpful, you can also take a quick look at our website here: https://china-artificial-grass.com/

I thought it could still make sense to introduce ourselves in case there is ever a reason to connect in the future.

Best regards,
Chinee Artificial Grass
https://china-artificial-grass.com/","artificial grass, artificial grass supply, and artificial grass wholesale",
2026-04-20 14:58:43,Better Than Real Artificial Grass,info@betterthanrealgrass.com,发送成功,"Quick note on your artificial grass, artificial grass installation, and contract projects","Hi Better Than Real Artificial Grass team,

I noticed that Better Than Real Artificial Grass is involved in artificial grass, artificial grass installation, and contract projects. It seems you have a clear focus on your business, and I wanted to reach out in a simple way.

I am writing from Chinee Artificial Grass. We work with international partners in a practical and consistent way, with attention to clear communication and long-term cooperation. If helpful, you can also take a quick look at our website here: https://china-artificial-grass.com/

I thought it could still make sense to introduce ourselves in case there is ever a reason to connect in the future.

Best regards,
Chinee Artificial Grass
https://china-artificial-grass.com/","artificial grass, artificial grass installation, and contract projects",
2026-04-20 14:59:44,"Bountiful Botanicals, Inc.",bountifulbotanicals@yahoo.com,发送成功,"Quick note on your artificial grass, artificial grass installation, and artificial grass supply","Hi Bountiful Botanicals, Inc. team,

I noticed that Bountiful Botanicals, Inc. is involved in artificial grass, artificial grass installation, and artificial grass supply. It seems you have a clear focus on your business, and I wanted to reach out in a simple way.

I am writing from Chinee Artificial Grass. We work with international partners in a practical and consistent way, with attention to clear communication and long-term cooperation. If helpful, you can also take a quick look at our website here: https://china-artificial-grass.com/

I thought it could still make sense to introduce ourselves in case there is ever a reason to connect in the future.

Best regards,
Chinee Artificial Grass
https://china-artificial-grass.com/","artificial grass, artificial grass installation, and artificial grass supply",
2026-04-20 15:00:45,Grand Lake Ace Garden Center,carecenter@acehardware.com,发送成功,"Quick note on your artificial grass, artificial grass installation, and artificial grass supply","Hi Grand Lake Ace Garden Center team,

I noticed that Grand Lake Ace Garden Center is involved in artificial grass, artificial grass installation, and artificial grass supply. It seems you have a clear focus on your business, and I wanted to reach out in a simple way.

I am writing from Chinee Artificial Grass. We work with international partners in a practical and consistent way, with attention to clear communication and long-term cooperation. If helpful, you can also take a quick look at our website here: https://china-artificial-grass.com/

I thought it could still make sense to introduce ourselves in case there is ever a reason to connect in the future.

Best regards,
Chinee Artificial Grass
https://china-artificial-grass.com/","artificial grass, artificial grass installation, and artificial grass supply",
2026-04-20 15:01:46,Broadmoor Landscape Supply,info@broadmoorlandscape.com,发送成功,"Quick note on your artificial grass, artificial grass installation, and artificial grass supply","Hi Broadmoor Landscape Supply team,

I noticed that Broadmoor Landscape Supply is involved in artificial grass, artificial grass installation, and artificial grass supply. It seems you have a clear focus on your business, and I wanted to reach out in a simple way.

I am writing from Chinee Artificial Grass. We work with international partners in a practical and consistent way, with attention to clear communication and long-term cooperation. If helpful, you can also take a quick look at our website here: https://china-artificial-grass.com/

I thought it could still make sense to introduce ourselves in case there is ever a reason to connect in the future.

Best regards,
Chinee Artificial Grass
https://china-artificial-grass.com/","artificial grass, artificial grass installation, and artificial grass supply",
2026-04-20 15:02:46,Md Gardening And Lan,mdgardeninglanscapeservice@gmail.com,发送成功,Quick note on your artificial grass and landscaping solutions,"Hi Md Gardening And Lan team,

I noticed that Md Gardening And Lan is involved in artificial grass and landscaping solutions. It seems you have a clear focus on your business, and I wanted to reach out in a simple way.

I am writing from Chinee Artificial Grass. We work with international partners in a practical and consistent way, with attention to clear communication and long-term cooperation. If helpful, you can also take a quick look at our website here: https://china-artificial-grass.com/

I thought it could still make sense to introduce ourselves in case there is ever a reason to connect in the future.

Best regards,
Chinee Artificial Grass
https://china-artificial-grass.com/",artificial grass and landscaping solutions,
2026-04-20 15:03:47,Quality Hardscaping & Landscaping Services in the Bay Area.,rosaleslandscaping707@gmail.com,发送成功,Quick note on your artificial grass and landscaping solutions,"Hi Quality Hardscaping & Landscaping Services in the Bay Area. team,

I noticed that Quality Hardscaping & Landscaping Services in the Bay Area. is involved in artificial grass and landscaping solutions. It seems you have a clear focus on your business, and I wanted to reach out in a simple way.

I am writing from Chinee Artificial Grass. We work with international partners in a practical and consistent way, with attention to clear communication and long-term cooperation. If helpful, you can also take a quick look at our website here: https://china-artificial-grass.com/

I thought it could still make sense to introduce ourselves in case there is ever a reason to connect in the future.

Best regards,
Chinee Artificial Grass
https://china-artificial-grass.com/",artificial grass and landscaping solutions,
2026-04-20 15:04:48,onelawn,info@onelawn.com,发送成功,"Quick note on your artificial grass, artificial grass installation, and contract projects","Hi onelawn team,

I noticed that onelawn is involved in artificial grass, artificial grass installation, and contract projects. It seems you have a clear focus on your business, and I wanted to reach out in a simple way.

I am writing from Chinee Artificial Grass. We work with international partners in a practical and consistent way, with attention to clear communication and long-term cooperation. If helpful, you can also take a quick look at our website here: https://china-artificial-grass.com/

I thought it could still make sense to introduce ourselves in case there is ever a reason to connect in the future.

Best regards,
Chinee Artificial Grass
https://china-artificial-grass.com/","artificial grass, artificial grass installation, and contract projects",
2026-04-20 15:05:49,Synthetic Turf Solutions of Minnesota,info@synthetic-turf-mn.com,发送成功,Quick note on your artificial grass,"Hi Synthetic Turf Solutions of Minnesota team,

I noticed that Synthetic Turf Solutions of Minnesota is involved in artificial grass. It seems you have a clear focus on your business, and I wanted to reach out in a simple way.

I am writing from Chinee Artificial Grass. We work with international partners in a practical and consistent way, with attention to clear communication and long-term cooperation. If helpful, you can also take a quick look at our website here: https://china-artificial-grass.com/

I thought it could still make sense to introduce ourselves in case there is ever a reason to connect in the future.

Best regards,
Chinee Artificial Grass
https://china-artificial-grass.com/",artificial grass,
2026-04-20 15:06:50,SYNLawn Minnesota,email@example.com,发送成功,"Quick note on your artificial grass, artificial grass installation, and landscaping solutions","Hi SYNLawn Minnesota team,

I noticed that SYNLawn Minnesota is involved in artificial grass, artificial grass installation, and landscaping solutions. It seems you have a clear focus on your business, and I wanted to reach out in a simple way.

I am writing from Chinee Artificial Grass. We work with international partners in a practical and consistent way, with attention to clear communication and long-term cooperation. If helpful, you can also take a quick look at our website here: https://china-artificial-grass.com/

I thought it could still make sense to introduce ourselves in case there is ever a reason to connect in the future.

Best regards,
Chinee Artificial Grass
https://china-artificial-grass.com/","artificial grass, artificial grass installation, and landscaping solutions",
2026-04-20 15:07:50,ForeverLawn Minnesota Inc.,info@mn.foreverlawn.com,发送成功,Quick note on your artificial grass and landscaping solutions,"Hi ForeverLawn Minnesota Inc. team,

I noticed that ForeverLawn Minnesota Inc. is involved in artificial grass and landscaping solutions. It seems you have a clear focus on your business, and I wanted to reach out in a simple way.

I am writing from Chinee Artificial Grass. We work with international partners in a practical and consistent way, with attention to clear communication and long-term cooperation. If helpful, you can also take a quick look at our website here: https://china-artificial-grass.com/

I thought it could still make sense to introduce ourselves in case there is ever a reason to connect in the future.

Best regards,
Chinee Artificial Grass
https://china-artificial-grass.com/",artificial grass and landscaping solutions,
2026-04-21 14:18:49,Green As Grass Artificial Turf Supplier,info@greenasgrass.co.uk,发送成功,Quick note on your artificial grass,"Hi Green As Grass Artificial Turf Supplier team,

I noticed that Green As Grass Artificial Turf Supplier is involved in artificial grass. It seems you have a clear focus on your business, and I wanted to reach out in a simple way.

I am writing from Chinee Artificial Grass. We work with international partners in a practical and consistent way, with attention to clear communication and long-term cooperation. If helpful, you can also take a quick look at our website here: https://china-artificial-grass.com/

I thought it could still make sense to introduce ourselves in case there is ever a reason to connect in the future.

Best regards,
Chinee Artificial Grass
https://china-artificial-grass.com/",artificial grass,
2026-04-21 14:19:50,GRASSify Artificial Grass London,grassmeup@grassify.co.uk,发送成功,"Quick note on your artificial grass, artificial grass installation, and artificial grass supply","Hi GRASSify Artificial Grass London team,

I noticed that GRASSify Artificial Grass London is involved in artificial grass, artificial grass installation, and artificial grass supply. It seems you have a clear focus on your business, and I wanted to reach out in a simple way.

I am writing from Chinee Artificial Grass. We work with international partners in a practical and consistent way, with attention to clear communication and long-term cooperation. If helpful, you can also take a quick look at our website here: https://china-artificial-grass.com/

I thought it could still make sense to introduce ourselves in case there is ever a reason to connect in the future.

Best regards,
Chinee Artificial Grass
https://china-artificial-grass.com/","artificial grass, artificial grass installation, and artificial grass supply",
2026-04-21 14:20:51,My Lovely Lawn London,hi@mylovelylawn.com,发送成功,"Quick note on your artificial grass, artificial grass supply, and artificial grass wholesale","Hi My Lovely Lawn London team,

I noticed that My Lovely Lawn London is involved in artificial grass, artificial grass supply, and artificial grass wholesale. It seems you have a clear focus on your business, and I wanted to reach out in a simple way.

I am writing from Chinee Artificial Grass. We work with international partners in a practical and consistent way, with attention to clear communication and long-term cooperation. If helpful, you can also take a quick look at our website here: https://china-artificial-grass.com/

I thought it could still make sense to introduce ourselves in case there is ever a reason to connect in the future.

Best regards,
Chinee Artificial Grass
https://china-artificial-grass.com/","artificial grass, artificial grass supply, and artificial grass wholesale",
2026-04-21 14:21:52,Easigrass Artificial Grass North London,reception@easigrass.com,发送成功,"Quick note on your artificial grass, artificial grass installation, and contract projects","Hi Easigrass Artificial Grass North London team,

I noticed that Easigrass Artificial Grass North London is involved in artificial grass, artificial grass installation, and contract projects. It seems you have a clear focus on your business, and I wanted to reach out in a simple way.

I am writing from Chinee Artificial Grass. We work with international partners in a practical and consistent way, with attention to clear communication and long-term cooperation. If helpful, you can also take a quick look at our website here: https://china-artificial-grass.com/

I thought it could still make sense to introduce ourselves in case there is ever a reason to connect in the future.

Best regards,
Chinee Artificial Grass
https://china-artificial-grass.com/","artificial grass, artificial grass installation, and contract projects",
2026-04-21 14:22:53,Lawrence Lawns - Artificial Grass & Synthetic Turf,info@lawrencelawns.com,发送成功,Quick note on your artificial grass and landscaping solutions,"Hi Lawrence Lawns - Artificial Grass & Synthetic Turf team,

I noticed that Lawrence Lawns - Artificial Grass & Synthetic Turf is involved in artificial grass and landscaping solutions. It seems you have a clear focus on your business, and I wanted to reach out in a simple way.

I am writing from Chinee Artificial Grass. We work with international partners in a practical and consistent way, with attention to clear communication and long-term cooperation. If helpful, you can also take a quick look at our website here: https://china-artificial-grass.com/

I thought it could still make sense to introduce ourselves in case there is ever a reason to connect in the future.

Best regards,
Chinee Artificial Grass
https://china-artificial-grass.com/",artificial grass and landscaping solutions,
2026-04-21 14:23:53,London Artificial Grass Company,customer_support@londonartificialgrasscompany.com,发送成功,"Quick note on your artificial grass, artificial grass installation, and contract projects","Hi London Artificial Grass Company team,

I noticed that London Artificial Grass Company is involved in artificial grass, artificial grass installation, and contract projects. It seems you have a clear focus on your business, and I wanted to reach out in a simple way.

I am writing from Chinee Artificial Grass. We work with international partners in a practical and consistent way, with attention to clear communication and long-term cooperation. If helpful, you can also take a quick look at our website here: https://china-artificial-grass.com/

I thought it could still make sense to introduce ourselves in case there is ever a reason to connect in the future.

Best regards,
Chinee Artificial Grass
https://china-artificial-grass.com/","artificial grass, artificial grass installation, and contract projects",
2026-04-21 14:24:54,LazyLawn Artificial Grass - South London,southlondon@lazylawn.co.uk,发送成功,"Quick note on your artificial grass, artificial grass installation, and artificial grass supply","Hi LazyLawn Artificial Grass - South London team,

I noticed that LazyLawn Artificial Grass - South London is involved in artificial grass, artificial grass installation, and artificial grass supply. It seems you have a clear focus on your business, and I wanted to reach out in a simple way.

I am writing from Chinee Artificial Grass. We work with international partners in a practical and consistent way, with attention to clear communication and long-term cooperation. If helpful, you can also take a quick look at our website here: https://china-artificial-grass.com/

I thought it could still make sense to introduce ourselves in case there is ever a reason to connect in the future.

Best regards,
Chinee Artificial Grass
https://china-artificial-grass.com/","artificial grass, artificial grass installation, and artificial grass supply",
2026-04-21 14:25:55,LazyLawn South West London,southwestlondon@lazylawn.co.uk,发送成功,"Quick note on your artificial grass, artificial grass installation, and artificial grass supply","Hi LazyLawn South West London team,

I noticed that LazyLawn South West London is involved in artificial grass, artificial grass installation, and artificial grass supply. It seems you have a clear focus on your business, and I wanted to reach out in a simple way.

I am writing from Chinee Artificial Grass. We work with international partners in a practical and consistent way, with attention to clear communication and long-term cooperation. If helpful, you can also take a quick look at our website here: https://china-artificial-grass.com/

I thought it could still make sense to introduce ourselves in case there is ever a reason to connect in the future.

Best regards,
Chinee Artificial Grass
https://china-artificial-grass.com/","artificial grass, artificial grass installation, and artificial grass supply",
2026-04-21 14:26:56,Luxury Lawns Artificial Grass Specialist Ltd,info@luxuryartificiallawnsags.co.uk,发送成功,Quick note on your artificial grass and landscaping solutions,"Hi Luxury Lawns Artificial Grass Specialist Ltd team,

I noticed that Luxury Lawns Artificial Grass Specialist Ltd is involved in artificial grass and landscaping solutions. It seems you have a clear focus on your business, and I wanted to reach out in a simple way.

I am writing from Chinee Artificial Grass. We work with international partners in a practical and consistent way, with attention to clear communication and long-term cooperation. If helpful, you can also take a quick look at our website here: https://china-artificial-grass.com/

I thought it could still make sense to introduce ourselves in case there is ever a reason to connect in the future.

Best regards,
Chinee Artificial Grass
https://china-artificial-grass.com/",artificial grass and landscaping solutions,
2026-04-21 14:27:56,LazyLawn East London & Essex,eastlondon@lazylawn.co.uk,发送成功,"Quick note on your artificial grass, artificial grass installation, and artificial grass supply","Hi LazyLawn East London & Essex team,

I noticed that LazyLawn East London & Essex is involved in artificial grass, artificial grass installation, and artificial grass supply. It seems you have a clear focus on your business, and I wanted to reach out in a simple way.

I am writing from Chinee Artificial Grass. We work with international partners in a practical and consistent way, with attention to clear communication and long-term cooperation. If helpful, you can also take a quick look at our website here: https://china-artificial-grass.com/

I thought it could still make sense to introduce ourselves in case there is ever a reason to connect in the future.

Best regards,
Chinee Artificial Grass
https://china-artificial-grass.com/","artificial grass, artificial grass installation, and artificial grass supply",
2026-04-21 14:28:57,Turf & Topsoil Suppliers London. Next Day Delivery,sales@londonlawnturf.co.uk,发送成功,Quick note on your artificial grass and landscaping solutions,"Hi Turf & Topsoil Suppliers London. Next Day Delivery team,

I noticed that Turf & Topsoil Suppliers London. Next Day Delivery is involved in artificial grass and landscaping solutions. It seems you have a clear focus on your business, and I wanted to reach out in a simple way.

I am writing from Chinee Artificial Grass. We work with international partners in a practical and consistent way, with attention to clear communication and long-term cooperation. If helpful, you can also take a quick look at our website here: https://china-artificial-grass.com/

I thought it could still make sense to introduce ourselves in case there is ever a reason to connect in the future.

Best regards,
Chinee Artificial Grass
https://china-artificial-grass.com/",artificial grass and landscaping solutions,
2026-04-21 14:29:58,Saygrass - Artificial Grass Installation & Supply,info@saygrass.co.uk,发送成功,"Quick note on your artificial grass, artificial grass installation, and artificial grass supply","Hi Saygrass - Artificial Grass Installation & Supply team,

I noticed that Saygrass - Artificial Grass Installation & Supply is involved in artificial grass, artificial grass installation, and artificial grass supply. It seems you have a clear focus on your business, and I wanted to reach out in a simple way.

I am writing from Chinee Artificial Grass. We work with international partners in a practical and consistent way, with attention to clear communication and long-term cooperation. If helpful, you can also take a quick look at our website here: https://china-artificial-grass.com/

I thought it could still make sense to introduce ourselves in case there is ever a reason to connect in the future.

Best regards,
Chinee Artificial Grass
https://china-artificial-grass.com/","artificial grass, artificial grass installation, and artificial grass supply",
2026-04-21 14:30:59,ProGreen Artificial Grass,info@progreenag.co.uk,发送成功,"Quick note on your artificial grass, artificial grass installation, and artificial grass supply","Hi ProGreen Artificial Grass team,

I noticed that ProGreen Artificial Grass is involved in artificial grass, artificial grass installation, and artificial grass supply. It seems you have a clear focus on your business, and I wanted to reach out in a simple way.

I am writing from Chinee Artificial Grass. We work with international partners in a practical and consistent way, with attention to clear communication and long-term cooperation. If helpful, you can also take a quick look at our website here: https://china-artificial-grass.com/

I thought it could still make sense to introduce ourselves in case there is ever a reason to connect in the future.

Best regards,
Chinee Artificial Grass
https://china-artificial-grass.com/","artificial grass, artificial grass installation, and artificial grass supply",
2026-04-21 14:31:59,London Lawns Limited,colin@artificialgrass.london,发送成功,Quick note on your artificial grass and landscaping solutions,"Hi London Lawns Limited team,

I noticed that London Lawns Limited is involved in artificial grass and landscaping solutions. It seems you have a clear focus on your business, and I wanted to reach out in a simple way.

I am writing from Chinee Artificial Grass. We work with international partners in a practical and consistent way, with attention to clear communication and long-term cooperation. If helpful, you can also take a quick look at our website here: https://china-artificial-grass.com/

I thought it could still make sense to introduce ourselves in case there is ever a reason to connect in the future.

Best regards,
Chinee Artificial Grass
https://china-artificial-grass.com/",artificial grass and landscaping solutions,
2026-04-21 14:33:00,AstroLondon – Artificial Grass in London Supplied & Fitted by Local Experts,sales@astrolondon.co.uk,发送成功,Quick note on your artificial grass,"Hi AstroLondon – Artificial Grass in London Supplied & Fitted by Local Experts team,

I noticed that AstroLondon – Artificial Grass in London Supplied & Fitted by Local Experts is involved in artificial grass. It seems you have a clear focus on your business, and I wanted to reach out in a simple way.

I am writing from Chinee Artificial Grass. We work with international partners in a practical and consistent way, with attention to clear communication and long-term cooperation. If helpful, you can also take a quick look at our website here: https://china-artificial-grass.com/

I thought it could still make sense to introduce ourselves in case there is ever a reason to connect in the future.

Best regards,
Chinee Artificial Grass
https://china-artificial-grass.com/",artificial grass,
2026-04-21 14:34:01,Premium Artificial Grass Limited,tcassieseoexpert@gmail.com,发送成功,Quick note on your artificial grass,"Hi Premium Artificial Grass Limited team,

I noticed that Premium Artificial Grass Limited is involved in artificial grass. It seems you have a clear focus on your business, and I wanted to reach out in a simple way.

I am writing from Chinee Artificial Grass. We work with international partners in a practical and consistent way, with attention to clear communication and long-term cooperation. If helpful, you can also take a quick look at our website here: https://china-artificial-grass.com/

I thought it could still make sense to introduce ourselves in case there is ever a reason to connect in the future.

Best regards,
Chinee Artificial Grass
https://china-artificial-grass.com/",artificial grass,
2026-04-21 14:35:02,Artificial Lawn Company,sales@artificiallawn.co.uk,发送成功,Quick note on your artificial grass and landscaping solutions,"Hi Artificial Lawn Company team,

I noticed that Artificial Lawn Company is involved in artificial grass and landscaping solutions. It seems you have a clear focus on your business, and I wanted to reach out in a simple way.

I am writing from Chinee Artificial Grass. We work with international partners in a practical and consistent way, with attention to clear communication and long-term cooperation. If helpful, you can also take a quick look at our website here: https://china-artificial-grass.com/

I thought it could still make sense to introduce ourselves in case there is ever a reason to connect in the future.

Best regards,
Chinee Artificial Grass
https://china-artificial-grass.com/",artificial grass and landscaping solutions,
2026-04-21 14:36:03,Perfect Grass Ltd,info@perfectgrassltd.co.uk,发送成功,"Quick note on your artificial grass, artificial grass installation, and artificial grass supply","Hi Perfect Grass Ltd team,

I noticed that Perfect Grass Ltd is involved in artificial grass, artificial grass installation, and artificial grass supply. It seems you have a clear focus on your business, and I wanted to reach out in a simple way.

I am writing from Chinee Artificial Grass. We work with international partners in a practical and consistent way, with attention to clear communication and long-term cooperation. If helpful, you can also take a quick look at our website here: https://china-artificial-grass.com/

I thought it could still make sense to introduce ourselves in case there is ever a reason to connect in the future.

Best regards,
Chinee Artificial Grass
https://china-artificial-grass.com/","artificial grass, artificial grass installation, and artificial grass supply",
2026-04-21 14:37:03,Artificial Plants & Green Walls London,info@greenenvee.co.uk,发送成功,Quick note on your artificial grass and landscaping solutions,"Hi Artificial Plants & Green Walls London team,

I noticed that Artificial Plants & Green Walls London is involved in artificial grass and landscaping solutions. It seems you have a clear focus on your business, and I wanted to reach out in a simple way.

I am writing from Chinee Artificial Grass. We work with international partners in a practical and consistent way, with attention to clear communication and long-term cooperation. If helpful, you can also take a quick look at our website here: https://china-artificial-grass.com/

I thought it could still make sense to introduce ourselves in case there is ever a reason to connect in the future.

Best regards,
Chinee Artificial Grass
https://china-artificial-grass.com/",artificial grass and landscaping solutions,
2026-04-21 14:38:04,"Artificial Grass Installation in London – Premium, Pet",info@imperialgrass.co.uk,发送成功,"Quick note on your artificial grass, artificial grass installation, and contract projects","Hi Artificial Grass Installation in London – Premium, Pet team,

I noticed that Artificial Grass Installation in London – Premium, Pet is involved in artificial grass, artificial grass installation, and contract projects. It seems you have a clear focus on your business, and I wanted to reach out in a simple way.

I am writing from Chinee Artificial Grass. We work with international partners in a practical and consistent way, with attention to clear communication and long-term cooperation. If helpful, you can also take a quick look at our website here: https://china-artificial-grass.com/

I thought it could still make sense to introduce ourselves in case there is ever a reason to connect in the future.

Best regards,
Chinee Artificial Grass
https://china-artificial-grass.com/","artificial grass, artificial grass installation, and contract projects",
2026-04-21 14:39:05,Fake Grass Essex,contact@fakegrassessex.co.uk,发送成功,"Quick note on your artificial grass, artificial grass installation, and artificial grass supply","Hi Fake Grass Essex team,

I noticed that Fake Grass Essex is involved in artificial grass, artificial grass installation, and artificial grass supply. It seems you have a clear focus on your business, and I wanted to reach out in a simple way.

I am writing from Chinee Artificial Grass. We work with international partners in a practical and consistent way, with attention to clear communication and long-term cooperation. If helpful, you can also take a quick look at our website here: https://china-artificial-grass.com/

I thought it could still make sense to introduce ourselves in case there is ever a reason to connect in the future.

Best regards,
Chinee Artificial Grass
https://china-artificial-grass.com/","artificial grass, artificial grass installation, and artificial grass supply",
2026-04-21 14:40:06,Artificial Grass 4 U Ltd,info@artificialgrass4you.co.uk,发送成功,Quick note on your artificial grass and landscaping solutions,"Hi Artificial Grass 4 U Ltd team,

I noticed that Artificial Grass 4 U Ltd is involved in artificial grass and landscaping solutions. It seems you have a clear focus on your business, and I wanted to reach out in a simple way.

I am writing from Chinee Artificial Grass. We work with international partners in a practical and consistent way, with attention to clear communication and long-term cooperation. If helpful, you can also take a quick look at our website here: https://china-artificial-grass.com/

I thought it could still make sense to introduce ourselves in case there is ever a reason to connect in the future.

Best regards,
Chinee Artificial Grass
https://china-artificial-grass.com/",artificial grass and landscaping solutions,
2026-04-21 14:41:07,JJS Artificial Grass,info@jjsartificialgrass.com,发送成功,Quick note on your artificial grass and landscaping solutions,"Hi JJS Artificial Grass team,

I noticed that JJS Artificial Grass is involved in artificial grass and landscaping solutions. It seems you have a clear focus on your business, and I wanted to reach out in a simple way.

I am writing from Chinee Artificial Grass. We work with international partners in a practical and consistent way, with attention to clear communication and long-term cooperation. If helpful, you can also take a quick look at our website here: https://china-artificial-grass.com/

I thought it could still make sense to introduce ourselves in case there is ever a reason to connect in the future.

Best regards,
Chinee Artificial Grass
https://china-artificial-grass.com/",artificial grass and landscaping solutions,
2026-04-21 14:42:08,Artificial Grass,office@for-lands.com,发送成功,"Quick note on your artificial grass, artificial grass installation, and artificial grass supply","Hi Artificial Grass team,

I noticed that Artificial Grass is involved in artificial grass, artificial grass installation, and artificial grass supply. It seems you have a clear focus on your business, and I wanted to reach out in a simple way.

I am writing from Chinee Artificial Grass. We work with international partners in a practical and consistent way, with attention to clear communication and long-term cooperation. If helpful, you can also take a quick look at our website here: https://china-artificial-grass.com/

I thought it could still make sense to introduce ourselves in case there is ever a reason to connect in the future.

Best regards,
Chinee Artificial Grass
https://china-artificial-grass.com/","artificial grass, artificial grass installation, and artificial grass supply",
2026-04-21 14:43:09,Royal Grass UK,info@royalgrass.co.uk,发送成功,Quick note on your artificial grass,"Hi Royal Grass UK team,

I noticed that Royal Grass UK is involved in artificial grass. It seems you have a clear focus on your business, and I wanted to reach out in a simple way.

I am writing from Chinee Artificial Grass. We work with international partners in a practical and consistent way, with attention to clear communication and long-term cooperation. If helpful, you can also take a quick look at our website here: https://china-artificial-grass.com/

I thought it could still make sense to introduce ourselves in case there is ever a reason to connect in the future.

Best regards,
Chinee Artificial Grass
https://china-artificial-grass.com/",artificial grass,
2026-04-21 14:44:09,ARTTRAGrass,info@arttragrass.co.uk,发送成功,Quick note on your artificial grass,"Hi ARTTRAGrass team,

I noticed that ARTTRAGrass is involved in artificial grass. It seems you have a clear focus on your business, and I wanted to reach out in a simple way.

I am writing from Chinee Artificial Grass. We work with international partners in a practical and consistent way, with attention to clear communication and long-term cooperation. If helpful, you can also take a quick look at our website here: https://china-artificial-grass.com/

I thought it could still make sense to introduce ourselves in case there is ever a reason to connect in the future.

Best regards,
Chinee Artificial Grass
https://china-artificial-grass.com/",artificial grass,
2026-04-21 14:45:10,Simple Grass,info@simplegrass.co.uk,发送成功,Quick note on your artificial grass and landscaping solutions,"Hi Simple Grass team,

I noticed that Simple Grass is involved in artificial grass and landscaping solutions. It seems you have a clear focus on your business, and I wanted to reach out in a simple way.

I am writing from Chinee Artificial Grass. We work with international partners in a practical and consistent way, with attention to clear communication and long-term cooperation. If helpful, you can also take a quick look at our website here: https://china-artificial-grass.com/

I thought it could still make sense to introduce ourselves in case there is ever a reason to connect in the future.

Best regards,
Chinee Artificial Grass
https://china-artificial-grass.com/",artificial grass and landscaping solutions,
2026-04-21 14:46:11,SBP Artificial Grass Limited,info@sbpartificialgrass.com,发送成功,Quick note on your artificial grass and landscaping solutions,"Hi SBP Artificial Grass Limited team,

I noticed that SBP Artificial Grass Limited is involved in artificial grass and landscaping solutions. It seems you have a clear focus on your business, and I wanted to reach out in a simple way.

I am writing from Chinee Artificial Grass. We work with international partners in a practical and consistent way, with attention to clear communication and long-term cooperation. If helpful, you can also take a quick look at our website here: https://china-artificial-grass.com/

I thought it could still make sense to introduce ourselves in case there is ever a reason to connect in the future.

Best regards,
Chinee Artificial Grass
https://china-artificial-grass.com/",artificial grass and landscaping solutions,
2026-04-21 14:47:12,Planet Turf,office@ex.complanetturf.co.uk,发送成功,Quick note on your artificial grass and landscaping solutions,"Hi Planet Turf team,

I noticed that Planet Turf is involved in artificial grass and landscaping solutions. It seems you have a clear focus on your business, and I wanted to reach out in a simple way.

I am writing from Chinee Artificial Grass. We work with international partners in a practical and consistent way, with attention to clear communication and long-term cooperation. If helpful, you can also take a quick look at our website here: https://china-artificial-grass.com/

I thought it could still make sense to introduce ourselves in case there is ever a reason to connect in the future.

Best regards,
Chinee Artificial Grass
https://china-artificial-grass.com/",artificial grass and landscaping solutions,
2026-04-21 14:48:12,Terra Firma Landscapes London Ltd,info@terrafirmalandscapes.co.uk,发送成功,"Quick note on your artificial grass, artificial grass installation, and artificial grass supply","Hi Terra Firma Landscapes London Ltd team,

I noticed that Terra Firma Landscapes London Ltd is involved in artificial grass, artificial grass installation, and artificial grass supply. It seems you have a clear focus on your business, and I wanted to reach out in a simple way.

I am writing from Chinee Artificial Grass. We work with international partners in a practical and consistent way, with attention to clear communication and long-term cooperation. If helpful, you can also take a quick look at our website here: https://china-artificial-grass.com/

I thought it could still make sense to introduce ourselves in case there is ever a reason to connect in the future.

Best regards,
Chinee Artificial Grass
https://china-artificial-grass.com/","artificial grass, artificial grass installation, and artificial grass supply",
2026-04-21 14:49:13,Artificial Grass Direct Ltd,sales@artificialgrass-direct.com,发送成功,"Quick note on your artificial grass, artificial grass supply, and artificial grass wholesale","Hi Artificial Grass Direct Ltd team,

I noticed that Artificial Grass Direct Ltd is involved in artificial grass, artificial grass supply, and artificial grass wholesale. It seems you have a clear focus on your business, and I wanted to reach out in a simple way.

I am writing from Chinee Artificial Grass. We work with international partners in a practical and consistent way, with attention to clear communication and long-term cooperation. If helpful, you can also take a quick look at our website here: https://china-artificial-grass.com/

I thought it could still make sense to introduce ourselves in case there is ever a reason to connect in the future.

Best regards,
Chinee Artificial Grass
https://china-artificial-grass.com/","artificial grass, artificial grass supply, and artificial grass wholesale",
2026-04-21 14:50:14,Urban Gardeners South East London,office@urbangardeners.co.uk,发送成功,"Quick note on your artificial grass, artificial grass installation, and landscaping solutions","Hi Urban Gardeners South East London team,

I noticed that Urban Gardeners South East London is involved in artificial grass, artificial grass installation, and landscaping solutions. It seems you have a clear focus on your business, and I wanted to reach out in a simple way.

I am writing from Chinee Artificial Grass. We work with international partners in a practical and consistent way, with attention to clear communication and long-term cooperation. If helpful, you can also take a quick look at our website here: https://china-artificial-grass.com/

I thought it could still make sense to introduce ourselves in case there is ever a reason to connect in the future.

Best regards,
Chinee Artificial Grass
https://china-artificial-grass.com/","artificial grass, artificial grass installation, and landscaping solutions",
2026-04-21 14:51:15,DW Drives & Patios | Driveway Pavers Hoddesdon,dwdrivesandpatios@gmail.com,发送成功,"Quick note on your artificial grass, artificial grass installation, and artificial grass supply","Hi DW Drives & Patios | Driveway Pavers Hoddesdon team,

I noticed that DW Drives & Patios | Driveway Pavers Hoddesdon is involved in artificial grass, artificial grass installation, and artificial grass supply. It seems you have a clear focus on your business, and I wanted to reach out in a simple way.

I am writing from Chinee Artificial Grass. We work with international partners in a practical and consistent way, with attention to clear communication and long-term cooperation. If helpful, you can also take a quick look at our website here: https://china-artificial-grass.com/

I thought it could still make sense to introduce ourselves in case there is ever a reason to connect in the future.

Best regards,
Chinee Artificial Grass
https://china-artificial-grass.com/","artificial grass, artificial grass installation, and artificial grass supply",
2026-04-21 14:52:16,Chic Garden Design and Landscapes for London Homes,info@chiclandscapes.co.uk,发送成功,"Quick note on your artificial grass, artificial grass installation, and artificial grass supply","Hi Chic Garden Design and Landscapes for London Homes team,

I noticed that Chic Garden Design and Landscapes for London Homes is involved in artificial grass, artificial grass installation, and artificial grass supply. It seems you have a clear focus on your business, and I wanted to reach out in a simple way.

I am writing from Chinee Artificial Grass. We work with international partners in a practical and consistent way, with attention to clear communication and long-term cooperation. If helpful, you can also take a quick look at our website here: https://china-artificial-grass.com/

I thought it could still make sense to introduce ourselves in case there is ever a reason to connect in the future.

Best regards,
Chinee Artificial Grass
https://china-artificial-grass.com/","artificial grass, artificial grass installation, and artificial grass supply",
2026-04-21 14:53:16,Touch of Grass,admin@carpetworldlondon.co.uk,发送成功,"Quick note on your artificial grass, artificial grass supply, and artificial grass wholesale","Hi Touch of Grass team,

I noticed that Touch of Grass is involved in artificial grass, artificial grass supply, and artificial grass wholesale. It seems you have a clear focus on your business, and I wanted to reach out in a simple way.

I am writing from Chinee Artificial Grass. We work with international partners in a practical and consistent way, with attention to clear communication and long-term cooperation. If helpful, you can also take a quick look at our website here: https://china-artificial-grass.com/

I thought it could still make sense to introduce ourselves in case there is ever a reason to connect in the future.

Best regards,
Chinee Artificial Grass
https://china-artificial-grass.com/","artificial grass, artificial grass supply, and artificial grass wholesale",
2026-04-21 14:54:17,Lawnify - Artificial Grass Made Easier,hello@lawnify.co.uk,发送成功,"Quick note on your artificial grass, artificial grass installation, and artificial grass supply","Hi Lawnify - Artificial Grass Made Easier team,

I noticed that Lawnify - Artificial Grass Made Easier is involved in artificial grass, artificial grass installation, and artificial grass supply. It seems you have a clear focus on your business, and I wanted to reach out in a simple way.

I am writing from Chinee Artificial Grass. We work with international partners in a practical and consistent way, with attention to clear communication and long-term cooperation. If helpful, you can also take a quick look at our website here: https://china-artificial-grass.com/

I thought it could still make sense to introduce ourselves in case there is ever a reason to connect in the future.

Best regards,
Chinee Artificial Grass
https://china-artificial-grass.com/","artificial grass, artificial grass installation, and artificial grass supply",
2026-04-21 14:55:18,Alton Landscapes Basildon,contact@altonlandscapes.co.uk,发送成功,Quick note on your artificial grass and landscaping solutions,"Hi Alton Landscapes Basildon team,

I noticed that Alton Landscapes Basildon is involved in artificial grass and landscaping solutions. It seems you have a clear focus on your business, and I wanted to reach out in a simple way.

I am writing from Chinee Artificial Grass. We work with international partners in a practical and consistent way, with attention to clear communication and long-term cooperation. If helpful, you can also take a quick look at our website here: https://china-artificial-grass.com/

I thought it could still make sense to introduce ourselves in case there is ever a reason to connect in the future.

Best regards,
Chinee Artificial Grass
https://china-artificial-grass.com/",artificial grass and landscaping solutions,
2026-04-21 14:56:19,Luxpaving,info@luxpaving.co.uk,发送成功,"Quick note on your artificial grass, artificial grass installation, and artificial grass supply","Hi Luxpaving team,

I noticed that Luxpaving is involved in artificial grass, artificial grass installation, and artificial grass supply. It seems you have a clear focus on your business, and I wanted to reach out in a simple way.

I am writing from Chinee Artificial Grass. We work with international partners in a practical and consistent way, with attention to clear communication and long-term cooperation. If helpful, you can also take a quick look at our website here: https://china-artificial-grass.com/

I thought it could still make sense to introduce ourselves in case there is ever a reason to connect in the future.

Best regards,
Chinee Artificial Grass
https://china-artificial-grass.com/","artificial grass, artificial grass installation, and artificial grass supply",
2026-04-21 14:57:20,Quality Artificial Grass Cleaning With No Hidden Charges,info@mygreenclean.co.uk,发送成功,Quick note on your artificial grass,"Hi Quality Artificial Grass Cleaning With No Hidden Charges team,

I noticed that Quality Artificial Grass Cleaning With No Hidden Charges is involved in artificial grass. It seems you have a clear focus on your business, and I wanted to reach out in a simple way.

I am writing from Chinee Artificial Grass. We work with international partners in a practical and consistent way, with attention to clear communication and long-term cooperation. If helpful, you can also take a quick look at our website here: https://china-artificial-grass.com/

I thought it could still make sense to introduce ourselves in case there is ever a reason to connect in the future.

Best regards,
Chinee Artificial Grass
https://china-artificial-grass.com/",artificial grass,
2026-04-21 14:58:20,Classygrass UK Ltd,info@classygrass.co.uk,发送成功,"Quick note on your artificial grass, artificial grass installation, and artificial grass supply","Hi Classygrass UK Ltd team,

I noticed that Classygrass UK Ltd is involved in artificial grass, artificial grass installation, and artificial grass supply. It seems you have a clear focus on your business, and I wanted to reach out in a simple way.

I am writing from Chinee Artificial Grass. We work with international partners in a practical and consistent way, with attention to clear communication and long-term cooperation. If helpful, you can also take a quick look at our website here: https://china-artificial-grass.com/

I thought it could still make sense to introduce ourselves in case there is ever a reason to connect in the future.

Best regards,
Chinee Artificial Grass
https://china-artificial-grass.com/","artificial grass, artificial grass installation, and artificial grass supply",
2026-04-21 14:59:21,Easigrass Essex & Hertfordshire,essex@easigrass.com,发送成功,"Quick note on your artificial grass, artificial grass supply, and artificial grass wholesale","Hi Easigrass Essex & Hertfordshire team,

I noticed that Easigrass Essex & Hertfordshire is involved in artificial grass, artificial grass supply, and artificial grass wholesale. It seems you have a clear focus on your business, and I wanted to reach out in a simple way.

I am writing from Chinee Artificial Grass. We work with international partners in a practical and consistent way, with attention to clear communication and long-term cooperation. If helpful, you can also take a quick look at our website here: https://china-artificial-grass.com/

I thought it could still make sense to introduce ourselves in case there is ever a reason to connect in the future.

Best regards,
Chinee Artificial Grass
https://china-artificial-grass.com/","artificial grass, artificial grass supply, and artificial grass wholesale",
2026-04-21 15:00:22,Grassed Up,sales@grassedup.co.uk,发送成功,"Quick note on your artificial grass, landscaping solutions, and sports landscaping","Hi Grassed Up team,

I noticed that Grassed Up is involved in artificial grass, landscaping solutions, and sports landscaping. It seems you have a clear focus on your business, and I wanted to reach out in a simple way.

I am writing from Chinee Artificial Grass. We work with international partners in a practical and consistent way, with attention to clear communication and long-term cooperation. If helpful, you can also take a quick look at our website here: https://china-artificial-grass.com/

I thought it could still make sense to introduce ourselves in case there is ever a reason to connect in the future.

Best regards,
Chinee Artificial Grass
https://china-artificial-grass.com/","artificial grass, landscaping solutions, and sports landscaping",
2026-04-21 15:01:23,North London Gardens,info@northlondongardensltd.co.uk,发送成功,"Quick note on your artificial grass, artificial grass installation, and artificial grass supply","Hi North London Gardens team,

I noticed that North London Gardens is involved in artificial grass, artificial grass installation, and artificial grass supply. It seems you have a clear focus on your business, and I wanted to reach out in a simple way.

I am writing from Chinee Artificial Grass. We work with international partners in a practical and consistent way, with attention to clear communication and long-term cooperation. If helpful, you can also take a quick look at our website here: https://china-artificial-grass.com/

I thought it could still make sense to introduce ourselves in case there is ever a reason to connect in the future.

Best regards,
Chinee Artificial Grass
https://china-artificial-grass.com/","artificial grass, artificial grass installation, and artificial grass supply",
2026-04-21 15:02:24,Easigrass North Kent,northkent@easigrass.com,发送成功,"Quick note on your artificial grass, artificial grass installation, and landscaping solutions","Hi Easigrass North Kent team,

I noticed that Easigrass North Kent is involved in artificial grass, artificial grass installation, and landscaping solutions. It seems you have a clear focus on your business, and I wanted to reach out in a simple way.

I am writing from Chinee Artificial Grass. We work with international partners in a practical and consistent way, with attention to clear communication and long-term cooperation. If helpful, you can also take a quick look at our website here: https://china-artificial-grass.com/

I thought it could still make sense to introduce ourselves in case there is ever a reason to connect in the future.

Best regards,
Chinee Artificial Grass
https://china-artificial-grass.com/","artificial grass, artificial grass installation, and landscaping solutions",
2026-04-21 15:03:24,NeoGrass,info@neograss.co.uk,发送成功,Quick note on your artificial grass,"Hi NeoGrass team,

I noticed that NeoGrass is involved in artificial grass. It seems you have a clear focus on your business, and I wanted to reach out in a simple way.

I am writing from Chinee Artificial Grass. We work with international partners in a practical and consistent way, with attention to clear communication and long-term cooperation. If helpful, you can also take a quick look at our website here: https://china-artificial-grass.com/

I thought it could still make sense to introduce ourselves in case there is ever a reason to connect in the future.

Best regards,
Chinee Artificial Grass
https://china-artificial-grass.com/",artificial grass,
2026-04-21 15:04:25,Artificial Grass Cleaning Company,info@ex.comgrasscleaners.co.uk,发送成功,Quick note on your artificial grass,"Hi Artificial Grass Cleaning Company team,

I noticed that Artificial Grass Cleaning Company is involved in artificial grass. It seems you have a clear focus on your business, and I wanted to reach out in a simple way.

I am writing from Chinee Artificial Grass. We work with international partners in a practical and consistent way, with attention to clear communication and long-term cooperation. If helpful, you can also take a quick look at our website here: https://china-artificial-grass.com/

I thought it could still make sense to introduce ourselves in case there is ever a reason to connect in the future.

Best regards,
Chinee Artificial Grass
https://china-artificial-grass.com/",artificial grass,
2026-04-21 15:05:26,Experienced landscapers in Surrey,turfsupsurrey@gmail.com,发送成功,"Quick note on your artificial grass, artificial grass installation, and landscaping solutions","Hi Experienced landscapers in Surrey team,

I noticed that Experienced landscapers in Surrey is involved in artificial grass, artificial grass installation, and landscaping solutions. It seems you have a clear focus on your business, and I wanted to reach out in a simple way.

I am writing from Chinee Artificial Grass. We work with international partners in a practical and consistent way, with attention to clear communication and long-term cooperation. If helpful, you can also take a quick look at our website here: https://china-artificial-grass.com/

I thought it could still make sense to introduce ourselves in case there is ever a reason to connect in the future.

Best regards,
Chinee Artificial Grass
https://china-artificial-grass.com/","artificial grass, artificial grass installation, and landscaping solutions",
2026-04-21 15:06:27,Essex Artificial Lawns,directessexgrass@yahoo.comrememberfitting,发送成功,Quick note on your artificial grass,"Hi Essex Artificial Lawns team,

I noticed that Essex Artificial Lawns is involved in artificial grass. It seems you have a clear focus on your business, and I wanted to reach out in a simple way.

I am writing from Chinee Artificial Grass. We work with international partners in a practical and consistent way, with attention to clear communication and long-term cooperation. If helpful, you can also take a quick look at our website here: https://china-artificial-grass.com/

I thought it could still make sense to introduce ourselves in case there is ever a reason to connect in the future.

Best regards,
Chinee Artificial Grass
https://china-artificial-grass.com/",artificial grass,
2026-04-21 15:07:27,Bicester Landscapes,info@bicesterlandscapes.co.uk,发送成功,Quick note on your artificial grass and landscaping solutions,"Hi Bicester Landscapes team,

I noticed that Bicester Landscapes is involved in artificial grass and landscaping solutions. It seems you have a clear focus on your business, and I wanted to reach out in a simple way.

I am writing from Chinee Artificial Grass. We work with international partners in a practical and consistent way, with attention to clear communication and long-term cooperation. If helpful, you can also take a quick look at our website here: https://china-artificial-grass.com/

I thought it could still make sense to introduce ourselves in case there is ever a reason to connect in the future.

Best regards,
Chinee Artificial Grass
https://china-artificial-grass.com/",artificial grass and landscaping solutions,
2026-04-21 15:08:28,Artificial Super Grass,sales@artificialsupergrass.co.uk,发送成功,"Quick note on your artificial grass, artificial grass installation, and artificial grass supply","Hi Artificial Super Grass team,

I noticed that Artificial Super Grass is involved in artificial grass, artificial grass installation, and artificial grass supply. It seems you have a clear focus on your business, and I wanted to reach out in a simple way.

I am writing from Chinee Artificial Grass. We work with international partners in a practical and consistent way, with attention to clear communication and long-term cooperation. If helpful, you can also take a quick look at our website here: https://china-artificial-grass.com/

I thought it could still make sense to introduce ourselves in case there is ever a reason to connect in the future.

Best regards,
Chinee Artificial Grass
https://china-artificial-grass.com/","artificial grass, artificial grass installation, and artificial grass supply",
2026-04-21 15:09:29,The Garden Builders,enquiries@gardenbuilders.co.uk,发送成功,"Quick note on your artificial grass, artificial grass installation, and artificial grass supply","Hi The Garden Builders team,

I noticed that The Garden Builders is involved in artificial grass, artificial grass installation, and artificial grass supply. It seems you have a clear focus on your business, and I wanted to reach out in a simple way.

I am writing from Chinee Artificial Grass. We work with international partners in a practical and consistent way, with attention to clear communication and long-term cooperation. If helpful, you can also take a quick look at our website here: https://china-artificial-grass.com/

I thought it could still make sense to introduce ourselves in case there is ever a reason to connect in the future.

Best regards,
Chinee Artificial Grass
https://china-artificial-grass.com/","artificial grass, artificial grass installation, and artificial grass supply",
2026-04-21 15:10:30,K9 Artificial Grass Kent,sales@k9turf.co.uk,发送成功,Quick note on your artificial grass,"Hi K9 Artificial Grass Kent team,

I noticed that K9 Artificial Grass Kent is involved in artificial grass. It seems you have a clear focus on your business, and I wanted to reach out in a simple way.

I am writing from Chinee Artificial Grass. We work with international partners in a practical and consistent way, with attention to clear communication and long-term cooperation. If helpful, you can also take a quick look at our website here: https://china-artificial-grass.com/

I thought it could still make sense to introduce ourselves in case there is ever a reason to connect in the future.

Best regards,
Chinee Artificial Grass
https://china-artificial-grass.com/",artificial grass,
2026-04-22 16:24:54,Premier Artificial Grass Sydney,admin@syntheticturfsydney.com.au,发送成功,Quick note on your artificial grass and landscaping solutions,"Hi Premier Artificial Grass Sydney team,

I noticed that Premier Artificial Grass Sydney is involved in artificial grass and landscaping solutions. It seems you have a clear focus on your business, and I wanted to reach out in a simple way.

I am writing from Chinee Artificial Grass. We work with international partners in a practical and consistent way, with attention to clear communication and long-term cooperation. If helpful, you can also take a quick look at our website here: https://china-artificial-grass.com/

I thought it could still make sense to introduce ourselves in case there is ever a reason to connect in the future.

Best regards,
Chinee Artificial Grass
https://china-artificial-grass.com/",artificial grass and landscaping solutions,
2026-04-22 16:25:55,Synthetic Grass Warehouse Artificial Grass Supplier Sydney Australia,info@sgwa.com.au,发送成功,"Quick note on your artificial grass, artificial grass supply, and landscaping solutions","Hi Synthetic Grass Warehouse Artificial Grass Supplier Sydney Australia team,

I noticed that Synthetic Grass Warehouse Artificial Grass Supplier Sydney Australia is involved in artificial grass, artificial grass supply, and landscaping solutions. It seems you have a clear focus on your business, and I wanted to reach out in a simple way.

I am writing from Chinee Artificial Grass. We work with international partners in a practical and consistent way, with attention to clear communication and long-term cooperation. If helpful, you can also take a quick look at our website here: https://china-artificial-grass.com/

I thought it could still make sense to introduce ourselves in case there is ever a reason to connect in the future.

Best regards,
Chinee Artificial Grass
https://china-artificial-grass.com/","artificial grass, artificial grass supply, and landscaping solutions",
2026-04-22 16:26:56,King Turf,sales@kingturf.com.au,发送成功,Quick note on your artificial grass and landscaping solutions,"Hi King Turf team,

I noticed that King Turf is involved in artificial grass and landscaping solutions. It seems you have a clear focus on your business, and I wanted to reach out in a simple way.

I am writing from Chinee Artificial Grass. We work with international partners in a practical and consistent way, with attention to clear communication and long-term cooperation. If helpful, you can also take a quick look at our website here: https://china-artificial-grass.com/

I thought it could still make sense to introduce ourselves in case there is ever a reason to connect in the future.

Best regards,
Chinee Artificial Grass
https://china-artificial-grass.com/",artificial grass and landscaping solutions,
2026-04-22 16:27:56,Sydney's #1 Synthetic Lawn Experts,info@ecolawns.com.au,发送成功,Quick note on your artificial grass and landscaping solutions,"Hi Sydney's #1 Synthetic Lawn Experts team,

I noticed that Sydney's #1 Synthetic Lawn Experts is involved in artificial grass and landscaping solutions. It seems you have a clear focus on your business, and I wanted to reach out in a simple way.

I am writing from Chinee Artificial Grass. We work with international partners in a practical and consistent way, with attention to clear communication and long-term cooperation. If helpful, you can also take a quick look at our website here: https://china-artificial-grass.com/

I thought it could still make sense to introduce ourselves in case there is ever a reason to connect in the future.

Best regards,
Chinee Artificial Grass
https://china-artificial-grass.com/",artificial grass and landscaping solutions,
2026-04-22 16:28:57,Synthetic Grass,hr@syntheticgrass.com.au,发送成功,Quick note on your artificial grass,"Hi Synthetic Grass team,

I noticed that Synthetic Grass is involved in artificial grass. It seems you have a clear focus on your business, and I wanted to reach out in a simple way.

I am writing from Chinee Artificial Grass. We work with international partners in a practical and consistent way, with attention to clear communication and long-term cooperation. If helpful, you can also take a quick look at our website here: https://china-artificial-grass.com/

I thought it could still make sense to introduce ourselves in case there is ever a reason to connect in the future.

Best regards,
Chinee Artificial Grass
https://china-artificial-grass.com/",artificial grass,
2026-04-22 16:29:58,FieldTurf Australia,info.australia@fieldturf.com,发送成功,Quick note on your artificial grass and landscaping solutions,"Hi FieldTurf Australia team,

I noticed that FieldTurf Australia is involved in artificial grass and landscaping solutions. It seems you have a clear focus on your business, and I wanted to reach out in a simple way.

I am writing from Chinee Artificial Grass. We work with international partners in a practical and consistent way, with attention to clear communication and long-term cooperation. If helpful, you can also take a quick look at our website here: https://china-artificial-grass.com/

I thought it could still make sense to introduce ourselves in case there is ever a reason to connect in the future.

Best regards,
Chinee Artificial Grass
https://china-artificial-grass.com/",artificial grass and landscaping solutions,
2026-04-22 16:30:59,All Seasons Turf Supplies,sales@allseasonsturf.com.au,发送成功,Quick note on your artificial grass and landscaping solutions,"Hi All Seasons Turf Supplies team,

I noticed that All Seasons Turf Supplies is involved in artificial grass and landscaping solutions. It seems you have a clear focus on your business, and I wanted to reach out in a simple way.

I am writing from Chinee Artificial Grass. We work with international partners in a practical and consistent way, with attention to clear communication and long-term cooperation. If helpful, you can also take a quick look at our website here: https://china-artificial-grass.com/

I thought it could still make sense to introduce ourselves in case there is ever a reason to connect in the future.

Best regards,
Chinee Artificial Grass
https://china-artificial-grass.com/",artificial grass and landscaping solutions,
2026-04-22 16:31:59,"Synthetic Grass, Rubber Softfall and Acrylic Surfacing Sydney",sales@preferredturf.com.au,发送成功,Quick note on your artificial grass and sports landscaping,"Hi Synthetic Grass, Rubber Softfall and Acrylic Surfacing Sydney team,

I noticed that Synthetic Grass, Rubber Softfall and Acrylic Surfacing Sydney is involved in artificial grass and sports landscaping. It seems you have a clear focus on your business, and I wanted to reach out in a simple way.

I am writing from Chinee Artificial Grass. We work with international partners in a practical and consistent way, with attention to clear communication and long-term cooperation. If helpful, you can also take a quick look at our website here: https://china-artificial-grass.com/

I thought it could still make sense to introduce ourselves in case there is ever a reason to connect in the future.

Best regards,
Chinee Artificial Grass
https://china-artificial-grass.com/",artificial grass and sports landscaping,
2026-04-22 16:33:00,One Grass,sales@onegrass.com.au,发送成功,Quick note on your artificial grass,"Hi One Grass team,

I noticed that One Grass is involved in artificial grass. It seems you have a clear focus on your business, and I wanted to reach out in a simple way.

I am writing from Chinee Artificial Grass. We work with international partners in a practical and consistent way, with attention to clear communication and long-term cooperation. If helpful, you can also take a quick look at our website here: https://china-artificial-grass.com/

I thought it could still make sense to introduce ourselves in case there is ever a reason to connect in the future.

Best regards,
Chinee Artificial Grass
https://china-artificial-grass.com/",artificial grass,
2026-04-22 16:34:01,Surface It,info@surface-it.com.au,发送成功,Quick note on your artificial grass,"Hi Surface It team,

I noticed that Surface It is involved in artificial grass. It seems you have a clear focus on your business, and I wanted to reach out in a simple way.

I am writing from Chinee Artificial Grass. We work with international partners in a practical and consistent way, with attention to clear communication and long-term cooperation. If helpful, you can also take a quick look at our website here: https://china-artificial-grass.com/

I thought it could still make sense to introduce ourselves in case there is ever a reason to connect in the future.

Best regards,
Chinee Artificial Grass
https://china-artificial-grass.com/",artificial grass,
2026-04-22 16:35:02,"7Days Garden Services - Pergolas, Retaining walls, Concreting, Landscaping, Decking, Artificial Grass, Natural Grass",sales@easyturf.com.au,发送成功,Quick note on your artificial grass and landscaping solutions,"Hi 7Days Garden Services - Pergolas, Retaining walls, Concreting, Landscaping, Decking, Artificial Grass, Natural Grass team,

I noticed that 7Days Garden Services - Pergolas, Retaining walls, Concreting, Landscaping, Decking, Artificial Grass, Natural Grass is involved in artificial grass and landscaping solutions. It seems you have a clear focus on your business, and I wanted to reach out in a simple way.

I am writing from Chinee Artificial Grass. We work with international partners in a practical and consistent way, with attention to clear communication and long-term cooperation. If helpful, you can also take a quick look at our website here: https://china-artificial-grass.com/

I thought it could still make sense to introduce ourselves in case there is ever a reason to connect in the future.

Best regards,
Chinee Artificial Grass
https://china-artificial-grass.com/",artificial grass and landscaping solutions,
2026-04-22 16:36:03,Transform your landscape with our synthetic grass,fred@sydneyturfinstallers.com.au,发送成功,"Quick note on your artificial grass, artificial grass installation, and contract projects","Hi Transform your landscape with our synthetic grass team,

I noticed that Transform your landscape with our synthetic grass is involved in artificial grass, artificial grass installation, and contract projects. It seems you have a clear focus on your business, and I wanted to reach out in a simple way.

I am writing from Chinee Artificial Grass. We work with international partners in a practical and consistent way, with attention to clear communication and long-term cooperation. If helpful, you can also take a quick look at our website here: https://china-artificial-grass.com/

I thought it could still make sense to introduce ourselves in case there is ever a reason to connect in the future.

Best regards,
Chinee Artificial Grass
https://china-artificial-grass.com/","artificial grass, artificial grass installation, and contract projects",
2026-04-22 16:37:04,DD’s Synthetic Turf & Landscaping Melbourne,info@ddslandscaping.com.au,发送成功,"Quick note on your artificial grass, artificial grass installation, and artificial grass supply","Hi DD’s Synthetic Turf & Landscaping Melbourne team,

I noticed that DD’s Synthetic Turf & Landscaping Melbourne is involved in artificial grass, artificial grass installation, and artificial grass supply. It seems you have a clear focus on your business, and I wanted to reach out in a simple way.

I am writing from Chinee Artificial Grass. We work with international partners in a practical and consistent way, with attention to clear communication and long-term cooperation. If helpful, you can also take a quick look at our website here: https://china-artificial-grass.com/

I thought it could still make sense to introduce ourselves in case there is ever a reason to connect in the future.

Best regards,
Chinee Artificial Grass
https://china-artificial-grass.com/","artificial grass, artificial grass installation, and artificial grass supply",
2026-04-22 16:38:04,Melbourne Synthetic Grass Pty Ltd,sales@melbournesyntheticgrass.com.au,发送成功,"Quick note on your artificial grass, artificial grass installation, and artificial grass supply","Hi Melbourne Synthetic Grass Pty Ltd team,

I noticed that Melbourne Synthetic Grass Pty Ltd is involved in artificial grass, artificial grass installation, and artificial grass supply. It seems you have a clear focus on your business, and I wanted to reach out in a simple way.

I am writing from Chinee Artificial Grass. We work with international partners in a practical and consistent way, with attention to clear communication and long-term cooperation. If helpful, you can also take a quick look at our website here: https://china-artificial-grass.com/

I thought it could still make sense to introduce ourselves in case there is ever a reason to connect in the future.

Best regards,
Chinee Artificial Grass
https://china-artificial-grass.com/","artificial grass, artificial grass installation, and artificial grass supply",
2026-04-22 16:39:05,Synturf,sales@synturf.com.au,发送成功,Quick note on your artificial grass and landscaping solutions,"Hi Synturf team,

I noticed that Synturf is involved in artificial grass and landscaping solutions. It seems you have a clear focus on your business, and I wanted to reach out in a simple way.

I am writing from Chinee Artificial Grass. We work with international partners in a practical and consistent way, with attention to clear communication and long-term cooperation. If helpful, you can also take a quick look at our website here: https://china-artificial-grass.com/

I thought it could still make sense to introduce ourselves in case there is ever a reason to connect in the future.

Best regards,
Chinee Artificial Grass
https://china-artificial-grass.com/",artificial grass and landscaping solutions,
2026-04-22 16:40:06,Instant Lawn,info@instantlawn.com.au,发送成功,"Quick note on your artificial grass, artificial grass installation, and artificial grass supply","Hi Instant Lawn team,

I noticed that Instant Lawn is involved in artificial grass, artificial grass installation, and artificial grass supply. It seems you have a clear focus on your business, and I wanted to reach out in a simple way.

I am writing from Chinee Artificial Grass. We work with international partners in a practical and consistent way, with attention to clear communication and long-term cooperation. If helpful, you can also take a quick look at our website here: https://china-artificial-grass.com/

I thought it could still make sense to introduce ourselves in case there is ever a reason to connect in the future.

Best regards,
Chinee Artificial Grass
https://china-artificial-grass.com/","artificial grass, artificial grass installation, and artificial grass supply",
2026-04-22 16:41:07,Artificial Turf Landscaping & Synthetic Grass,darren@artificiallawnmelbourne.com.au,发送成功,Quick note on your artificial grass,"Hi Artificial Turf Landscaping & Synthetic Grass team,

I noticed that Artificial Turf Landscaping & Synthetic Grass is involved in artificial grass. It seems you have a clear focus on your business, and I wanted to reach out in a simple way.

I am writing from Chinee Artificial Grass. We work with international partners in a practical and consistent way, with attention to clear communication and long-term cooperation. If helpful, you can also take a quick look at our website here: https://china-artificial-grass.com/

I thought it could still make sense to introduce ourselves in case there is ever a reason to connect in the future.

Best regards,
Chinee Artificial Grass
https://china-artificial-grass.com/",artificial grass,
2026-04-22 16:42:08,Seed and Turf,7632info@seedandturf.com.au,发送成功,"Quick note on your artificial grass, artificial grass supply, and artificial grass wholesale","Hi Seed and Turf team,

I noticed that Seed and Turf is involved in artificial grass, artificial grass supply, and artificial grass wholesale. It seems you have a clear focus on your business, and I wanted to reach out in a simple way.

I am writing from Chinee Artificial Grass. We work with international partners in a practical and consistent way, with attention to clear communication and long-term cooperation. If helpful, you can also take a quick look at our website here: https://china-artificial-grass.com/

I thought it could still make sense to introduce ourselves in case there is ever a reason to connect in the future.

Best regards,
Chinee Artificial Grass
https://china-artificial-grass.com/","artificial grass, artificial grass supply, and artificial grass wholesale",
2026-04-22 16:43:09,Caroline Springs Landscaping,info@cslandscaping.com.au,发送成功,"Quick note on your artificial grass, artificial grass supply, and landscaping solutions","Hi Caroline Springs Landscaping team,

I noticed that Caroline Springs Landscaping is involved in artificial grass, artificial grass supply, and landscaping solutions. It seems you have a clear focus on your business, and I wanted to reach out in a simple way.

I am writing from Chinee Artificial Grass. We work with international partners in a practical and consistent way, with attention to clear communication and long-term cooperation. If helpful, you can also take a quick look at our website here: https://china-artificial-grass.com/

I thought it could still make sense to introduce ourselves in case there is ever a reason to connect in the future.

Best regards,
Chinee Artificial Grass
https://china-artificial-grass.com/","artificial grass, artificial grass supply, and landscaping solutions",
2026-04-22 16:44:09,The Green Centre,info@thegreencentre.com.autrading,发送成功,Quick note on your artificial grass and landscaping solutions,"Hi The Green Centre team,

I noticed that The Green Centre is involved in artificial grass and landscaping solutions. It seems you have a clear focus on your business, and I wanted to reach out in a simple way.

I am writing from Chinee Artificial Grass. We work with international partners in a practical and consistent way, with attention to clear communication and long-term cooperation. If helpful, you can also take a quick look at our website here: https://china-artificial-grass.com/

I thought it could still make sense to introduce ourselves in case there is ever a reason to connect in the future.

Best regards,
Chinee Artificial Grass
https://china-artificial-grass.com/",artificial grass and landscaping solutions,
2026-04-22 16:45:10,Everlast Services,sales@everlastservices.com.au,发送成功,"Quick note on your artificial grass, artificial grass installation, and artificial grass supply","Hi Everlast Services team,

I noticed that Everlast Services is involved in artificial grass, artificial grass installation, and artificial grass supply. It seems you have a clear focus on your business, and I wanted to reach out in a simple way.

I am writing from Chinee Artificial Grass. We work with international partners in a practical and consistent way, with attention to clear communication and long-term cooperation. If helpful, you can also take a quick look at our website here: https://china-artificial-grass.com/

I thought it could still make sense to introduce ourselves in case there is ever a reason to connect in the future.

Best regards,
Chinee Artificial Grass
https://china-artificial-grass.com/","artificial grass, artificial grass installation, and artificial grass supply",
2026-04-22 16:46:11,Eckersley Garden Architecture,info@e-ga.com.au,发送成功,"Quick note on your artificial grass, artificial grass installation, and artificial grass supply","Hi Eckersley Garden Architecture team,

I noticed that Eckersley Garden Architecture is involved in artificial grass, artificial grass installation, and artificial grass supply. It seems you have a clear focus on your business, and I wanted to reach out in a simple way.

I am writing from Chinee Artificial Grass. We work with international partners in a practical and consistent way, with attention to clear communication and long-term cooperation. If helpful, you can also take a quick look at our website here: https://china-artificial-grass.com/

I thought it could still make sense to introduce ourselves in case there is ever a reason to connect in the future.

Best regards,
Chinee Artificial Grass
https://china-artificial-grass.com/","artificial grass, artificial grass installation, and artificial grass supply",
2026-04-22 16:47:12,Creating sustainable landscapes for the future,estimatingmarketing@australianecosystems.com.au,发送成功,"Quick note on your artificial grass, artificial grass installation, and artificial grass supply","Hi Creating sustainable landscapes for the future team,

I noticed that Creating sustainable landscapes for the future is involved in artificial grass, artificial grass installation, and artificial grass supply. It seems you have a clear focus on your business, and I wanted to reach out in a simple way.

I am writing from Chinee Artificial Grass. We work with international partners in a practical and consistent way, with attention to clear communication and long-term cooperation. If helpful, you can also take a quick look at our website here: https://china-artificial-grass.com/

I thought it could still make sense to introduce ourselves in case there is ever a reason to connect in the future.

Best regards,
Chinee Artificial Grass
https://china-artificial-grass.com/","artificial grass, artificial grass installation, and artificial grass supply",
2026-04-23 14:32:57,Saudi Turf Co Ltd (Rubber Flooring &sports court) - شركة التيرف السعودية ملاعب رياضيه,info.turf@rico-sa.comworking,发送成功,Quick note on your artificial grass,"Hi Saudi Turf Co Ltd (Rubber Flooring &sports court) - شركة التيرف السعودية ملاعب رياضيه team,

I noticed that Saudi Turf Co Ltd (Rubber Flooring &sports court) - شركة التيرف السعودية ملاعب رياضيه is involved in artificial grass. It seems you have a clear focus on your business, and I wanted to reach out in a simple way.

I am writing from Chinee Artificial Grass. We work with international partners in a practical and consistent way, with attention to clear communication and long-term cooperation. If helpful, you can also take a quick look at our website here: https://china-artificial-grass.com/

I thought it could still make sense to introduce ourselves in case there is ever a reason to connect in the future.

Best regards,
Chinee Artificial Grass
https://china-artificial-grass.com/",artificial grass,
2026-04-23 14:33:58,بيت الجودة للديكور,info@aljawdahstore.com,发送成功,"Quick note on your artificial grass, artificial grass installation, and artificial grass supply","Hi بيت الجودة للديكور team,

I noticed that بيت الجودة للديكور is involved in artificial grass, artificial grass installation, and artificial grass supply. It seems you have a clear focus on your business, and I wanted to reach out in a simple way.

I am writing from Chinee Artificial Grass. We work with international partners in a practical and consistent way, with attention to clear communication and long-term cooperation. If helpful, you can also take a quick look at our website here: https://china-artificial-grass.com/

I thought it could still make sense to introduce ourselves in case there is ever a reason to connect in the future.

Best regards,
Chinee Artificial Grass
https://china-artificial-grass.com/","artificial grass, artificial grass installation, and artificial grass supply",
2026-04-23 14:34:59,Green Wavs Landscaping Company شركه الامواج الخضراء الزراعيه ( لاندسكيب ),dc.roger@greenwavs.com,发送成功,"Quick note on your artificial grass, artificial grass installation, and artificial grass supply","Hi Green Wavs Landscaping Company شركه الامواج الخضراء الزراعيه ( لاندسكيب ) team,

I noticed that Green Wavs Landscaping Company شركه الامواج الخضراء الزراعيه ( لاندسكيب ) is involved in artificial grass, artificial grass installation, and artificial grass supply. It seems you have a clear focus on your business, and I wanted to reach out in a simple way.

I am writing from Chinee Artificial Grass. We work with international partners in a practical and consistent way, with attention to clear communication and long-term cooperation. If helpful, you can also take a quick look at our website here: https://china-artificial-grass.com/

I thought it could still make sense to introduce ourselves in case there is ever a reason to connect in the future.

Best regards,
Chinee Artificial Grass
https://china-artificial-grass.com/","artificial grass, artificial grass installation, and artificial grass supply",
2026-04-23 14:36:00,"Meckavo Sports - Construction of Football Turf, Padel courts, Basket ball , Swimming Pool",info@meckavosports.com,发送成功,"Quick note on your artificial grass, landscaping solutions, and sports landscaping","Hi Meckavo Sports - Construction of Football Turf, Padel courts, Basket ball , Swimming Pool team,

I noticed that Meckavo Sports - Construction of Football Turf, Padel courts, Basket ball , Swimming Pool is involved in artificial grass, landscaping solutions, and sports landscaping. It seems you have a clear focus on your business, and I wanted to reach out in a simple way.

I am writing from Chinee Artificial Grass. We work with international partners in a practical and consistent way, with attention to clear communication and long-term cooperation. If helpful, you can also take a quick look at our website here: https://china-artificial-grass.com/

I thought it could still make sense to introduce ourselves in case there is ever a reason to connect in the future.

Best regards,
Chinee Artificial Grass
https://china-artificial-grass.com/","artificial grass, landscaping solutions, and sports landscaping",
2026-04-23 14:37:00,Create a green and clean environment,info@greenthumbcc.com,发送成功,"Quick note on your artificial grass, artificial grass installation, and artificial grass supply","Hi Create a green and clean environment team,

I noticed that Create a green and clean environment is involved in artificial grass, artificial grass installation, and artificial grass supply. It seems you have a clear focus on your business, and I wanted to reach out in a simple way.

I am writing from Chinee Artificial Grass. We work with international partners in a practical and consistent way, with attention to clear communication and long-term cooperation. If helpful, you can also take a quick look at our website here: https://china-artificial-grass.com/

I thought it could still make sense to introduce ourselves in case there is ever a reason to connect in the future.

Best regards,
Chinee Artificial Grass
https://china-artificial-grass.com/","artificial grass, artificial grass installation, and artificial grass supply",
2026-04-23 14:38:01,عشب الشمال,support@salla.sa,发送成功,"Quick note on your artificial grass, artificial grass installation, and artificial grass supply","Hi عشب الشمال team,

I noticed that عشب الشمال is involved in artificial grass, artificial grass installation, and artificial grass supply. It seems you have a clear focus on your business, and I wanted to reach out in a simple way.

I am writing from Chinee Artificial Grass. We work with international partners in a practical and consistent way, with attention to clear communication and long-term cooperation. If helpful, you can also take a quick look at our website here: https://china-artificial-grass.com/

I thought it could still make sense to introduce ourselves in case there is ever a reason to connect in the future.

Best regards,
Chinee Artificial Grass
https://china-artificial-grass.com/","artificial grass, artificial grass installation, and artificial grass supply",
2026-04-23 14:39:02,Full Landscape Solutions,khaled@greenwady.com,发送成功,"Quick note on your artificial grass, artificial grass installation, and artificial grass supply","Hi Full Landscape Solutions team,

I noticed that Full Landscape Solutions is involved in artificial grass, artificial grass installation, and artificial grass supply. It seems you have a clear focus on your business, and I wanted to reach out in a simple way.

I am writing from Chinee Artificial Grass. We work with international partners in a practical and consistent way, with attention to clear communication and long-term cooperation. If helpful, you can also take a quick look at our website here: https://china-artificial-grass.com/

I thought it could still make sense to introduce ourselves in case there is ever a reason to connect in the future.

Best regards,
Chinee Artificial Grass
https://china-artificial-grass.com/","artificial grass, artificial grass installation, and artificial grass supply",
2026-04-24 10:35:18,"Passion Landscape Limited | Soft and Hard Landscaping (Takanini, Auckland)",hello@ecolawn.nz,发送成功,"Quick note on your artificial grass, artificial grass supply, and artificial grass wholesale","Hi Passion Landscape Limited | Soft and Hard Landscaping (Takanini, Auckland) team,

I noticed that Passion Landscape Limited | Soft and Hard Landscaping (Takanini, Auckland) is involved in artificial grass, artificial grass supply, and artificial grass wholesale. It seems you have a clear focus on your business, and I wanted to reach out in a simple way.

I am writing from Chinee Artificial Grass. We work with international partners in a practical and consistent way, with attention to clear communication and long-term cooperation. If helpful, you can also take a quick look at our website here: https://china-artificial-grass.com/

I thought it could still make sense to introduce ourselves in case there is ever a reason to connect in the future.

Best regards,
Chinee Artificial Grass
https://china-artificial-grass.com/","artificial grass, artificial grass supply, and artificial grass wholesale",
2026-04-24 10:36:20,Greensmith Lawn and Garden (West Auckland),info@greensmith.co.nz,发送成功,"Quick note on your artificial grass, artificial grass installation, and artificial grass supply","Hi Greensmith Lawn and Garden (West Auckland) team,

I noticed that Greensmith Lawn and Garden (West Auckland) is involved in artificial grass, artificial grass installation, and artificial grass supply. It seems you have a clear focus on your business, and I wanted to reach out in a simple way.

I am writing from Chinee Artificial Grass. We work with international partners in a practical and consistent way, with attention to clear communication and long-term cooperation. If helpful, you can also take a quick look at our website here: https://china-artificial-grass.com/

I thought it could still make sense to introduce ourselves in case there is ever a reason to connect in the future.

Best regards,
Chinee Artificial Grass
https://china-artificial-grass.com/","artificial grass, artificial grass installation, and artificial grass supply",
2026-04-24 10:37:21,Auckland Lawn Service,bookings@aucklandlawnservice.co.nz,发送成功,"Quick note on your artificial grass, artificial grass installation, and artificial grass supply","Hi Auckland Lawn Service team,

I noticed that Auckland Lawn Service is involved in artificial grass, artificial grass installation, and artificial grass supply. It seems you have a clear focus on your business, and I wanted to reach out in a simple way.

I am writing from Chinee Artificial Grass. We work with international partners in a practical and consistent way, with attention to clear communication and long-term cooperation. If helpful, you can also take a quick look at our website here: https://china-artificial-grass.com/

I thought it could still make sense to introduce ourselves in case there is ever a reason to connect in the future.

Best regards,
Chinee Artificial Grass
https://china-artificial-grass.com/","artificial grass, artificial grass installation, and artificial grass supply",
2026-04-24 10:38:22,Garden Solution Landscapes,gardensolution22@gmail.com,发送成功,"Quick note on your artificial grass, artificial grass installation, and artificial grass supply","Hi Garden Solution Landscapes team,

I noticed that Garden Solution Landscapes is involved in artificial grass, artificial grass installation, and artificial grass supply. It seems you have a clear focus on your business, and I wanted to reach out in a simple way.

I am writing from Chinee Artificial Grass. We work with international partners in a practical and consistent way, with attention to clear communication and long-term cooperation. If helpful, you can also take a quick look at our website here: https://china-artificial-grass.com/

I thought it could still make sense to introduce ourselves in case there is ever a reason to connect in the future.

Best regards,
Chinee Artificial Grass
https://china-artificial-grass.com/","artificial grass, artificial grass installation, and artificial grass supply",
2026-04-24 10:39:23,Winfield Landscapes,winfieldlandscapes@outlook.co.nz,发送成功,"Quick note on your artificial grass, artificial grass installation, and artificial grass supply","Hi Winfield Landscapes team,

I noticed that Winfield Landscapes is involved in artificial grass, artificial grass installation, and artificial grass supply. It seems you have a clear focus on your business, and I wanted to reach out in a simple way.

I am writing from Chinee Artificial Grass. We work with international partners in a practical and consistent way, with attention to clear communication and long-term cooperation. If helpful, you can also take a quick look at our website here: https://china-artificial-grass.com/

I thought it could still make sense to introduce ourselves in case there is ever a reason to connect in the future.

Best regards,
Chinee Artificial Grass
https://china-artificial-grass.com/","artificial grass, artificial grass installation, and artificial grass supply",
2026-04-24 10:40:24,Feature Landscapes,todd@feature.nz,发送成功,"Quick note on your artificial grass, artificial grass installation, and artificial grass supply","Hi Feature Landscapes team,

I noticed that Feature Landscapes is involved in artificial grass, artificial grass installation, and artificial grass supply. It seems you have a clear focus on your business, and I wanted to reach out in a simple way.

I am writing from Chinee Artificial Grass. We work with international partners in a practical and consistent way, with attention to clear communication and long-term cooperation. If helpful, you can also take a quick look at our website here: https://china-artificial-grass.com/

I thought it could still make sense to introduce ourselves in case there is ever a reason to connect in the future.

Best regards,
Chinee Artificial Grass
https://china-artificial-grass.com/","artificial grass, artificial grass installation, and artificial grass supply",
2026-04-24 10:41:25,A Good Turf Co Ltd,info@goodturfco.co.nz,发送成功,"Quick note on your artificial grass, artificial grass installation, and landscaping solutions","Hi A Good Turf Co Ltd team,

I noticed that A Good Turf Co Ltd is involved in artificial grass, artificial grass installation, and landscaping solutions. It seems you have a clear focus on your business, and I wanted to reach out in a simple way.

I am writing from Chinee Artificial Grass. We work with international partners in a practical and consistent way, with attention to clear communication and long-term cooperation. If helpful, you can also take a quick look at our website here: https://china-artificial-grass.com/

I thought it could still make sense to introduce ourselves in case there is ever a reason to connect in the future.

Best regards,
Chinee Artificial Grass
https://china-artificial-grass.com/","artificial grass, artificial grass installation, and landscaping solutions",
2026-04-24 10:42:26,Transforming Outdoor Spaces in New Zealand,lee@gardenvisions.co.nz,发送成功,"Quick note on your artificial grass, artificial grass installation, and landscaping solutions","Hi Transforming Outdoor Spaces in New Zealand team,

I noticed that Transforming Outdoor Spaces in New Zealand is involved in artificial grass, artificial grass installation, and landscaping solutions. It seems you have a clear focus on your business, and I wanted to reach out in a simple way.

I am writing from Chinee Artificial Grass. We work with international partners in a practical and consistent way, with attention to clear communication and long-term cooperation. If helpful, you can also take a quick look at our website here: https://china-artificial-grass.com/

I thought it could still make sense to introduce ourselves in case there is ever a reason to connect in the future.

Best regards,
Chinee Artificial Grass
https://china-artificial-grass.com/","artificial grass, artificial grass installation, and landscaping solutions",
2026-04-24 10:43:27,Naturescapes Ltd - Auckland Garden Services,admin@naturescapes.co.nz,发送成功,"Quick note on your artificial grass, artificial grass installation, and artificial grass supply","Hi Naturescapes Ltd - Auckland Garden Services team,

I noticed that Naturescapes Ltd - Auckland Garden Services is involved in artificial grass, artificial grass installation, and artificial grass supply. It seems you have a clear focus on your business, and I wanted to reach out in a simple way.

I am writing from Chinee Artificial Grass. We work with international partners in a practical and consistent way, with attention to clear communication and long-term cooperation. If helpful, you can also take a quick look at our website here: https://china-artificial-grass.com/

I thought it could still make sense to introduce ourselves in case there is ever a reason to connect in the future.

Best regards,
Chinee Artificial Grass
https://china-artificial-grass.com/","artificial grass, artificial grass installation, and artificial grass supply",
2026-04-24 10:44:28,BUSY LIZZY GARDENS,hello@busylizzygardens.com,发送成功,"Quick note on your artificial grass, artificial grass installation, and artificial grass supply","Hi BUSY LIZZY GARDENS team,

I noticed that BUSY LIZZY GARDENS is involved in artificial grass, artificial grass installation, and artificial grass supply. It seems you have a clear focus on your business, and I wanted to reach out in a simple way.

I am writing from Chinee Artificial Grass. We work with international partners in a practical and consistent way, with attention to clear communication and long-term cooperation. If helpful, you can also take a quick look at our website here: https://china-artificial-grass.com/

I thought it could still make sense to introduce ourselves in case there is ever a reason to connect in the future.

Best regards,
Chinee Artificial Grass
https://china-artificial-grass.com/","artificial grass, artificial grass installation, and artificial grass supply",
2026-04-24 10:45:29,Green Gecko Gardens,joanne@greengeckogardens.co.nz,发送成功,"Quick note on your artificial grass, artificial grass installation, and artificial grass supply","Hi Green Gecko Gardens team,

I noticed that Green Gecko Gardens is involved in artificial grass, artificial grass installation, and artificial grass supply. It seems you have a clear focus on your business, and I wanted to reach out in a simple way.

I am writing from Chinee Artificial Grass. We work with international partners in a practical and consistent way, with attention to clear communication and long-term cooperation. If helpful, you can also take a quick look at our website here: https://china-artificial-grass.com/

I thought it could still make sense to introduce ourselves in case there is ever a reason to connect in the future.

Best regards,
Chinee Artificial Grass
https://china-artificial-grass.com/","artificial grass, artificial grass installation, and artificial grass supply",
2026-04-24 10:46:29,Lawn Masters,freequote@lawnmasters.co.nz,发送成功,"Quick note on your artificial grass, artificial grass installation, and artificial grass supply","Hi Lawn Masters team,

I noticed that Lawn Masters is involved in artificial grass, artificial grass installation, and artificial grass supply. It seems you have a clear focus on your business, and I wanted to reach out in a simple way.

I am writing from Chinee Artificial Grass. We work with international partners in a practical and consistent way, with attention to clear communication and long-term cooperation. If helpful, you can also take a quick look at our website here: https://china-artificial-grass.com/

I thought it could still make sense to introduce ourselves in case there is ever a reason to connect in the future.

Best regards,
Chinee Artificial Grass
https://china-artificial-grass.com/","artificial grass, artificial grass installation, and artificial grass supply",
2026-04-24 10:47:31,Gsr Landscaping Ltd,gsrlandscaping02@gmail.com,发送成功,"Quick note on your artificial grass, artificial grass installation, and artificial grass supply","Hi Gsr Landscaping Ltd team,

I noticed that Gsr Landscaping Ltd is involved in artificial grass, artificial grass installation, and artificial grass supply. It seems you have a clear focus on your business, and I wanted to reach out in a simple way.

I am writing from Chinee Artificial Grass. We work with international partners in a practical and consistent way, with attention to clear communication and long-term cooperation. If helpful, you can also take a quick look at our website here: https://china-artificial-grass.com/

I thought it could still make sense to introduce ourselves in case there is ever a reason to connect in the future.

Best regards,
Chinee Artificial Grass
https://china-artificial-grass.com/","artificial grass, artificial grass installation, and artificial grass supply",
2026-04-24 10:48:32,Easy Spacing Landscaping,contact@easyspacing.co.nz,发送成功,"Quick note on your artificial grass, artificial grass installation, and artificial grass supply","Hi Easy Spacing Landscaping team,

I noticed that Easy Spacing Landscaping is involved in artificial grass, artificial grass installation, and artificial grass supply. It seems you have a clear focus on your business, and I wanted to reach out in a simple way.

I am writing from Chinee Artificial Grass. We work with international partners in a practical and consistent way, with attention to clear communication and long-term cooperation. If helpful, you can also take a quick look at our website here: https://china-artificial-grass.com/

I thought it could still make sense to introduce ourselves in case there is ever a reason to connect in the future.

Best regards,
Chinee Artificial Grass
https://china-artificial-grass.com/","artificial grass, artificial grass installation, and artificial grass supply",
2026-04-24 10:49:33,"Transforming Spaces, Enhancing Homes",goldie@scapex.co.nz,发送成功,"Quick note on your artificial grass, artificial grass installation, and artificial grass supply","Hi Transforming Spaces, Enhancing Homes team,

I noticed that Transforming Spaces, Enhancing Homes is involved in artificial grass, artificial grass installation, and artificial grass supply. It seems you have a clear focus on your business, and I wanted to reach out in a simple way.

I am writing from Chinee Artificial Grass. We work with international partners in a practical and consistent way, with attention to clear communication and long-term cooperation. If helpful, you can also take a quick look at our website here: https://china-artificial-grass.com/

I thought it could still make sense to introduce ourselves in case there is ever a reason to connect in the future.

Best regards,
Chinee Artificial Grass
https://china-artificial-grass.com/","artificial grass, artificial grass installation, and artificial grass supply",
2026-04-24 10:50:33,Nextmow,info@nextmow.co.nz,发送成功,"Quick note on your artificial grass, artificial grass installation, and landscaping solutions","Hi Nextmow team,

I noticed that Nextmow is involved in artificial grass, artificial grass installation, and landscaping solutions. It seems you have a clear focus on your business, and I wanted to reach out in a simple way.

I am writing from Chinee Artificial Grass. We work with international partners in a practical and consistent way, with attention to clear communication and long-term cooperation. If helpful, you can also take a quick look at our website here: https://china-artificial-grass.com/

I thought it could still make sense to introduce ourselves in case there is ever a reason to connect in the future.

Best regards,
Chinee Artificial Grass
https://china-artificial-grass.com/","artificial grass, artificial grass installation, and landscaping solutions",
2026-04-24 10:51:34,West Auckland Local Garden and landscape service.,zainul@greenleafgarden.co.nz,发送成功,"Quick note on your artificial grass, artificial grass installation, and artificial grass supply","Hi West Auckland Local Garden and landscape service. team,

I noticed that West Auckland Local Garden and landscape service. is involved in artificial grass, artificial grass installation, and artificial grass supply. It seems you have a clear focus on your business, and I wanted to reach out in a simple way.

I am writing from Chinee Artificial Grass. We work with international partners in a practical and consistent way, with attention to clear communication and long-term cooperation. If helpful, you can also take a quick look at our website here: https://china-artificial-grass.com/

I thought it could still make sense to introduce ourselves in case there is ever a reason to connect in the future.

Best regards,
Chinee Artificial Grass
https://china-artificial-grass.com/","artificial grass, artificial grass installation, and artificial grass supply",
2026-04-24 10:52:35,Klair,klaircontractor@outlook.com,发送成功,"Quick note on your artificial grass, artificial grass installation, and artificial grass supply","Hi Klair team,

I noticed that Klair is involved in artificial grass, artificial grass installation, and artificial grass supply. It seems you have a clear focus on your business, and I wanted to reach out in a simple way.

I am writing from Chinee Artificial Grass. We work with international partners in a practical and consistent way, with attention to clear communication and long-term cooperation. If helpful, you can also take a quick look at our website here: https://china-artificial-grass.com/

I thought it could still make sense to introduce ourselves in case there is ever a reason to connect in the future.

Best regards,
Chinee Artificial Grass
https://china-artificial-grass.com/","artificial grass, artificial grass installation, and artificial grass supply",
2026-04-24 10:53:36,Mace Landscape Group,hello@macelandscapes.co.nz,发送成功,"Quick note on your artificial grass, artificial grass installation, and artificial grass supply","Hi Mace Landscape Group team,

I noticed that Mace Landscape Group is involved in artificial grass, artificial grass installation, and artificial grass supply. It seems you have a clear focus on your business, and I wanted to reach out in a simple way.

I am writing from Chinee Artificial Grass. We work with international partners in a practical and consistent way, with attention to clear communication and long-term cooperation. If helpful, you can also take a quick look at our website here: https://china-artificial-grass.com/

I thought it could still make sense to introduce ourselves in case there is ever a reason to connect in the future.

Best regards,
Chinee Artificial Grass
https://china-artificial-grass.com/","artificial grass, artificial grass installation, and artificial grass supply",
2026-04-24 10:54:37,NZ GILL'S LAWN LIMITED,nzgillslimited@gmail.com,发送成功,"Quick note on your artificial grass, artificial grass installation, and artificial grass supply","Hi NZ GILL'S LAWN LIMITED team,

I noticed that NZ GILL'S LAWN LIMITED is involved in artificial grass, artificial grass installation, and artificial grass supply. It seems you have a clear focus on your business, and I wanted to reach out in a simple way.

I am writing from Chinee Artificial Grass. We work with international partners in a practical and consistent way, with attention to clear communication and long-term cooperation. If helpful, you can also take a quick look at our website here: https://china-artificial-grass.com/

I thought it could still make sense to introduce ourselves in case there is ever a reason to connect in the future.

Best regards,
Chinee Artificial Grass
https://china-artificial-grass.com/","artificial grass, artificial grass installation, and artificial grass supply",
2026-04-24 10:55:38,Go,sales@gotogardening.co.nz,发送成功,"Quick note on your artificial grass, artificial grass installation, and artificial grass supply","Hi Go team,

I noticed that Go is involved in artificial grass, artificial grass installation, and artificial grass supply. It seems you have a clear focus on your business, and I wanted to reach out in a simple way.

I am writing from Chinee Artificial Grass. We work with international partners in a practical and consistent way, with attention to clear communication and long-term cooperation. If helpful, you can also take a quick look at our website here: https://china-artificial-grass.com/

I thought it could still make sense to introduce ourselves in case there is ever a reason to connect in the future.

Best regards,
Chinee Artificial Grass
https://china-artificial-grass.com/","artificial grass, artificial grass installation, and artificial grass supply",
2026-04-24 10:56:39,Elite Turf,info@aucklandearthworks.co.nz,发送成功,Quick note on your artificial grass and landscaping solutions,"Hi Elite Turf team,

I noticed that Elite Turf is involved in artificial grass and landscaping solutions. It seems you have a clear focus on your business, and I wanted to reach out in a simple way.

I am writing from Chinee Artificial Grass. We work with international partners in a practical and consistent way, with attention to clear communication and long-term cooperation. If helpful, you can also take a quick look at our website here: https://china-artificial-grass.com/

I thought it could still make sense to introduce ourselves in case there is ever a reason to connect in the future.

Best regards,
Chinee Artificial Grass
https://china-artificial-grass.com/",artificial grass and landscaping solutions,
2026-04-24 10:57:40,Turf and Drainage Ltd,nick@turfanddrainage.co.nz,发送成功,Quick note on your artificial grass,"Hi Turf and Drainage Ltd team,

I noticed that Turf and Drainage Ltd is involved in artificial grass. It seems you have a clear focus on your business, and I wanted to reach out in a simple way.

I am writing from Chinee Artificial Grass. We work with international partners in a practical and consistent way, with attention to clear communication and long-term cooperation. If helpful, you can also take a quick look at our website here: https://china-artificial-grass.com/

I thought it could still make sense to introduce ourselves in case there is ever a reason to connect in the future.

Best regards,
Chinee Artificial Grass
https://china-artificial-grass.com/",artificial grass,
2026-04-24 10:58:41,Select Lawnmowing,haydengoldsack@selectlawnmowing.co.nz,发送成功,"Quick note on your artificial grass, artificial grass installation, and artificial grass supply","Hi Select Lawnmowing team,

I noticed that Select Lawnmowing is involved in artificial grass, artificial grass installation, and artificial grass supply. It seems you have a clear focus on your business, and I wanted to reach out in a simple way.

I am writing from Chinee Artificial Grass. We work with international partners in a practical and consistent way, with attention to clear communication and long-term cooperation. If helpful, you can also take a quick look at our website here: https://china-artificial-grass.com/

I thought it could still make sense to introduce ourselves in case there is ever a reason to connect in the future.

Best regards,
Chinee Artificial Grass
https://china-artificial-grass.com/","artificial grass, artificial grass installation, and artificial grass supply",
2026-04-24 10:59:42,Auckland Landscape Supplies,stjohns@aucklandlandscape.co.nz,发送成功,"Quick note on your artificial grass, artificial grass installation, and artificial grass supply","Hi Auckland Landscape Supplies team,

I noticed that Auckland Landscape Supplies is involved in artificial grass, artificial grass installation, and artificial grass supply. It seems you have a clear focus on your business, and I wanted to reach out in a simple way.

I am writing from Chinee Artificial Grass. We work with international partners in a practical and consistent way, with attention to clear communication and long-term cooperation. If helpful, you can also take a quick look at our website here: https://china-artificial-grass.com/

I thought it could still make sense to introduce ourselves in case there is ever a reason to connect in the future.

Best regards,
Chinee Artificial Grass
https://china-artificial-grass.com/","artificial grass, artificial grass installation, and artificial grass supply",
2026-04-24 11:00:43,Lawn Mowing Auckland,info@lawnmovingauckland.co.nz,发送成功,"Quick note on your artificial grass, artificial grass installation, and artificial grass supply","Hi Lawn Mowing Auckland team,

I noticed that Lawn Mowing Auckland is involved in artificial grass, artificial grass installation, and artificial grass supply. It seems you have a clear focus on your business, and I wanted to reach out in a simple way.

I am writing from Chinee Artificial Grass. We work with international partners in a practical and consistent way, with attention to clear communication and long-term cooperation. If helpful, you can also take a quick look at our website here: https://china-artificial-grass.com/

I thought it could still make sense to introduce ourselves in case there is ever a reason to connect in the future.

Best regards,
Chinee Artificial Grass
https://china-artificial-grass.com/","artificial grass, artificial grass installation, and artificial grass supply",
2026-04-24 11:01:44,Gardenlights,info@gardenlights.co.nz,发送成功,"Quick note on your artificial grass, artificial grass installation, and artificial grass supply","Hi Gardenlights team,

I noticed that Gardenlights is involved in artificial grass, artificial grass installation, and artificial grass supply. It seems you have a clear focus on your business, and I wanted to reach out in a simple way.

I am writing from Chinee Artificial Grass. We work with international partners in a practical and consistent way, with attention to clear communication and long-term cooperation. If helpful, you can also take a quick look at our website here: https://china-artificial-grass.com/

I thought it could still make sense to introduce ourselves in case there is ever a reason to connect in the future.

Best regards,
Chinee Artificial Grass
https://china-artificial-grass.com/","artificial grass, artificial grass installation, and artificial grass supply",
2026-04-24 11:02:45,Lawn Keepers,admin@lawnkeepers.co.nz,发送成功,"Quick note on your artificial grass, artificial grass installation, and artificial grass supply","Hi Lawn Keepers team,

I noticed that Lawn Keepers is involved in artificial grass, artificial grass installation, and artificial grass supply. It seems you have a clear focus on your business, and I wanted to reach out in a simple way.

I am writing from Chinee Artificial Grass. We work with international partners in a practical and consistent way, with attention to clear communication and long-term cooperation. If helpful, you can also take a quick look at our website here: https://china-artificial-grass.com/

I thought it could still make sense to introduce ourselves in case there is ever a reason to connect in the future.

Best regards,
Chinee Artificial Grass
https://china-artificial-grass.com/","artificial grass, artificial grass installation, and artificial grass supply",
2026-04-24 11:03:46,MABEY MOWS,mabeymows@gmail.com,发送成功,"Quick note on your artificial grass, artificial grass installation, and landscaping solutions","Hi MABEY MOWS team,

I noticed that MABEY MOWS is involved in artificial grass, artificial grass installation, and landscaping solutions. It seems you have a clear focus on your business, and I wanted to reach out in a simple way.

I am writing from Chinee Artificial Grass. We work with international partners in a practical and consistent way, with attention to clear communication and long-term cooperation. If helpful, you can also take a quick look at our website here: https://china-artificial-grass.com/

I thought it could still make sense to introduce ourselves in case there is ever a reason to connect in the future.

Best regards,
Chinee Artificial Grass
https://china-artificial-grass.com/","artificial grass, artificial grass installation, and landscaping solutions",
2026-04-24 11:04:47,Turfworkz,bryce@turfworkz.co.nz,发送成功,"Quick note on your artificial grass, artificial grass installation, and landscaping solutions","Hi Turfworkz team,

I noticed that Turfworkz is involved in artificial grass, artificial grass installation, and landscaping solutions. It seems you have a clear focus on your business, and I wanted to reach out in a simple way.

I am writing from Chinee Artificial Grass. We work with international partners in a practical and consistent way, with attention to clear communication and long-term cooperation. If helpful, you can also take a quick look at our website here: https://china-artificial-grass.com/

I thought it could still make sense to introduce ourselves in case there is ever a reason to connect in the future.

Best regards,
Chinee Artificial Grass
https://china-artificial-grass.com/","artificial grass, artificial grass installation, and landscaping solutions",
2026-04-24 11:05:48,Parkland,info@parkland.co.nz,发送成功,"Quick note on your artificial grass, artificial grass installation, and artificial grass supply","Hi Parkland team,

I noticed that Parkland is involved in artificial grass, artificial grass installation, and artificial grass supply. It seems you have a clear focus on your business, and I wanted to reach out in a simple way.

I am writing from Chinee Artificial Grass. We work with international partners in a practical and consistent way, with attention to clear communication and long-term cooperation. If helpful, you can also take a quick look at our website here: https://china-artificial-grass.com/

I thought it could still make sense to introduce ourselves in case there is ever a reason to connect in the future.

Best regards,
Chinee Artificial Grass
https://china-artificial-grass.com/","artificial grass, artificial grass installation, and artificial grass supply",
2026-04-24 11:06:49,Lawn Rite,info@ritegroup.co.nz,发送成功,"Quick note on your artificial grass, artificial grass installation, and artificial grass supply","Hi Lawn Rite team,

I noticed that Lawn Rite is involved in artificial grass, artificial grass installation, and artificial grass supply. It seems you have a clear focus on your business, and I wanted to reach out in a simple way.

I am writing from Chinee Artificial Grass. We work with international partners in a practical and consistent way, with attention to clear communication and long-term cooperation. If helpful, you can also take a quick look at our website here: https://china-artificial-grass.com/

I thought it could still make sense to introduce ourselves in case there is ever a reason to connect in the future.

Best regards,
Chinee Artificial Grass
https://china-artificial-grass.com/","artificial grass, artificial grass installation, and artificial grass supply",
2026-04-24 11:07:49,lawnheat,info@lawnheat.co.nz,发送成功,"Quick note on your artificial grass, artificial grass installation, and artificial grass supply","Hi lawnheat team,

I noticed that lawnheat is involved in artificial grass, artificial grass installation, and artificial grass supply. It seems you have a clear focus on your business, and I wanted to reach out in a simple way.

I am writing from Chinee Artificial Grass. We work with international partners in a practical and consistent way, with attention to clear communication and long-term cooperation. If helpful, you can also take a quick look at our website here: https://china-artificial-grass.com/

I thought it could still make sense to introduce ourselves in case there is ever a reason to connect in the future.

Best regards,
Chinee Artificial Grass
https://china-artificial-grass.com/","artificial grass, artificial grass installation, and artificial grass supply",
2026-04-24 11:08:51,JDO Landscaping,joe@jdoprojects.co.nz,发送成功,"Quick note on your artificial grass, artificial grass installation, and artificial grass supply","Hi JDO Landscaping team,

I noticed that JDO Landscaping is involved in artificial grass, artificial grass installation, and artificial grass supply. It seems you have a clear focus on your business, and I wanted to reach out in a simple way.

I am writing from Chinee Artificial Grass. We work with international partners in a practical and consistent way, with attention to clear communication and long-term cooperation. If helpful, you can also take a quick look at our website here: https://china-artificial-grass.com/

I thought it could still make sense to introduce ourselves in case there is ever a reason to connect in the future.

Best regards,
Chinee Artificial Grass
https://china-artificial-grass.com/","artificial grass, artificial grass installation, and artificial grass supply",
2026-04-24 11:09:52,"Landscaping Auckland – Fencing, Decks & Garden Maintenance",will@backdroplandscapes.com,发送成功,"Quick note on your artificial grass, artificial grass installation, and artificial grass supply","Hi Landscaping Auckland – Fencing, Decks & Garden Maintenance team,

I noticed that Landscaping Auckland – Fencing, Decks & Garden Maintenance is involved in artificial grass, artificial grass installation, and artificial grass supply. It seems you have a clear focus on your business, and I wanted to reach out in a simple way.

I am writing from Chinee Artificial Grass. We work with international partners in a practical and consistent way, with attention to clear communication and long-term cooperation. If helpful, you can also take a quick look at our website here: https://china-artificial-grass.com/

I thought it could still make sense to introduce ourselves in case there is ever a reason to connect in the future.

Best regards,
Chinee Artificial Grass
https://china-artificial-grass.com/","artificial grass, artificial grass installation, and artificial grass supply",
2026-04-24 11:10:53,Turftech,info@turftech.co.nz,发送成功,"Quick note on your artificial grass, artificial grass installation, and landscaping solutions","Hi Turftech team,

I noticed that Turftech is involved in artificial grass, artificial grass installation, and landscaping solutions. It seems you have a clear focus on your business, and I wanted to reach out in a simple way.

I am writing from Chinee Artificial Grass. We work with international partners in a practical and consistent way, with attention to clear communication and long-term cooperation. If helpful, you can also take a quick look at our website here: https://china-artificial-grass.com/

I thought it could still make sense to introduce ourselves in case there is ever a reason to connect in the future.

Best regards,
Chinee Artificial Grass
https://china-artificial-grass.com/","artificial grass, artificial grass installation, and landscaping solutions",
2026-04-24 11:11:54,Professional Landscaping Services in Auckland,aceandbloom@gmail.com,发送成功,"Quick note on your artificial grass, artificial grass installation, and artificial grass supply","Hi Professional Landscaping Services in Auckland team,

I noticed that Professional Landscaping Services in Auckland is involved in artificial grass, artificial grass installation, and artificial grass supply. It seems you have a clear focus on your business, and I wanted to reach out in a simple way.

I am writing from Chinee Artificial Grass. We work with international partners in a practical and consistent way, with attention to clear communication and long-term cooperation. If helpful, you can also take a quick look at our website here: https://china-artificial-grass.com/

I thought it could still make sense to introduce ourselves in case there is ever a reason to connect in the future.

Best regards,
Chinee Artificial Grass
https://china-artificial-grass.com/","artificial grass, artificial grass installation, and artificial grass supply",
2026-04-24 11:12:55,Eco Lawn Mowing Services,info@ecolawnmowingservicesnz.in,发送成功,"Quick note on your artificial grass, artificial grass installation, and artificial grass supply","Hi Eco Lawn Mowing Services team,

I noticed that Eco Lawn Mowing Services is involved in artificial grass, artificial grass installation, and artificial grass supply. It seems you have a clear focus on your business, and I wanted to reach out in a simple way.

I am writing from Chinee Artificial Grass. We work with international partners in a practical and consistent way, with attention to clear communication and long-term cooperation. If helpful, you can also take a quick look at our website here: https://china-artificial-grass.com/

I thought it could still make sense to introduce ourselves in case there is ever a reason to connect in the future.

Best regards,
Chinee Artificial Grass
https://china-artificial-grass.com/","artificial grass, artificial grass installation, and artificial grass supply",
2026-04-24 11:13:56,A1 Garden Care,info.aonegarden@gmail.com,发送成功,"Quick note on your artificial grass, artificial grass installation, and artificial grass supply","Hi A1 Garden Care team,

I noticed that A1 Garden Care is involved in artificial grass, artificial grass installation, and artificial grass supply. It seems you have a clear focus on your business, and I wanted to reach out in a simple way.

I am writing from Chinee Artificial Grass. We work with international partners in a practical and consistent way, with attention to clear communication and long-term cooperation. If helpful, you can also take a quick look at our website here: https://china-artificial-grass.com/

I thought it could still make sense to introduce ourselves in case there is ever a reason to connect in the future.

Best regards,
Chinee Artificial Grass
https://china-artificial-grass.com/","artificial grass, artificial grass installation, and artificial grass supply",
2026-04-24 11:14:57,Try our award,auckeastlawn@select.biz,发送成功,"Quick note on your artificial grass, artificial grass installation, and artificial grass supply","Hi Try our award team,

I noticed that Try our award is involved in artificial grass, artificial grass installation, and artificial grass supply. It seems you have a clear focus on your business, and I wanted to reach out in a simple way.

I am writing from Chinee Artificial Grass. We work with international partners in a practical and consistent way, with attention to clear communication and long-term cooperation. If helpful, you can also take a quick look at our website here: https://china-artificial-grass.com/

I thought it could still make sense to introduce ourselves in case there is ever a reason to connect in the future.

Best regards,
Chinee Artificial Grass
https://china-artificial-grass.com/","artificial grass, artificial grass installation, and artificial grass supply",
2026-04-24 11:15:58,ALandscapingCompany,info@alcompany.co.nz,发送成功,"Quick note on your artificial grass, artificial grass installation, and artificial grass supply","Hi ALandscapingCompany team,

I noticed that ALandscapingCompany is involved in artificial grass, artificial grass installation, and artificial grass supply. It seems you have a clear focus on your business, and I wanted to reach out in a simple way.

I am writing from Chinee Artificial Grass. We work with international partners in a practical and consistent way, with attention to clear communication and long-term cooperation. If helpful, you can also take a quick look at our website here: https://china-artificial-grass.com/

I thought it could still make sense to introduce ourselves in case there is ever a reason to connect in the future.

Best regards,
Chinee Artificial Grass
https://china-artificial-grass.com/","artificial grass, artificial grass installation, and artificial grass supply",
2026-04-24 11:16:59,Lester Landscapes,info@lesterlandscapes.co.nz,发送成功,"Quick note on your artificial grass, artificial grass installation, and artificial grass supply","Hi Lester Landscapes team,

I noticed that Lester Landscapes is involved in artificial grass, artificial grass installation, and artificial grass supply. It seems you have a clear focus on your business, and I wanted to reach out in a simple way.

I am writing from Chinee Artificial Grass. We work with international partners in a practical and consistent way, with attention to clear communication and long-term cooperation. If helpful, you can also take a quick look at our website here: https://china-artificial-grass.com/

I thought it could still make sense to introduce ourselves in case there is ever a reason to connect in the future.

Best regards,
Chinee Artificial Grass
https://china-artificial-grass.com/","artificial grass, artificial grass installation, and artificial grass supply",
2026-04-24 11:18:00,Element Hardscapes LTD,info@elementhardscapes.co.nz,发送成功,"Quick note on your artificial grass, artificial grass installation, and artificial grass supply","Hi Element Hardscapes LTD team,

I noticed that Element Hardscapes LTD is involved in artificial grass, artificial grass installation, and artificial grass supply. It seems you have a clear focus on your business, and I wanted to reach out in a simple way.

I am writing from Chinee Artificial Grass. We work with international partners in a practical and consistent way, with attention to clear communication and long-term cooperation. If helpful, you can also take a quick look at our website here: https://china-artificial-grass.com/

I thought it could still make sense to introduce ourselves in case there is ever a reason to connect in the future.

Best regards,
Chinee Artificial Grass
https://china-artificial-grass.com/","artificial grass, artificial grass installation, and artificial grass supply",
2026-04-24 11:19:01,Clean Green Garden Lawn Care,ken@cleangreenlawnmowing.co.nz,发送成功,"Quick note on your artificial grass, artificial grass installation, and artificial grass supply","Hi Clean Green Garden Lawn Care team,

I noticed that Clean Green Garden Lawn Care is involved in artificial grass, artificial grass installation, and artificial grass supply. It seems you have a clear focus on your business, and I wanted to reach out in a simple way.

I am writing from Chinee Artificial Grass. We work with international partners in a practical and consistent way, with attention to clear communication and long-term cooperation. If helpful, you can also take a quick look at our website here: https://china-artificial-grass.com/

I thought it could still make sense to introduce ourselves in case there is ever a reason to connect in the future.

Best regards,
Chinee Artificial Grass
https://china-artificial-grass.com/","artificial grass, artificial grass installation, and artificial grass supply",
2026-04-25 09:09:16,Easigrass Artificial Grass & Turf Johannesburg East,jhbshowroom@easigrass.co.za,发送成功,"Quick note on your artificial grass, artificial grass installation, and contract projects","Hi Easigrass Artificial Grass & Turf Johannesburg East team,

I noticed that Easigrass Artificial Grass & Turf Johannesburg East is involved in artificial grass, artificial grass installation, and contract projects. It seems you have a clear focus on your business, and I wanted to reach out in a simple way.

I am writing from Chinee Artificial Grass. We work with international partners in a practical and consistent way, with attention to clear communication and long-term cooperation. If helpful, you can also take a quick look at our website here: https://china-artificial-grass.com/

I thought it could still make sense to introduce ourselves in case there is ever a reason to connect in the future.

Best regards,
Chinee Artificial Grass
https://china-artificial-grass.com/","artificial grass, artificial grass installation, and contract projects",
2026-04-25 09:17:38,syntheticturfmalaysia.com,reinli@stmturf.com,发送失败,,,"artificial grass, artificial grass installation, and contract projects",[Errno 11001] getaddrinfo failed
2026-04-25 09:18:47,Wallpaper & Carpets Distributors (M) Sdn Bhd,twodegree@live.com,发送失败,,,"artificial grass installation, landscaping solutions, and contract projects",[Errno 11001] getaddrinfo failed
2026-04-25 09:19:47,GoGrass Artificial Grass,green@mail.com,发送失败,,,artificial grass,[Errno 11001] getaddrinfo failed
2026-04-25 09:20:56,GoGrass Artificial Grass,info@signatureturf.com.my,发送失败,,,"artificial grass, artificial grass installation, and contract projects",[Errno 11001] getaddrinfo failed
2026-04-25 09:22:05,Konzept Garden,customer-service@konzept.my,发送失败,,,"artificial grass, artificial grass installation, and artificial grass supply",[Errno 11001] getaddrinfo failed
2026-04-25 09:23:16,Eco Outdoor,info@ecooutdoor.com.my,发送失败,,,artificial grass,[Errno 11001] getaddrinfo failed
2026-04-25 09:24:16,Casa Garden Malaysia,casagardenventure@gmail.com,发送失败,,,"artificial grass, artificial grass installation, and artificial grass supply",[Errno 11001] getaddrinfo failed
2026-04-25 09:25:25,EF Decor Studio,efhomeliving.decor@gmail.com,发送失败,,,"artificial grass, artificial grass installation, and artificial grass supply",[Errno 11001] getaddrinfo failed
2026-04-25 09:26:26,ANDRIEA MALAYSIA (HQ),support-ninelpro@andrieamalaysia.com,发送成功,"Quick note on your artificial grass, artificial grass installation, and artificial grass supply","Hi ANDRIEA MALAYSIA (HQ) team,

I noticed that ANDRIEA MALAYSIA (HQ) is involved in artificial grass, artificial grass installation, and artificial grass supply. It seems you have a clear focus on your business, and I wanted to reach out in a simple way.

I am writing from Chinee Artificial Grass. We work with international partners in a practical and consistent way, with attention to clear communication and long-term cooperation. If helpful, you can also take a quick look at our website here: https://china-artificial-grass.com/

I thought it could still make sense to introduce ourselves in case there is ever a reason to connect in the future.

Best regards,
Chinee Artificial Grass
https://china-artificial-grass.com/","artificial grass, artificial grass installation, and artificial grass supply",
2026-04-25 09:27:27,Perfect Turf,info@perfectturf.com.my,发送成功,Quick note on your artificial grass and sports landscaping,"Hi Perfect Turf team,

I noticed that Perfect Turf is involved in artificial grass and sports landscaping. It seems you have a clear focus on your business, and I wanted to reach out in a simple way.

I am writing from Chinee Artificial Grass. We work with international partners in a practical and consistent way, with attention to clear communication and long-term cooperation. If helpful, you can also take a quick look at our website here: https://china-artificial-grass.com/

I thought it could still make sense to introduce ourselves in case there is ever a reason to connect in the future.

Best regards,
Chinee Artificial Grass
https://china-artificial-grass.com/",artificial grass and sports landscaping,
2026-04-25 09:28:28,Life,info@paramountgrass.com,发送成功,Quick note on your artificial grass,"Hi Life team,

I noticed that Life is involved in artificial grass. It seems you have a clear focus on your business, and I wanted to reach out in a simple way.

I am writing from Chinee Artificial Grass. We work with international partners in a practical and consistent way, with attention to clear communication and long-term cooperation. If helpful, you can also take a quick look at our website here: https://china-artificial-grass.com/

I thought it could still make sense to introduce ourselves in case there is ever a reason to connect in the future.

Best regards,
Chinee Artificial Grass
https://china-artificial-grass.com/",artificial grass,
2026-04-25 09:29:29,Greenscapers Landscape – Landscape Company in Malaysia,greenscaperslandscape@hotmail.com,发送成功,"Quick note on your artificial grass, artificial grass installation, and artificial grass supply","Hi Greenscapers Landscape – Landscape Company in Malaysia team,

I noticed that Greenscapers Landscape – Landscape Company in Malaysia is involved in artificial grass, artificial grass installation, and artificial grass supply. It seems you have a clear focus on your business, and I wanted to reach out in a simple way.

I am writing from Chinee Artificial Grass. We work with international partners in a practical and consistent way, with attention to clear communication and long-term cooperation. If helpful, you can also take a quick look at our website here: https://china-artificial-grass.com/

I thought it could still make sense to introduce ourselves in case there is ever a reason to connect in the future.

Best regards,
Chinee Artificial Grass
https://china-artificial-grass.com/","artificial grass, artificial grass installation, and artificial grass supply",
2026-04-25 09:30:30,Elegant Grass,billy.elegantgrass@gmail.com,发送成功,"Quick note on your artificial grass, artificial grass supply, and artificial grass wholesale","Hi Elegant Grass team,

I noticed that Elegant Grass is involved in artificial grass, artificial grass supply, and artificial grass wholesale. It seems you have a clear focus on your business, and I wanted to reach out in a simple way.

I am writing from Chinee Artificial Grass. We work with international partners in a practical and consistent way, with attention to clear communication and long-term cooperation. If helpful, you can also take a quick look at our website here: https://china-artificial-grass.com/

I thought it could still make sense to introduce ourselves in case there is ever a reason to connect in the future.

Best regards,
Chinee Artificial Grass
https://china-artificial-grass.com/","artificial grass, artificial grass supply, and artificial grass wholesale",
2026-04-25 09:31:31,AH NURSEARY & LANDSCAPE,hasibulislambadsha@gmail.com,发送成功,Quick note on your artificial grass and landscaping solutions,"Hi AH NURSEARY & LANDSCAPE team,

I noticed that AH NURSEARY & LANDSCAPE is involved in artificial grass and landscaping solutions. It seems you have a clear focus on your business, and I wanted to reach out in a simple way.

I am writing from Chinee Artificial Grass. We work with international partners in a practical and consistent way, with attention to clear communication and long-term cooperation. If helpful, you can also take a quick look at our website here: https://china-artificial-grass.com/

I thought it could still make sense to introduce ourselves in case there is ever a reason to connect in the future.

Best regards,
Chinee Artificial Grass
https://china-artificial-grass.com/",artificial grass and landscaping solutions,
2026-04-25 09:32:31,SunEnergy Floral,sefloral2013@gmail.com,发送成功,"Quick note on your artificial grass, artificial grass installation, and artificial grass supply","Hi SunEnergy Floral team,

I noticed that SunEnergy Floral is involved in artificial grass, artificial grass installation, and artificial grass supply. It seems you have a clear focus on your business, and I wanted to reach out in a simple way.

I am writing from Chinee Artificial Grass. We work with international partners in a practical and consistent way, with attention to clear communication and long-term cooperation. If helpful, you can also take a quick look at our website here: https://china-artificial-grass.com/

I thought it could still make sense to introduce ourselves in case there is ever a reason to connect in the future.

Best regards,
Chinee Artificial Grass
https://china-artificial-grass.com/","artificial grass, artificial grass installation, and artificial grass supply",
2026-04-25 09:33:32,The Garden & Landsca,garden.landscape.guys@gmail.com,发送成功,"Quick note on your artificial grass, artificial grass installation, and artificial grass supply","Hi The Garden & Landsca team,

I noticed that The Garden & Landsca is involved in artificial grass, artificial grass installation, and artificial grass supply. It seems you have a clear focus on your business, and I wanted to reach out in a simple way.

I am writing from Chinee Artificial Grass. We work with international partners in a practical and consistent way, with attention to clear communication and long-term cooperation. If helpful, you can also take a quick look at our website here: https://china-artificial-grass.com/

I thought it could still make sense to introduce ourselves in case there is ever a reason to connect in the future.

Best regards,
Chinee Artificial Grass
https://china-artificial-grass.com/","artificial grass, artificial grass installation, and artificial grass supply",
2026-04-27 11:44:09,Legend of Master International,2676303855@qq.com,发送失败,,,quality-focused production,"(550, b'5.7.1 \xce\xaa\xb7\xc0\xd6\xb9\xc0\xfb\xd3\xc3\xb1\xbe\xcf\xb5\xcd\xb3\xb7\xa2\xc0\xac\xbb\xf8,\xc7\xeb\xd5\xfd\xc8\xb7\xc5\xe4\xd6\xc3\xc4\xfa\xb5\xc4\xbf\xcd\xbb\xa7\xb6\xcb,\xb5\xe7\xd7\xd3\xd3\xca\xbc\xfe\xb5\xd8\xd6\xb7\xd2\xaa\xc7\xf3\xba\xcd\xc4\xfa\xd5\xe6\xca\xb5\xca\xb9\xd3\xc3\xb5\xc4\xb7\xa2\xcb\xcd\xd3\xca\xbc\xfe\xb5\xd8\xd6\xb7\xd2\xbb\xd6\xc2!\xc7\xeb\xbc\xec\xb2\xe9\xc5\xe4\xd6\xc3\xa3\xa1 id=69EEDB8A.000', 'Tianz Meat Co.')"
2026-04-27 11:46:01,Legend of Master International,15607938197qi@gmail.com,发送失败,,,quality-focused production,"(550, b'5.7.1 \xce\xaa\xb7\xc0\xd6\xb9\xc0\xfb\xd3\xc3\xb1\xbe\xcf\xb5\xcd\xb3\xb7\xa2\xc0\xac\xbb\xf8,\xc7\xeb\xd5\xfd\xc8\xb7\xc5\xe4\xd6\xc3\xc4\xfa\xb5\xc4\xbf\xcd\xbb\xa7\xb6\xcb,\xb5\xe7\xd7\xd3\xd3\xca\xbc\xfe\xb5\xd8\xd6\xb7\xd2\xaa\xc7\xf3\xba\xcd\xc4\xfa\xd5\xe6\xca\xb5\xca\xb9\xd3\xc3\xb5\xc4\xb7\xa2\xcb\xcd\xd3\xca\xbc\xfe\xb5\xd8\xd6\xb7\xd2\xbb\xd6\xc2!\xc7\xeb\xbc\xec\xb2\xe9\xc5\xe4\xd6\xc3\xa3\xa1 id=69EEDBFA.002', 'Tianz Meat Co.')"
2026-04-27 11:49:59,Legend of Master International,15607938197qi@gmail.com,发送成功,Quick note on your quality-focused production,"Hi Legend of Master International team,

I noticed from your company profile that Legend of Master International is connected with quality-focused production. That kind of work usually requires steady product support, clear communication, and partners who understand how different projects and markets can vary, so I wanted to introduce ourselves in a respectful way.

I am writing from Tianz Meat Co. Ltd. We support overseas partners with practical cooperation, stable follow-up, and solutions that can be discussed according to each market's needs. You can also learn more here: china-meats.com

If there is ever a suitable opportunity in the future, we would be glad to exchange more details and see whether our work could be useful for your business. No pressure at all, just keeping the door open for possible cooperation.

Best regards,
Jessie Li
Tianz Meat Co. Ltd
china-meats.com",quality-focused production,
